Code,Script,Glottocode,Name,Notes,Family,Subfamily_1,Subfamily_2,Full_Classification,Minimal Full Classification,Language,Code_orig,Sentences,Script_Name,Script_Type,Script_Tier,Bytes_Per_Char,cc_pages,cc_urls,prem_raw_entropy_t_1.1904,prem_raw_entropy_t_1.3340,prem_raw_entropy_t_1.4946,prem_raw_entropy_t_1.7988,prem_raw_monotonicity_t_0.2359,prem_raw_monotonicity_t_0.3662,prem_raw_monotonicity_t_0.5928,prem_raw_monotonicity_t_0.9496,prem_raw_combined_t_0.2359,prem_raw_combined_t_0.3662,prem_raw_combined_t_0.5928,prem_raw_combined_t_0.9496,prem_norm_entropy_t_0.4072,prem_norm_entropy_t_0.5293,prem_norm_entropy_t_0.7222,prem_norm_entropy_t_1.0371,prem_norm_monotonicity_t_0.2480,prem_norm_monotonicity_t_0.3887,prem_norm_monotonicity_t_0.6260,prem_norm_monotonicity_t_1.0039,prem_norm_combined_t_0.2480,prem_norm_combined_t_0.3887,prem_norm_combined_t_0.6260,prem_norm_combined_t_1.0039
ace,Arab,achi1257,Acehnese (Jawi script),,Austronesian,Malayo-Polynesian,Malayo-Chamic,Austronesian > Malayo-Polynesian > Malayo-Chamic > Aceh-Chamic,Austronesian > Malayo-Chamic > Aceh-Chamic,Acehnese (Arabic),ace_Arab,997,Arabic,Abjad,2,2 bytes,,,4.2523,4.3088,4.1916,3.5704,2.2668,2.1972,1.923,1.2878,3.3436,3.051,2.453,1.4266,1.8149,1.7782,1.6654,1.3614,2.4399,2.497,2.4986,2.3513,2.2594,2.2654,2.2265,2.0155
ace,Latn,achi1257,Acehnese (Latin script),,Austronesian,Malayo-Polynesian,Malayo-Chamic,Austronesian > Malayo-Polynesian > Malayo-Chamic > Aceh-Chamic,Austronesian > Malayo-Chamic > Aceh-Chamic,Acehnese (Latin),ace_Latn,997,Latin,Alphabet,1,1 byte,,,3.2572,3.5138,3.8007,4.0405,1.5792,1.5611,1.467,1.1501,2.3088,2.144,1.8476,1.2641,1.4335,1.3439,1.15,0.8867,1.6207,1.6353,1.5915,1.4248,1.605,1.5749,1.4919,1.2603
acm,Arab,meso1252,Mesopotamian Arabic,,Afro-Asiatic,Semitic,West Semitic,Afro-Asiatic > Semitic > West Semitic > Central Semitic > Arabian > Arabic > Eastern Arabic,Afro-Asiatic > Semitic > Central Semitic > Arabian > Eastern Arabic,Mesopotamian Arabic,acm_Arab,997,Arabic,Abjad,2,2 bytes,,,3.1574,3.0437,2.8928,2.8157,2.457,2.5049,2.4195,2.0955,3.3995,3.3034,3.0612,2.3227,1.9811,2.0179,1.9941,1.6322,2.548,2.6649,2.7755,2.807,2.7269,2.7642,2.7832,2.6947
acq,Arab,taiz1242,Taʽizzi-Adeni Arabic,,Afro-Asiatic,Semitic,West Semitic,Afro-Asiatic > Semitic > West Semitic > Central Semitic > Arabian > Arabic > Arabian Peninsula Arabic,Afro-Asiatic > Semitic > Central Semitic > Arabian > Arabian Peninsula Arabic,Taizzi-Adeni Arabic,acq_Arab,997,Arabic,Abjad,2,2 bytes,,,3.1684,3.0502,2.905,2.8431,2.4774,2.5308,2.4491,2.1307,3.4193,3.3319,3.0946,2.3608,2.0012,2.0451,2.0244,1.6444,2.5682,2.6888,2.8044,2.8419,2.7702,2.8083,2.831,2.7389
aeb,Arab,tuni1259,Tunisian Arabic,,Afro-Asiatic,Semitic,West Semitic,Afro-Asiatic > Semitic > West Semitic > Central Semitic > Arabian > Arabic > North African Arabic > Western Middle Arabic > Maghrebi > Malta-Tunisian Arabic,Afro-Asiatic > Semitic > Central Semitic > Arabian > North African Arabic > Malta-Tunisian Arabic,Tunisian Arabic,aeb_Arab,997,Arabic,Abjad,2,2 bytes,,,3.0904,2.9786,2.8501,2.8062,2.4286,2.479,2.3998,2.08,3.3532,3.2658,3.0295,2.3059,1.962,2.0083,1.9885,1.6086,2.5162,2.633,2.7441,2.7753,2.7184,2.7563,2.7805,2.6783
afr,Latn,afri1274,Afrikaans,,Indo-European,Classical Indo-European,Germanic,Indo-European > Classical Indo-European > Germanic > Northwest Germanic > West Germanic > Macro-Dutch > Middle-Modern Dutch > Modern Dutch > Global Dutch > Afrikaansic,Indo-European > Germanic > West Germanic > Macro-Dutch > Afrikaansic,Afrikaans,afr_Latn,997,Latin,Alphabet,1,1 byte,20215994,20131887,2.6786,2.7863,2.8672,2.7953,1.4896,1.4955,1.4673,1.3906,2.0864,1.9793,1.7952,1.5086,1.2588,1.214,1.136,1.0782,1.4935,1.5014,1.4768,1.4067,1.4511,1.44,1.4001,1.2779
als,Latn,tosk1239,Albanian (Tosk),,Indo-European,Classical Indo-European,Albanian,Indo-European > Classical Indo-European > Albanian > Albanian-Tosk,Indo-European > Albanian,Tosk Albanian,als_Latn,997,Latin,Alphabet,1,1 byte,84761612,84375408,3.6327,3.9687,4.3982,5.116,1.7293,1.689,1.5501,1.2291,2.5322,2.3173,1.9394,1.341,1.5973,1.4348,1.1555,0.8918,1.76,1.7381,1.6398,1.3764,1.633,1.5675,1.4136,1.0396
amh,Ethi,amha1245,Amharic,,Afro-Asiatic,Semitic,West Semitic,Afro-Asiatic > Semitic > West Semitic > Ethiosemitic > South Ethiopic > Amharic-Argobba,Afro-Asiatic > Semitic > Ethiosemitic > South Ethiopic,Amharic,amh_Ethi,997,Ethiopic,Abugida,3,3 bytes,5733709,5702512,3.8319,4.1487,4.5825,4.6357,3.6937,4.0118,4.4737,4.872,5.5485,5.6196,5.698,5.3894,1.9267,2.0321,2.2026,2.3578,3.6738,3.976,4.2864,4.0933,2.7603,2.8135,2.8446,2.5995
apc,Arab,nort3139,Levantine Arabic (North),,Afro-Asiatic,Semitic,West Semitic,Afro-Asiatic > Semitic > West Semitic > Central Semitic > Arabian > Arabic > Levantine-Cypriot Arabic,Afro-Asiatic > Semitic > Central Semitic > Arabian > Levantine-Cypriot Arabic,North Levantine Arabic,apc_Arab_nort3139,997,Arabic,Abjad,2,2 bytes,,,3.0496,2.94,2.7993,2.7246,2.3417,2.3915,2.3165,1.9899,3.2706,3.1797,2.9451,2.2076,1.9052,1.9409,1.9089,1.5406,2.4275,2.5453,2.6578,2.6967,2.6193,2.6557,2.6778,2.5924
apc,Arab,sout3123,Levantine Arabic (South),,Afro-Asiatic,Semitic,West Semitic,Afro-Asiatic > Semitic > West Semitic > Central Semitic > Arabian > Arabic > Levantine-Cypriot Arabic > Levantine Arabic,Afro-Asiatic > Semitic > Central Semitic > Arabian > Levantine-Cypriot Arabic > Levantine Arabic,South Levantine Arabic,apc_Arab_sout3123,997,Arabic,Abjad,2,2 bytes,,,3.0102,2.8935,2.7594,2.7091,2.3434,2.3859,2.307,1.9738,3.2394,3.1486,2.919,2.193,1.8965,1.9361,1.9142,1.5502,2.427,2.5418,2.6442,2.67,2.6115,2.6471,2.6698,2.5771
arb,Arab,stan1318,Modern Standard Arabic,,Afro-Asiatic,Semitic,West Semitic,Afro-Asiatic > Semitic > West Semitic > Central Semitic > Arabian > Arabic,Afro-Asiatic > Semitic > Central Semitic > Arabian,Modern Standard Arabic,arb_Arab,997,Arabic,Abjad,2,2 bytes,1258479625,1251265891,3.1714,3.0543,2.9149,2.8746,2.5104,2.5685,2.4837,2.1705,3.4467,3.3631,3.1298,2.4041,2.0182,2.0656,2.0491,1.6778,2.5963,2.7222,2.8344,2.8686,2.8004,2.8389,2.8632,2.7718
arb,Latn,stan1318,Modern Standard Arabic (Romanized),,Afro-Asiatic,Semitic,West Semitic,Afro-Asiatic > Semitic > West Semitic > Central Semitic > Arabian > Arabic,Afro-Asiatic > Semitic > Central Semitic > Arabian,Modern Standard Arabic (Latin),arb_Latn,997,Latin,Alphabet,1,1 byte,1258479625,1251265891,3.6946,4.0166,4.4025,4.9498,1.6884,1.6546,1.5296,1.2392,2.5368,2.3224,1.9521,1.3666,1.5659,1.4745,1.2733,0.9351,1.7523,1.7637,1.7162,1.5714,1.672,1.6185,1.5047,1.277
arg,Latn,arag1245,Aragonese,,Indo-European,Classical Indo-European,Italic,Indo-European > Classical Indo-European > Italic > Latino-Faliscan > Latinic > Imperial Latin > Romance > Italo-Western Romance > Western Romance > Unshifted Western Romance,Indo-European > Italic > Italo-Western Romance > Western Romance > Unshifted Western Romance,Aragonese,arg_Latn,997,Latin,Alphabet,1,1 byte,,,2.3408,2.3598,2.3745,2.1977,1.594,1.5767,1.4941,1.3516,1.9311,1.8491,1.6818,1.4274,1.3901,1.3529,1.2993,1.2061,1.5979,1.5827,1.5067,1.3699,1.5202,1.4955,1.4232,1.2751
ars,Arab,najd1235,Najdi Arabic,,Afro-Asiatic,Semitic,West Semitic,Afro-Asiatic > Semitic > West Semitic > Central Semitic > Arabian > Arabic > Arabian Peninsula Arabic > North Arabian Beduin Arabic,Afro-Asiatic > Semitic > Central Semitic > Arabian > Arabian Peninsula Arabic > North Arabian Beduin Arabic,Najdi Arabic,ars_Arab,997,Arabic,Abjad,2,2 bytes,,,3.1777,3.0587,2.9166,2.8795,2.514,2.5702,2.4867,2.1695,3.4523,3.3669,3.1344,2.4033,2.02,2.0687,2.0512,1.6835,2.6007,2.725,2.8381,2.8711,2.8026,2.8401,2.8648,2.7725
ary,Arab,moro1292,Moroccan Arabic,,Afro-Asiatic,Semitic,West Semitic,Afro-Asiatic > Semitic > West Semitic > Central Semitic > Arabian > Arabic > North African Arabic > Western Middle Arabic > Maghrebi,Afro-Asiatic > Semitic > Central Semitic > Arabian > North African Arabic,Moroccan Arabic,ary_Arab,997,Arabic,Abjad,2,2 bytes,,,3.1798,3.0441,2.8998,2.8562,2.4501,2.501,2.4371,2.1045,3.4128,3.3211,3.0872,2.3353,1.9856,2.0274,2.0054,1.6187,2.5377,2.6628,2.7803,2.8421,2.7432,2.7836,2.8135,2.7319
arz,Arab,egyp1253,Egyptian Arabic,,Afro-Asiatic,Semitic,West Semitic,Afro-Asiatic > Semitic > West Semitic > Central Semitic > Arabian > Arabic > Egyptic Arabic > Egypto-Sudanic Arabic,Afro-Asiatic > Semitic > Central Semitic > Arabian > Egyptic Arabic,Egyptian Arabic,arz_Arab,997,Arabic,Abjad,2,2 bytes,,,3.1406,3.014,2.8728,2.822,2.451,2.5103,2.438,2.0973,3.3914,3.3121,3.0843,2.327,1.9857,2.0337,2.0198,1.6274,2.5368,2.6638,2.7912,2.844,2.76,2.801,2.8329,2.7494
asm,Beng,assa1263,Assamese,,Indo-European,Classical Indo-European,Indo-Iranian,Indo-European > Classical Indo-European > Indo-Iranian > Indo-Aryan > Middle-Modern Indo-Aryan > Continental Indo-Aryan > Indo-Aryan Eastern zone > Oriya-Gauda-Kamrupa > Gauda-Kamrupa > Kamrupa > Eastern Kamrupa,Indo-European > Indo-Iranian > Indo-Aryan > Middle-Modern Indo-Aryan > Continental Indo-Aryan > Indo-Aryan Eastern zone > Gauda-Kamrupa > Kamrupa,Assamese,asm_Beng,997,Bengali,Abugida,3,3 bytes,3459776,3447449,2.8838,3.0425,3.2727,3.5746,3.7159,3.8053,3.88,3.8368,4.1717,4.2536,4.3548,4.1756,2.5631,2.6663,2.7793,2.8181,3.6761,3.7413,3.7526,3.6765,3.6614,3.7455,3.8835,3.9376
ast,Latn,astu1245,Asturian,,Indo-European,Classical Indo-European,Italic,Indo-European > Classical Indo-European > Italic > Latino-Faliscan > Latinic > Imperial Latin > Romance > Italo-Western Romance > Western Romance > Shifted Western Romance > Southwestern Shifted Romance > West Ibero-Romance > Asturo-Leonese,Indo-European > Italic > Italo-Western Romance > Western Romance > Shifted Western Romance > Southwestern Shifted Romance > West Ibero-Romance > Asturo-Leonese,Asturian,ast_Latn,997,Latin,Alphabet,1,1 byte,,,2.0699,2.0946,2.1077,1.9631,1.4099,1.3973,1.3191,1.2079,1.6984,1.6253,1.4818,1.2755,1.2331,1.1977,1.1439,1.0699,1.4084,1.3924,1.3142,1.2039,1.3307,1.3099,1.2446,1.1269
awa,Deva,awad1243,Awadhi,,Indo-European,Classical Indo-European,Indo-Iranian,Indo-European > Classical Indo-European > Indo-Iranian > Indo-Aryan > Middle-Modern Indo-Aryan > Continental Indo-Aryan > Midlands Indo-Aryan > Shaurasenic > Eastern Hindi > Awadhic,Indo-European > Indo-Iranian > Indo-Aryan > Middle-Modern Indo-Aryan > Continental Indo-Aryan > Midlands Indo-Aryan > Shaurasenic > Eastern Hindi > Awadhic,Awadhi,awa_Deva,997,Devanagari,Abugida,3,3 bytes,,,2.7088,2.8772,3.101,3.3127,3.5601,3.7241,3.7741,3.7317,3.9524,4.0319,4.1732,4.0875,2.5193,2.6225,2.6969,2.7519,3.5301,3.6704,3.541,3.5606,3.5994,3.6825,3.8191,3.8481
ayr,Latn,cent2142,Central Aymara,,Aymaran,Central-Southern Aymara,,Aymaran > Central-Southern Aymara,Aymaran,Central Aymara,ayr_Latn,997,Latin,Alphabet,1,1 byte,,,3.2541,3.5233,3.856,4.3262,1.5355,1.4728,1.3209,1.0448,2.2655,2.0351,1.6667,1.1471,1.4689,1.3462,1.0759,0.6858,1.5923,1.5688,1.4721,1.2852,1.5257,1.4463,1.2922,1.0476
azb,Arab,sout2697,South Azerbaijani,,Turkic,Common Turkic,Oghuz,Turkic > Common Turkic > Oghuz > Nuclear Oghuz > Central Oghuz,Turkic > Common Turkic > Oghuz > Central Oghuz,South Azerbaijani,azb_Arab,997,Arabic,Abjad,2,2 bytes,101494110,101070335,4.4207,4.4416,4.2987,2.9541,2.2303,2.0508,1.676,1.1419,3.2,2.7562,2.0599,1.2245,1.9047,1.7156,1.4812,1.1706,2.5023,2.4877,2.367,2.1134,2.038,1.9696,1.8095,1.485
azj,Latn,nort2697,North Azerbaijani,,Turkic,Common Turkic,Oghuz,Turkic > Common Turkic > Oghuz > Nuclear Oghuz > Central Oghuz,Turkic > Common Turkic > Oghuz > Central Oghuz,North Azerbaijani,azj_Latn,997,Latin,Alphabet,1,1 byte,101494110,101070335,3.6134,3.9334,4.3384,4.9706,1.8225,1.8321,1.797,1.6767,2.722,2.5521,2.2783,1.8445,1.737,1.5716,1.2463,0.8725,1.8198,1.8258,1.7879,1.6618,1.6209,1.543,1.3946,1.0932
bak,Cyrl,bash1264,Bashkir,,Turkic,Common Turkic,Kipchak-Turkestan,Turkic > Common Turkic > Kipchak-Turkestan > Kipchak > Northwest Kipchak > North Kipchak > Bashkiric,Turkic > Common Turkic > Kipchak-Turkestan > Kipchak > Northwest Kipchak > North Kipchak,Bashkir,bak_Cyrl,997,Cyrillic,Alphabet,2,2 bytes,3656842,3651302,5.0666,5.2255,5.3175,4.8376,2.7475,2.6548,2.3199,1.5942,3.9372,3.5863,2.8892,1.7446,2.2091,2.1024,1.9011,1.5252,2.8993,2.917,2.8113,2.4397,2.5081,2.4608,2.3119,1.9047
bam,Latn,bamb1269,Bambara,,Mande,Western Mande,Manding-Kpelle,Mande > Western Mande > Manding-Kpelle > Central Mande > Manding-Jogo > Manding-Vai > Manding-Mokole > Manding > East Manding,Mande,Bambara,bam_Latn,997,Latin,Alphabet,1,1 byte,,,3.3486,3.6602,4.0544,4.7023,1.4978,1.4253,1.2359,0.8872,2.2553,2.0028,1.5765,0.9784,1.3848,1.3004,1.135,0.8364,1.5699,1.5574,1.458,1.2281,1.5158,1.454,1.3099,1.016
ban,Latn,bali1278,Balinese,,Austronesian,Malayo-Polynesian,Bali-Sasak-Sumbawa,Austronesian > Malayo-Polynesian > Bali-Sasak-Sumbawa,Austronesian > Bali-Sasak-Sumbawa,Balinese,ban_Latn,997,Latin,Alphabet,1,1 byte,,,3.2263,3.4374,3.6426,3.6927,1.6346,1.6347,1.5507,1.247,2.3471,2.2001,1.9179,1.3559,1.4319,1.3447,1.1673,0.9285,1.6715,1.693,1.6676,1.5027,1.6425,1.6207,1.5521,1.3304
bel,Cyrl,bela1254,Belarusian,,Indo-European,Classical Indo-European,Balto-Slavic,Indo-European > Classical Indo-European > Balto-Slavic > Slavic > East Slavic,Indo-European > Balto-Slavic > Slavic > East Slavic,Belarusian,bel_Cyrl,997,Cyrillic,Alphabet,2,2 bytes,33213142,33052697,3.1944,3.0173,2.8025,2.3002,3.2498,3.2355,2.996,2.2642,3.6041,3.5336,3.3129,2.4403,2.2457,2.1909,2.0877,1.9262,3.3998,3.4827,3.4957,3.2405,2.8683,2.8842,2.8798,2.7569
bem,Latn,bemb1257,Bemba,,Atlantic-Congo,Volta-Congo,Benue-Congo,Atlantic-Congo > Volta-Congo > Benue-Congo > Bantoid > Southern Bantoid > Narrow Bantu > East Bantu > Sabi > Malungu-Central Sabi > Central Sabi > Bemba (M.40),Atlantic-Congo > Volta-Congo > Benue-Congo > Bantoid > East Bantu > Sabi,Bemba,bem_Latn,997,Latin,Alphabet,1,1 byte,,,3.8209,4.1311,4.5005,4.8762,1.8848,1.8587,1.6696,1.1726,2.8155,2.5927,2.1208,1.2898,1.6211,1.5229,1.3059,0.9501,1.952,1.9769,1.918,1.6321,1.862,1.8277,1.7095,1.3502
ben,Beng,beng1280,Bengali,,Indo-European,Classical Indo-European,Indo-Iranian,Indo-European > Classical Indo-European > Indo-Iranian > Indo-Aryan > Middle-Modern Indo-Aryan > Continental Indo-Aryan > Indo-Aryan Eastern zone > Oriya-Gauda-Kamrupa > Gauda-Kamrupa > Gauda-Banga,Indo-European > Indo-Iranian > Indo-Aryan > Middle-Modern Indo-Aryan > Continental Indo-Aryan > Indo-Aryan Eastern zone > Gauda-Kamrupa > Gauda-Banga,Bengali,ben_Beng,997,Bengali,Abugida,3,3 bytes,177892101,177246797,2.9035,3.0569,3.2642,3.5115,3.7497,3.8601,3.9182,3.8023,4.2106,4.2947,4.3963,4.1404,2.5815,2.6685,2.7678,2.8232,3.7149,3.802,3.7859,3.6391,3.6688,3.754,3.8928,3.9034
bho,Deva,bhoj1244,Bhojpuri,,Indo-European,Classical Indo-European,Indo-Iranian,Indo-European > Classical Indo-European > Indo-Iranian > Indo-Aryan > Middle-Modern Indo-Aryan > Continental Indo-Aryan > Midlands Indo-Aryan > Shaurasenic > Bihari > Magadhan > Bhojpuric,Indo-European > Indo-Iranian > Indo-Aryan > Middle-Modern Indo-Aryan > Continental Indo-Aryan > Midlands Indo-Aryan > Shaurasenic > Bihari > Bhojpuric,Bhojpuri,bho_Deva,997,Devanagari,Abugida,3,3 bytes,,,2.6525,2.8187,3.0418,3.2227,3.5028,3.6612,3.673,3.6278,3.8764,3.9542,4.0941,3.9656,2.4736,2.5657,2.6319,2.7208,3.475,3.6107,3.4365,3.4645,3.5168,3.5982,3.7302,3.7383
bjn,Arab,banj1239,Banjar (Jawi script),,Austronesian,Malayo-Polynesian,Malayo-Chamic,Austronesian > Malayo-Polynesian > Malayo-Chamic > Malayic > Nuclear Malayic > East Borneo Malay > Banjar-Berau-Brunei Malay > Banjar-Bukit Malay,Austronesian > Malayo-Chamic > Malayic > East Borneo Malay,Banjar (Arabic),bjn_Arab,997,Arabic,Abjad,2,2 bytes,,,4.5113,4.4417,4.1323,3.3464,2.5103,2.4527,2.183,1.4745,3.6589,3.382,2.7771,1.6281,2.0192,2.0007,1.9257,1.5851,2.7098,2.7908,2.8367,2.7705,2.6479,2.6712,2.6608,2.4611
bjn,Latn,banj1239,Banjar (Latin script),,Austronesian,Malayo-Polynesian,Malayo-Chamic,Austronesian > Malayo-Polynesian > Malayo-Chamic > Malayic > Nuclear Malayic > East Borneo Malay > Banjar-Berau-Brunei Malay > Banjar-Bukit Malay,Austronesian > Malayo-Chamic > Malayic > East Borneo Malay,Banjar (Latin),bjn_Latn,997,Latin,Alphabet,1,1 byte,,,2.8359,2.9446,3.0227,2.9816,1.5704,1.5869,1.555,1.3427,2.206,2.1021,1.9028,1.4529,1.3343,1.28,1.1439,0.9198,1.5894,1.6208,1.616,1.4975,1.5743,1.5631,1.5184,1.3527
bod,Tibt,utsa1239,Lhasa Tibetan,,Sino-Tibetan,Bodic,Bodish,Sino-Tibetan > Bodic > Bodish > Early Old Tibetan > Middle Old Tibetan > Late Old Tibetan > Central Tibetan > Tibetan > Ü,Sino-Tibetan > Bodic > Central Tibetan,Tibetan,bod_Tibt,997,Tibetan,Abugida,3,3 bytes,2687733,2676577,3.3433,3.461,3.7562,4.5008,5.484,5.575,5.5402,5.1383,4.7579,4.8544,5.0232,5.2616,2.9477,3.1881,3.5944,4.2933,5.2191,5.15,4.6229,4.5382,4.3781,4.4788,4.6463,4.9132
bos,Latn,bosn1245,Bosnian,,Indo-European,Classical Indo-European,Balto-Slavic,Indo-European > Classical Indo-European > Balto-Slavic > Slavic > South Slavic > Western South Slavic > Serbian-Croatian-Bosnian > Shtokavski > New Shtokavian > Eastern Herzegovinian Shtokavian,Indo-European > Balto-Slavic > Slavic > South Slavic > Western South Slavic > Serbian-Croatian-Bosnian,Bosnian,bos_Latn,997,Latin,Alphabet,1,1 byte,89749135,89368171,2.5481,2.6262,2.6832,2.6256,1.4344,1.4215,1.3591,1.2611,1.9417,1.8248,1.6275,1.3592,1.2282,1.1797,1.1,0.9813,1.4426,1.4328,1.3807,1.2903,1.3039,1.2832,1.2288,1.1252
brx,Deva,bodo1269,Bodo,dev only,Sino-Tibetan,Brahmaputran,Bodo-Garo,Sino-Tibetan > Brahmaputran > Bodo-Garo > Boroic > Tiwa-Boro > Bodo-Mech-Kachari,Sino-Tibetan > Brahmaputran > Bodo-Garo,Bodo,brx_Deva,997,Devanagari,Abugida,3,3 bytes,,,3.1403,3.3111,3.5853,3.8204,3.8709,4.0488,4.2091,4.2932,4.5523,4.6462,4.8127,4.7013,2.8702,2.9783,3.0556,3.0438,3.8408,4.0045,4.0271,4.1198,4.0968,4.1927,4.3506,4.4379
bug,Latn,bugi1244,Buginese,,Austronesian,Malayo-Polynesian,Greater South Sulawesi,Austronesian > Malayo-Polynesian > Greater South Sulawesi > South Sulawesi > Tamanic-Bugis > Bugis,Austronesian > Greater South Sulawesi,Buginese,bug_Latn,997,Latin,Alphabet,1,1 byte,,,3.314,3.5762,3.8693,4.1519,1.6566,1.6378,1.507,1.1481,2.4308,2.2481,1.8927,1.2581,1.4167,1.3185,1.0946,0.8538,1.6977,1.7077,1.6471,1.4161,1.5959,1.5634,1.4587,1.1808
bul,Cyrl,bulg1262,Bulgarian,,Indo-European,Classical Indo-European,Balto-Slavic,Indo-European > Classical Indo-European > Balto-Slavic > Slavic > South Slavic > Eastern South Slavic > Macedo-Bulgarian,Indo-European > Balto-Slavic > Slavic > South Slavic > Eastern South Slavic,Bulgarian,bul_Cyrl,997,Cyrillic,Alphabet,2,2 bytes,565391748,562504908,1.7453,1.595,1.4692,1.2673,2.6396,2.5636,2.2617,1.6687,2.0729,2.0631,2.0056,1.6307,1.8137,1.7623,1.6637,1.5461,2.786,2.7831,2.6906,2.3373,2.2789,2.2842,2.2668,2.0914
cat,Latn,stan1289,Catalan,,Indo-European,Classical Indo-European,Italic,Indo-European > Classical Indo-European > Italic > Latino-Faliscan > Latinic > Imperial Latin > Romance > Italo-Western Romance > Western Romance > Shifted Western Romance > Southwestern Shifted Romance,Indo-European > Italic > Italo-Western Romance > Western Romance > Shifted Western Romance > Southwestern Shifted Romance,Catalan,cat_Latn,997,Latin,Alphabet,1,1 byte,437938570,434641260,2.0484,2.0599,2.0642,1.9043,1.4346,1.4202,1.358,1.2542,1.6682,1.6028,1.4812,1.3094,1.2948,1.2643,1.2185,1.1514,1.4364,1.4204,1.3607,1.2587,1.3618,1.3413,1.2877,1.1923
ceb,Latn,cebu1242,Cebuano,,Austronesian,Malayo-Polynesian,Greater Central Philippine,Austronesian > Malayo-Polynesian > Greater Central Philippine > Central Philippine > Bisayan,Austronesian > Greater Central Philippine > Bisayan,Cebuano,ceb_Latn,997,Latin,Alphabet,1,1 byte,4026407,4021798,3.3032,3.4687,3.6028,3.696,1.7329,1.7654,1.7364,1.5289,2.5552,2.4434,2.1992,1.682,1.6449,1.6037,1.471,1.0556,1.7535,1.802,1.8111,1.6893,1.9238,1.9015,1.8198,1.5698
ces,Latn,czec1258,Czech,,Indo-European,Classical Indo-European,Balto-Slavic,Indo-European > Classical Indo-European > Balto-Slavic > Slavic > West Slavic > Czech-Slovak,Indo-European > Balto-Slavic > Slavic > West Slavic > Czech-Slovak,Czech,ces_Latn,997,Latin,Alphabet,1,1 byte,2097546956,2080674183,2.1699,2.215,2.2656,2.2558,1.432,1.4281,1.3912,1.3016,1.6827,1.6205,1.5179,1.3475,1.3231,1.2955,1.2156,1.0576,1.4189,1.4072,1.3581,1.2505,1.2507,1.2265,1.1814,1.0874
chv,Cyrl,chuv1255,Chuvash,,Turkic,Bolgar,,Turkic > Bolgar,Turkic > Bolgar,Chuvash,chv_Cyrl,997,Cyrillic,Alphabet,2,2 bytes,,,5.0877,5.1838,5.2167,4.7414,2.8375,2.7875,2.5134,1.8801,4.0586,3.7656,3.1438,2.0679,2.2772,2.2171,2.0746,1.7142,2.9662,3.002,2.9329,2.6137,2.6465,2.6235,2.5248,2.2031
cjk,Latn,chok1245,Chokwe,,Atlantic-Congo,Volta-Congo,Benue-Congo,Atlantic-Congo > Volta-Congo > Benue-Congo > Bantoid > Southern Bantoid > Narrow Bantu > Central-Western Bantu > Njila > Southern Njila > Chokwe-Lunda > Chokwe-Ngangela-Nyemba (K.20) > Chokwe-Lwena,Atlantic-Congo > Volta-Congo > Benue-Congo > Bantoid > Central-Western Bantu > Njila > Southern Njila > Chokwe-Lunda,Chokwe,cjk_Latn,997,Latin,Alphabet,1,1 byte,,,3.3685,3.639,3.948,4.1751,1.6892,1.6683,1.518,1.0978,2.5153,2.3211,1.9272,1.2077,1.4333,1.3499,1.1746,0.8515,1.7475,1.7784,1.7317,1.5143,1.6641,1.6413,1.5419,1.2593
ckb,Arab,cent1972,Central Kurdish,,Indo-European,Classical Indo-European,Indo-Iranian,Indo-European > Classical Indo-European > Indo-Iranian > Iranian-Nuristani > Iranian > Central Iranian PBS > Central Iranian PB > Northwestern Iranian > Laki-Kurdish > Kurdish,Indo-European > Indo-Iranian > Iranian-Nuristani > Central Iranian PBS,Central Kurdish,ckb_Arab,997,Arabic,Abjad,2,2 bytes,12098280,12051123,5.6281,5.9227,6.0021,4.4616,2.3331,2.0426,1.4676,0.7616,3.4371,2.8127,1.8439,0.8363,1.9928,1.8235,1.6248,1.318,2.7907,2.7611,2.6024,2.2621,2.2478,2.1986,2.0349,1.652
cmn,Hans,beij1234,Mandarin Chinese (Standard Beijing),,Sino-Tibetan,Sinitic,Classical-Middle-Modern Sinitic,Sino-Tibetan > Sinitic > Classical-Middle-Modern Sinitic > Middle-Modern Sinitic > Northern Chinese > Mandarinic > Mandarin Chinese > Beijingic,Sino-Tibetan > Sinitic > Northern Chinese,Chinese (Simplified),cmn_Hans,997,Han (Simplified),Logographic,3,3 bytes,10899511187,10856245131,2.3267,2.4688,2.6116,2.6028,1.5005,1.551,1.5771,1.5231,2.1349,2.0794,1.9575,1.6664,1.1021,1.0409,0.9686,0.8978,1.4907,1.5336,1.5459,1.4504,1.2229,1.2232,1.1934,1.0072
cmn,Hant,taib1240,Mandarin Chinese (Taiwanese),,Sino-Tibetan,Sinitic,Classical-Middle-Modern Sinitic,Sino-Tibetan > Sinitic > Classical-Middle-Modern Sinitic > Middle-Modern Sinitic > Northern Chinese > Mandarinic > Mandarin Chinese > Beijingic,Sino-Tibetan > Sinitic > Northern Chinese,Chinese (Traditional),cmn_Hant,997,Han (Traditional),Logographic,3,3 bytes,10899511187,10856245131,2.2918,2.44,2.5991,2.6023,1.4699,1.5181,1.5518,1.5357,2.1165,2.0541,1.9357,1.6814,0.9984,0.9542,0.9134,0.8874,1.4593,1.4984,1.5186,1.4567,1.1545,1.1618,1.1499,1.0083
crh,Latn,crim1257,Crimean Tatar,,Turkic,Common Turkic,Kipchak-Turkestan,Turkic > Common Turkic > Kipchak-Turkestan > Kipchak > Northwest Kipchak > West Kipchak > Crimean Tatar-Urum > Crimeaic,Turkic > Common Turkic > Kipchak-Turkestan > Kipchak > Northwest Kipchak > West Kipchak,Crimean Tatar,crh_Latn,997,Latin,Alphabet,1,1 byte,,,3.1975,3.4349,3.7091,3.9449,1.6602,1.6751,1.6471,1.4641,2.4307,2.2916,2.0573,1.5961,1.4848,1.3609,1.1194,0.8385,1.6703,1.691,1.6777,1.528,1.4728,1.4324,1.3567,1.1208
cym,Latn,wels1247,Welsh,,Indo-European,Classical Indo-European,Celtic,Indo-European > Classical Indo-European > Celtic > Nuclear Celtic > Core Celtic > Insular Celtic > Brythonic > Old-Modern Welsh,Indo-European > Celtic > Brythonic,Welsh,cym_Latn,997,Latin,Alphabet,1,1 byte,20737905,20624391,3.4669,3.8075,4.2547,5.0615,1.3435,1.2558,1.0708,0.8024,2.0328,1.7703,1.3696,0.8838,1.289,1.1314,0.9294,0.796,1.4614,1.4218,1.3372,1.1679,1.3375,1.2982,1.2102,0.9965
dan,Latn,dani1285,Danish,,Indo-European,Classical Indo-European,Germanic,Indo-European > Classical Indo-European > Germanic > Northwest Germanic > North Germanic > South Scandinavian,Indo-European > Germanic > North Germanic > South Scandinavian,Danish,dan_Latn,997,Latin,Alphabet,1,1 byte,880593500,873291872,2.2725,2.3387,2.3873,2.275,1.3562,1.3493,1.3049,1.2565,1.7588,1.6773,1.5408,1.3481,1.2351,1.1824,1.0988,1.0217,1.3495,1.3393,1.2906,1.2363,1.2697,1.2492,1.2052,1.1301
dar,Cyrl,darg1241,Dargwa,dev only,Nakh-Daghestanian,Daghestanian,Dargwic,Nakh-Daghestanian > Daghestanian > Dargwic,Nakh-Daghestanian,Dargwa,dar_Cyrl,997,Cyrillic,Alphabet,2,2 bytes,,,4.5474,4.467,4.2972,3.5915,3.3387,3.342,3.1164,2.3671,4.5131,4.3181,3.8051,2.6009,2.5108,2.4561,2.3603,2.0522,3.4786,3.5914,3.632,3.4312,3.2162,3.2307,3.1864,2.9349
deu,Latn,stan1295,German,,Indo-European,Classical Indo-European,Germanic,Indo-European > Classical Indo-European > Germanic > Northwest Germanic > West Germanic > High German > Upper German > Middle-Modern High German > Modern High German > Upper Franconian > Global German,Indo-European > Germanic > West Germanic > High German > Upper German,German,deu_Latn,997,Latin,Alphabet,1,1 byte,11072171606,10978241043,1.7376,1.7282,1.7187,1.6559,1.409,1.4091,1.3887,1.3769,1.5353,1.508,1.4691,1.4058,1.2679,1.2487,1.2128,1.1572,1.3847,1.3724,1.3328,1.2926,1.3145,1.3006,1.2797,1.2451
dgo,Deva,dogr1250,Dogri,dev only,Indo-European,Classical Indo-European,Indo-Iranian,Indo-European > Classical Indo-European > Indo-Iranian > Indo-Aryan > Middle-Modern Indo-Aryan > Eastern Dardic > Himachali > Kangric-Chamealic-Bhattiyali > Kangri-Dogri,Indo-European > Indo-Iranian > Indo-Aryan > Middle-Modern Indo-Aryan > Eastern Dardic > Himachali,Dogri,dgo_Deva,997,Devanagari,Abugida,3,3 bytes,,,2.9211,3.082,3.3022,3.5352,3.8001,3.9498,3.9482,3.9369,4.234,4.3182,4.4622,4.3144,2.6704,2.7696,2.8622,2.9007,3.7641,3.8909,3.7231,3.762,3.8008,3.889,4.0315,4.0697
dik,Latn,sout2832,Southwestern Dinka,,Nilotic,Western Nilotic,Dinka-Nuer,Nilotic > Western Nilotic > Dinka-Nuer > Dinka,Nilotic > Dinka-Nuer > Dinka,Southwestern Dinka,dik_Latn,997,Latin,Alphabet,1,1 byte,,,3.0495,3.3324,3.6959,4.3256,1.3969,1.369,1.2429,0.9469,2.0907,1.9122,1.5793,1.0396,1.3297,1.2574,1.1004,0.7784,1.4335,1.4376,1.3732,1.1759,1.463,1.4152,1.2898,1.0017
dyu,Latn,dyul1238,Dyula,,Mande,Western Mande,Manding-Kpelle,Mande > Western Mande > Manding-Kpelle > Central Mande > Manding-Jogo > Manding-Vai > Manding-Mokole > Manding > East Manding,Mande,Dyula,dyu_Latn,997,Latin,Alphabet,1,1 byte,,,3.3697,3.6739,4.0571,4.608,1.5958,1.5469,1.3704,0.9458,2.3824,2.158,1.7423,1.0408,1.366,1.2695,1.0966,0.89,1.6661,1.6626,1.5874,1.3375,1.5715,1.5335,1.4258,1.1374
dzo,Tibt,dzon1239,Dzongkha,,Sino-Tibetan,Bodic,Bodish,Sino-Tibetan > Bodic > Bodish > Early Old Tibetan > Middle Old Tibetan > Late Old Tibetan > Southern Tibetic > Dzongkhic > Nuclear Dzongkhic,Sino-Tibetan > Bodic > Southern Tibetic,Dzongkha,dzo_Tibt,997,Tibetan,Abugida,3,3 bytes,208006,207770,3.6849,3.7781,4.0888,4.8836,6.4359,6.5428,6.4029,5.7465,5.2209,5.3278,5.5101,5.7779,3.1972,3.4595,3.9013,4.654,6.1287,6.0036,5.2487,4.9853,4.7875,4.9014,5.0882,5.3797
ekk,Latn,esto1258,Estonian,,Uralic,Finnic,Coastal Finnic,Uralic > Finnic > Coastal Finnic > Neva > Central Finnic,Uralic > Finnic > Central Finnic,Estonian,ekk_Latn,997,Latin,Alphabet,1,1 byte,270383021,268165050,3.1488,3.4233,3.7633,4.2342,1.3842,1.3248,1.181,0.895,2.0683,1.8485,1.5006,0.9873,1.2775,1.1357,0.8857,0.7138,1.4544,1.4397,1.3673,1.1938,1.31,1.2634,1.1733,0.9736
ell,Grek,mode1248,Greek,,Indo-European,Classical Indo-European,Graeco-Phrygian,Indo-European > Classical Indo-European > Graeco-Phrygian > Greek > South Greek > Central Greek > Koineic Greek > Modern Koineic Greek > Nuclear Modern Greek,Indo-European > Graeco-Phrygian,Greek,ell_Grek,997,Greek,Alphabet,2,2 bytes,1086923125,1081601897,3.7598,3.6273,3.4894,2.8845,3.3971,3.5025,3.4908,3.0883,4.3649,4.3176,4.1162,3.3801,2.4182,2.3327,2.1604,1.7926,3.4804,3.6401,3.7981,3.779,3.1183,3.1707,3.2287,3.2213
eng,Latn,stan1293,English,,Indo-European,Classical Indo-European,Germanic,Indo-European > Classical Indo-European > Germanic > Northwest Germanic > West Germanic > North Sea Germanic > Anglo-Frisian > Anglic > Later Anglic > Middle-Modern English > Macro-English,Indo-European > Germanic > West Germanic > North Sea Germanic,English,eng_Latn,997,Latin,Alphabet,1,1 byte,88502069080,87766779120,1.0,1.0,1.0,1.0,1.0,1.0,1.0,1.0,1.0,1.0,1.0,1.0,1.0,1.0,1.0,1.0,1.0,1.0,1.0,1.0,1.0,1.0,1.0,1.0
epo,Latn,espe1235,Esperanto,,Artificial Language,Esperantic,,Artificial Language > Esperantic,Artificial Language > Esperantic,Esperanto,epo_Latn,997,Latin,Alphabet,1,1 byte,16488806,16428426,3.059,3.3034,3.5922,3.9319,1.4546,1.436,1.3341,1.0778,2.1435,1.9809,1.68,1.1867,1.2542,1.1634,1.0091,0.8834,1.4897,1.4933,1.4444,1.2677,1.3786,1.3613,1.299,1.0911
eus,Latn,basq1248,Basque,,Isolate,,,Isolate,Isolate,Basque,eus_Latn,997,Latin,Alphabet,1,1 byte,64561327,63938667,3.3492,3.6607,4.0524,4.6207,1.4443,1.3858,1.2287,0.8962,2.1583,1.9339,1.5625,0.9853,1.3384,1.1851,0.9112,0.7495,1.5192,1.5048,1.4248,1.2333,1.3758,1.3329,1.2387,1.0198
ewe,Latn,ewee1241,Ewe,,Atlantic-Congo,Volta-Congo,Kwa Volta-Congo,Atlantic-Congo > Volta-Congo > Kwa Volta-Congo > Gbe > Western Gbe > Eweic,Atlantic-Congo > Volta-Congo > Kwa Volta-Congo > Gbe > Western Gbe,Ewe,ewe_Latn,997,Latin,Alphabet,1,1 byte,,,3.427,3.7464,4.1577,4.8976,1.5028,1.4292,1.2304,0.9191,2.2588,2.0024,1.5696,1.0139,1.4651,1.3738,1.1891,0.8271,1.5664,1.5346,1.4129,1.1701,1.4992,1.4161,1.2365,0.9225
fao,Latn,faro1244,Faroese,,Indo-European,Classical Indo-European,Germanic,Indo-European > Classical Indo-European > Germanic > Northwest Germanic > North Germanic > West Scandinavian > Icelandic-Faroese,Indo-European > Germanic > North Germanic > West Scandinavian > Icelandic-Faroese,Faroese,fao_Latn,997,Latin,Alphabet,1,1 byte,8203838,8160846,3.3525,3.6408,4.0015,4.51,1.5011,1.4249,1.2649,1.0129,2.2381,1.9863,1.6029,1.1125,1.3788,1.2383,1.0074,0.8352,1.5631,1.5305,1.4231,1.2376,1.3943,1.3383,1.2229,1.0059
fij,Latn,fiji1243,Fijian,,Austronesian,Malayo-Polynesian,Eastern Malayo-Polynesian,Austronesian > Malayo-Polynesian > Eastern Malayo-Polynesian > Oceanic > Central Pacific linkage > Tokalau Fijian > Eastern Fijian > Nuclear Eastern Fijian > Viwa-Lomaiviti-East Viti Levu,Austronesian > Eastern Malayo-Polynesian > Eastern Fijian,Fijian,fij_Latn,997,Latin,Alphabet,1,1 byte,191398,189932,3.5596,3.8225,4.1299,4.453,1.8646,1.8496,1.7062,1.2981,2.7828,2.5793,2.1655,1.4225,1.5734,1.4962,1.3181,1.0215,1.9125,1.9397,1.8865,1.6436,1.8783,1.8448,1.7285,1.3994
fil,Latn,fili1244,Filipino,,Austronesian,Malayo-Polynesian,Greater Central Philippine,Austronesian > Malayo-Polynesian > Greater Central Philippine > Central Philippine > Tagalogic > Tagalog-Filipino,Austronesian > Greater Central Philippine > Tagalogic,Filipino,fil_Latn,997,Latin,Alphabet,1,1 byte,,,3.4066,3.5415,3.6558,3.7393,1.802,1.8421,1.8298,1.6541,2.6581,2.5465,2.3134,1.8205,1.7132,1.6754,1.5405,1.0983,1.8223,1.8772,1.9002,1.812,2.0341,2.0159,1.9459,1.7196
fin,Latn,finn1318,Finnish,,Uralic,Finnic,Coastal Finnic,Uralic > Finnic > Coastal Finnic > Neva > North Finnic > Nuclear Finnish,Uralic > Finnic > North Finnic,Finnish,fin_Latn,997,Latin,Alphabet,1,1 byte,754585351,748584150,2.5497,2.6358,2.7208,2.6411,1.4947,1.4705,1.3867,1.2514,1.9331,1.8106,1.6072,1.326,1.3782,1.296,1.1503,0.9201,1.5076,1.49,1.4184,1.3036,1.3563,1.3092,1.2189,1.0864
fon,Latn,fonn1241,Fon,,Atlantic-Congo,Volta-Congo,Kwa Volta-Congo,Atlantic-Congo > Volta-Congo > Kwa Volta-Congo > Gbe > Eastern Gbe > Fongbeic,Atlantic-Congo > Volta-Congo > Kwa Volta-Congo > Gbe > Eastern Gbe,Fon,fon_Latn,997,Latin,Alphabet,1,1 byte,,,4.009,4.3757,4.8511,5.6979,1.7272,1.6606,1.4772,1.168,2.5909,2.3257,1.8807,1.2866,1.7047,1.6085,1.4197,1.0036,1.7907,1.7618,1.6514,1.4193,1.7068,1.617,1.4404,1.1209
fra,Latn,stan1290,French,,Indo-European,Classical Indo-European,Italic,Indo-European > Classical Indo-European > Italic > Latino-Faliscan > Latinic > Imperial Latin > Romance > Italo-Western Romance > Western Romance > Shifted Western Romance > Northwestern Shifted Romance > Gallo-Rhaetian > Oil > Central Oil > Macro-French > Global French,Indo-European > Italic > Italo-Western Romance > Western Romance > Shifted Western Romance > Northwestern Shifted Romance > Gallo-Rhaetian > Global French,French,fra_Latn,997,Latin,Alphabet,1,1 byte,8938152817,8869369439,1.6512,1.6313,1.6158,1.514,1.3848,1.3833,1.3428,1.2827,1.4162,1.3931,1.3542,1.2954,1.3587,1.3397,1.2991,1.2383,1.3826,1.3772,1.3329,1.2728,1.295,1.2826,1.2581,1.2222
fur,Latn,east2271,Friulian,,Indo-European,Classical Indo-European,Italic,Indo-European > Classical Indo-European > Italic > Latino-Faliscan > Latinic > Imperial Latin > Romance > Italo-Western Romance > Italo-Dalmatian > Italian Romance > Friulian,Indo-European > Italic > Italo-Western Romance > Italo-Dalmatian > Italian Romance > Friulian,Friulian,fur_Latn,997,Latin,Alphabet,1,1 byte,,,3.0565,3.2093,3.3477,3.3007,1.5789,1.5677,1.4684,1.2283,2.2288,2.0845,1.7996,1.3403,1.3655,1.3143,1.2175,1.0966,1.6058,1.6124,1.5561,1.3782,1.5182,1.5043,1.444,1.2371
fuv,Latn,nige1253,Nigerian Fulfulde,,Atlantic-Congo,North-Central Atlantic,Fula-Sereer,Atlantic-Congo > North-Central Atlantic > Fula-Sereer > Fula > Eastern Fula,Atlantic-Congo > North-Central Atlantic > Fula-Sereer,Nigerian Fulfulde,fuv_Latn,997,Latin,Alphabet,1,1 byte,,,2.9952,3.2554,3.5658,3.9527,1.4847,1.4709,1.3675,1.0288,2.2006,2.0426,1.7292,1.1268,1.2607,1.1994,1.077,0.8657,1.5274,1.5432,1.5066,1.3153,1.4885,1.4605,1.3804,1.1272
gaz,Latn,west2721,West Central Oromo,,Afro-Asiatic,Cushitic,East Cushitic,Afro-Asiatic > Cushitic > East Cushitic > Lowland East Cushitic > Southern Lowland East Cushitic > Mainstream Lowland East Cushitic > Oromoid > Nuclear Oromo,Afro-Asiatic > Cushitic > Oromoid,West Central Oromo,gaz_Latn,997,Latin,Alphabet,1,1 byte,927830,923231,3.8256,4.1665,4.5645,5.0239,1.7482,1.7189,1.5813,1.1631,2.5985,2.3887,2.0013,1.2773,1.5653,1.4319,1.1464,0.8329,1.8273,1.8493,1.8191,1.6571,1.6835,1.655,1.5694,1.3454
gla,Latn,scot1245,Scottish Gaelic,,Indo-European,Classical Indo-European,Celtic,Indo-European > Classical Indo-European > Celtic > Nuclear Celtic > Core Celtic > Insular Celtic > Goidelic > Modern Goidelic > Eastern Goidelic,Indo-European > Celtic > Goidelic > Eastern Goidelic,Scottish Gaelic,gla_Latn,997,Latin,Alphabet,1,1 byte,2973293,2962154,4.0934,4.4712,4.9503,5.7412,1.7665,1.6966,1.5034,1.0885,2.6365,2.3744,1.9164,1.2016,1.6645,1.535,1.2815,0.9584,1.8561,1.8502,1.7652,1.5496,1.7482,1.7065,1.5872,1.2983
gle,Latn,iris1253,Irish,,Indo-European,Classical Indo-European,Celtic,Indo-European > Classical Indo-European > Celtic > Nuclear Celtic > Core Celtic > Insular Celtic > Goidelic > Modern Goidelic,Indo-European > Celtic > Goidelic,Irish,gle_Latn,997,Latin,Alphabet,1,1 byte,12046808,11970817,3.9726,4.3439,4.8213,5.6094,1.6361,1.5594,1.3553,0.9571,2.4688,2.1935,1.7331,1.0552,1.5352,1.4039,1.174,0.9321,1.7521,1.7387,1.6639,1.4697,1.6406,1.6013,1.5055,1.2464
glg,Latn,gali1258,Galician,,Indo-European,Classical Indo-European,Italic,Indo-European > Classical Indo-European > Italic > Latino-Faliscan > Latinic > Imperial Latin > Romance > Italo-Western Romance > Western Romance > Shifted Western Romance > Southwestern Shifted Romance > West Ibero-Romance > Galician Romance,Indo-European > Italic > Italo-Western Romance > Western Romance > Shifted Western Romance > Southwestern Shifted Romance > West Ibero-Romance > Galician Romance,Galician,glg_Latn,997,Latin,Alphabet,1,1 byte,70206749,69830421,2.115,2.1229,2.1174,1.9774,1.4555,1.4378,1.3625,1.2469,1.6892,1.6191,1.4892,1.2964,1.3021,1.2746,1.2268,1.1631,1.4517,1.431,1.3559,1.2354,1.3573,1.3359,1.2782,1.1648
gom,Deva,goan1235,Goan Konkani,dev only,Indo-European,Classical Indo-European,Indo-Iranian,Indo-European > Classical Indo-European > Indo-Iranian > Indo-Aryan > Middle-Modern Indo-Aryan > Continental Indo-Aryan > Indo-Aryan Southern zone > Marathic > Marathi-Konkani,Indo-European > Indo-Iranian > Indo-Aryan > Middle-Modern Indo-Aryan > Continental Indo-Aryan > Indo-Aryan Southern zone,Goan Konkani,gom_Deva,997,Devanagari,Abugida,3,3 bytes,,,2.8311,2.9824,3.212,3.391,3.5521,3.6897,3.7787,3.8067,4.1038,4.1855,4.3335,4.176,2.5774,2.6583,2.7219,2.7943,3.5205,3.6371,3.6016,3.6368,3.6524,3.7377,3.8752,3.9312
gug,Latn,para1311,Paraguayan Guaraní,,Tupian,Eastern Tupian,Maweti-Guarani,Tupian > Eastern Tupian > Maweti-Guarani > Aweti-Guarani > Tupi-Guarani > Southern Tupi-Guarani > Tupi-Guarani Subgroup I > Tupi-Guarani Subgroup I.A > Paraguay-Brazil Guarani,Tupian,Paraguayan Guaraní,gug_Latn,997,Latin,Alphabet,1,1 byte,,,3.2904,3.5788,3.9404,4.5038,1.5488,1.4663,1.2683,0.9358,2.2506,1.996,1.58,1.0231,1.4551,1.3316,1.0824,0.7688,1.5979,1.5528,1.4058,1.137,1.4786,1.4006,1.2297,0.9286
guj,Gujr,guja1252,Gujarati,,Indo-European,Classical Indo-European,Indo-Iranian,Indo-European > Classical Indo-European > Indo-Iranian > Indo-Aryan > Middle-Modern Indo-Aryan > Continental Indo-Aryan > Midlands Indo-Aryan > Apabhramsic > Gujarati-Rajasthani > Gujaratic,Indo-European > Indo-Iranian > Indo-Aryan > Middle-Modern Indo-Aryan > Continental Indo-Aryan > Midlands Indo-Aryan > Apabhramsic,Gujarati,guj_Gujr,997,Gujarati,Abugida,3,3 bytes,20627706,20505300,2.8245,3.0336,3.3372,3.694,3.8313,3.9585,4.0436,3.9024,4.1765,4.2583,4.3696,4.2084,2.6046,2.6924,2.7047,2.8053,3.7747,3.8627,3.8431,3.5637,3.6965,3.7824,3.9236,3.8252
hat,Latn,hait1244,Haitian Creole,,Indo-European,Classical Indo-European,Italic,Indo-European > Classical Indo-European > Italic > Latino-Faliscan > Latinic > Imperial Latin > Romance > Italo-Western Romance > Western Romance > Shifted Western Romance > Northwestern Shifted Romance > Gallo-Rhaetian > Oil > Central Oil > Macro-French > Circum-Caribbean French,Indo-European > Italic > Italo-Western Romance > Western Romance > Shifted Western Romance > Northwestern Shifted Romance > Gallo-Rhaetian > Circum-Caribbean French,Haitian Creole,hat_Latn,997,Latin,Alphabet,1,1 byte,3318663,3308474,2.9951,3.2639,3.6011,4.1255,1.3451,1.3177,1.2074,0.9197,2.0223,1.8515,1.544,1.0183,1.1533,1.0671,0.9384,0.8711,1.3968,1.4055,1.3692,1.2144,1.3342,1.3263,1.2816,1.088
hau,Latn,haus1257,Hausa,,Afro-Asiatic,Chadic,West Chadic,Afro-Asiatic > Chadic > West Chadic > West Chadic A > West Chadic A.1,Afro-Asiatic > Chadic,Hausa,hau_Latn,997,Latin,Alphabet,1,1 byte,4487502,4460085,3.4406,3.7359,4.0897,4.5089,1.7294,1.725,1.6133,1.195,2.5813,2.409,2.0522,1.3143,1.4293,1.3574,1.2205,1.0043,1.7787,1.8063,1.7784,1.5684,1.6642,1.6397,1.5565,1.2876
heb,Hebr,hebr1245,Hebrew,,Afro-Asiatic,Semitic,West Semitic,Afro-Asiatic > Semitic > West Semitic > Central Semitic > Northwest Semitic > Canaanite > Hebrewic,Afro-Asiatic > Semitic > Central Semitic > Northwest Semitic,Hebrew,heb_Hebr,997,Hebrew,Abjad,2,2 bytes,461968429,458572341,2.431,2.5389,2.7781,3.3498,2.271,2.4651,2.7832,3.3403,3.4023,3.463,3.5732,3.7148,2.1374,2.2925,2.4689,2.2166,2.259,2.4519,2.7513,3.2506,3.164,3.2355,3.3544,3.499
hin,Deva,hind1269,Hindi,,Indo-European,Classical Indo-European,Indo-Iranian,Indo-European > Classical Indo-European > Indo-Iranian > Indo-Aryan > Middle-Modern Indo-Aryan > Continental Indo-Aryan > Midlands Indo-Aryan > Shaurasenic > Indo-Aryan Central zone > Western Hindi > Hindustani,Indo-European > Indo-Iranian > Indo-Aryan > Middle-Modern Indo-Aryan > Continental Indo-Aryan > Midlands Indo-Aryan > Shaurasenic > Indo-Aryan Central zone,Hindi,hin_Deva,997,Devanagari,Abugida,3,3 bytes,297818592,296664138,2.705,2.845,3.0352,3.1726,3.628,3.7678,3.7704,3.626,3.9004,3.9763,4.1148,3.9575,2.5008,2.5911,2.6492,2.7297,3.5999,3.7192,3.5517,3.4769,3.553,3.6346,3.7663,3.7423
hne,Deva,chha1249,Chhattisgarhi,,Indo-European,Classical Indo-European,Indo-Iranian,Indo-European > Classical Indo-European > Indo-Iranian > Indo-Aryan > Middle-Modern Indo-Aryan > Continental Indo-Aryan > Midlands Indo-Aryan > Shaurasenic > Eastern Hindi,Indo-European > Indo-Iranian > Indo-Aryan > Middle-Modern Indo-Aryan > Continental Indo-Aryan > Midlands Indo-Aryan > Shaurasenic > Eastern Hindi,Chhattisgarhi,hne_Deva,997,Devanagari,Abugida,3,3 bytes,,,2.6651,2.8344,3.0586,3.2453,3.4873,3.6315,3.6598,3.6757,3.9045,3.9844,4.1258,4.0176,2.4812,2.5757,2.6411,2.7301,3.4551,3.5737,3.433,3.4958,3.5353,3.6171,3.7511,3.771
hrv,Latn,croa1245,Croatian,,Indo-European,Classical Indo-European,Balto-Slavic,Indo-European > Classical Indo-European > Balto-Slavic > Slavic > South Slavic > Western South Slavic > Serbian-Croatian-Bosnian > Shtokavski > New Shtokavian > Eastern Herzegovinian Shtokavian,Indo-European > Balto-Slavic > Slavic > South Slavic > Western South Slavic > Serbian-Croatian-Bosnian,Croatian,hrv_Latn,997,Latin,Alphabet,1,1 byte,398007249,395925092,2.4978,2.5689,2.6236,2.5574,1.4034,1.3926,1.3285,1.2277,1.9003,1.7871,1.5881,1.3208,1.1942,1.1515,1.068,0.9543,1.4117,1.402,1.3487,1.2582,1.2674,1.2456,1.1939,1.0899
hun,Latn,hung1274,Hungarian,,Uralic,Hungaric,,Uralic > Hungaric,Uralic > Hungaric,Hungarian,hun_Latn,997,Latin,Alphabet,1,1 byte,1075637261,1069342197,2.4332,2.4709,2.4857,2.3215,1.5559,1.5593,1.5238,1.4399,2.0062,1.9144,1.7534,1.5168,1.3799,1.3333,1.247,1.097,1.5559,1.5585,1.5229,1.4372,1.4503,1.422,1.3509,1.2264
hye,Armn,nucl1235,Armenian,,Indo-European,Classical Indo-European,Armenic,Indo-European > Classical Indo-European > Armenic > Eastern-Western Armenian,Indo-European > Armenic,Armenian,hye_Armn,997,Armenian,Alphabet,2,2 bytes,65590629,65263010,4.8234,4.8211,4.888,4.9006,3.3615,3.5378,3.7613,4.0277,4.9155,4.8899,4.8023,4.4797,2.6325,2.7399,2.8148,2.4641,3.3593,3.5367,3.7568,4.0214,3.7361,3.8097,3.9093,3.9351
ibo,Latn,nucl1417,Igbo,,Atlantic-Congo,Volta-Congo,Benue-Congo,Atlantic-Congo > Volta-Congo > Benue-Congo > Igboid > Nuclear Igboid > Central-Northern Igbo,Atlantic-Congo > Volta-Congo > Benue-Congo > Igboid,Igbo,ibo_Latn,997,Latin,Alphabet,1,1 byte,1053902,1050050,3.5502,3.8639,4.2738,4.9767,1.6838,1.6464,1.5144,1.2841,2.4751,2.2698,1.9077,1.4112,1.6504,1.5172,1.2693,0.9146,1.7106,1.6923,1.5941,1.4018,1.7066,1.6425,1.4774,1.1753
ilo,Latn,ilok1237,Ilocano,,Austronesian,Malayo-Polynesian,Northern Luzon,Austronesian > Malayo-Polynesian > Northern Luzon,Austronesian > Northern Luzon,Ilocano,ilo_Latn,997,Latin,Alphabet,1,1 byte,,,3.6347,3.9026,4.1816,4.4379,1.7951,1.7855,1.6502,1.288,2.6475,2.4675,2.0829,1.4165,1.6271,1.5441,1.3358,0.9349,1.8487,1.8771,1.8352,1.6214,1.8703,1.8415,1.7253,1.4046
ind,Latn,indo1316,Indonesian,,Austronesian,Malayo-Polynesian,Malayo-Chamic,Austronesian > Malayo-Polynesian > Malayo-Chamic > Malayic > Nuclear Malayic > Standard Malay-Indonesian,Austronesian > Malayo-Chamic > Malayic > Standard Malay-Indonesian,Indonesian,ind_Latn,997,Latin,Alphabet,1,1 byte,1734815027,1724070898,2.0487,2.0395,2.0262,1.973,1.4391,1.4261,1.3639,1.2449,1.7353,1.66,1.5178,1.3036,1.2649,1.247,1.2038,1.0961,1.4221,1.3979,1.3223,1.1867,1.3885,1.3686,1.3094,1.1669
isl,Latn,icel1247,Icelandic,,Indo-European,Classical Indo-European,Germanic,Indo-European > Classical Indo-European > Germanic > Northwest Germanic > North Germanic > West Scandinavian > Icelandic-Faroese,Indo-European > Germanic > North Germanic > West Scandinavian > Icelandic-Faroese,Icelandic,isl_Latn,997,Latin,Alphabet,1,1 byte,77405745,76854819,3.4301,3.7461,4.1436,4.7418,1.4688,1.3842,1.2033,0.9255,2.206,1.9403,1.5305,1.0171,1.3761,1.2146,0.9676,0.7582,1.5595,1.5264,1.4257,1.2359,1.3521,1.2956,1.1756,0.9556
ita,Latn,ital1282,Italian,,Indo-European,Classical Indo-European,Italic,Indo-European > Classical Indo-European > Italic > Latino-Faliscan > Latinic > Imperial Latin > Romance > Italo-Western Romance > Italo-Dalmatian > Italian Romance > Central Italian Romance,Indo-European > Italic > Italo-Western Romance > Italo-Dalmatian > Italian Romance > Central Italian Romance,Italian,ita_Latn,997,Latin,Alphabet,1,1 byte,4769480161,4737665600,1.878,1.8417,1.8028,1.683,1.4432,1.4119,1.3258,1.2236,1.5559,1.4998,1.4017,1.2638,1.3091,1.2869,1.2558,1.2068,1.4433,1.4106,1.3274,1.2226,1.3329,1.3115,1.2618,1.1775
jav,Latn,java1254,Javanese,,Austronesian,Malayo-Polynesian,Javanesic,Austronesian > Malayo-Polynesian > Javanesic > Modern Javanese > Global Javanese,Austronesian > Javanesic,Javanese,jav_Latn,997,Latin,Alphabet,1,1 byte,4250233,4240636,3.0225,3.2238,3.4171,3.4815,1.5413,1.548,1.4931,1.2275,2.2337,2.1052,1.8624,1.3418,1.328,1.2631,1.1138,0.8872,1.5713,1.5998,1.5902,1.4597,1.5761,1.5648,1.5115,1.3106
jpn,Jpan,nucl1643,Japanese,,Japonic,Japanesic,Japan-Taiwan Japanese,Japonic > Japanesic > Japan-Taiwan Japanese,Japonic,Japanese,jpn_Jpan,997,Japanese,Logographic,3,3 bytes,9870174960,9822995554,1.9134,1.8888,1.9254,1.8456,1.8852,1.8668,1.7539,1.5501,1.9049,1.8757,1.8126,1.6119,1.4402,1.4255,1.3331,1.1252,1.8817,1.8582,1.7369,1.5277,1.5736,1.5613,1.533,1.4165
kab,Latn,kaby1243,Kabyle,,Afro-Asiatic,Berber,Kabyle-Atlas Berber,Afro-Asiatic > Berber > Kabyle-Atlas Berber,Afro-Asiatic > Berber > Kabyle-Atlas Berber,Kabyle,kab_Latn,997,Latin,Alphabet,1,1 byte,,,3.4282,3.7648,4.1957,4.9932,1.4533,1.398,1.2406,0.9557,2.2038,1.976,1.5931,1.0596,1.3733,1.2394,1.0151,0.7502,1.5338,1.5229,1.4554,1.2898,1.4292,1.3808,1.2704,1.0417
kac,Latn,kach1280,Jingpho,,Sino-Tibetan,Brahmaputran,Jingpho-Luish,Sino-Tibetan > Brahmaputran > Jingpho-Luish > Jingpho,Sino-Tibetan > Brahmaputran > Jingpho-Luish,Jingpho,kac_Latn,997,Latin,Alphabet,1,1 byte,,,3.803,4.0952,4.4234,4.6668,1.9377,1.9448,1.8316,1.4277,2.8742,2.7028,2.3272,1.5746,1.6889,1.6394,1.5015,1.1307,1.9868,2.0335,2.0108,1.8018,2.0545,2.035,1.9326,1.6133
kam,Latn,kamb1297,Kamba,,Atlantic-Congo,Volta-Congo,Benue-Congo,Atlantic-Congo > Volta-Congo > Benue-Congo > Bantoid > Southern Bantoid > Narrow Bantu > East Bantu > Northeast Savanna Bantu > Central Kenya Bantu > Kamba-Dhaisu,Atlantic-Congo > Volta-Congo > Benue-Congo > Bantoid > East Bantu > Northeast Savanna Bantu > Central Kenya Bantu > Kamba-Dhaisu,Kamba,kam_Latn,997,Latin,Alphabet,1,1 byte,,,3.1754,3.4477,3.7769,4.2,1.4937,1.4541,1.3016,0.9663,2.2311,2.0295,1.6557,1.0623,1.3229,1.2342,1.047,0.7834,1.5584,1.5595,1.4939,1.3011,1.476,1.4339,1.3261,1.0763
kan,Knda,nucl1305,Kannada,,Dravidian,South Dravidian,South Dravidian I,Dravidian > South Dravidian > South Dravidian I > Tamil-Kannada > Badaga-Kannada > Kannadoid > Nuclear Kannaoid,Dravidian > South Dravidian I > Badaga-Kannada,Kannada,kan_Knda,997,Kannada,Abugida,3,3 bytes,23282397,23203388,3.301,3.4011,3.6246,4.0018,4.3525,4.4329,4.4106,4.2952,4.5865,4.6665,4.7533,4.5859,2.8236,2.9415,3.1061,3.251,4.2904,4.3307,4.2106,4.0669,4.0381,4.13,4.2713,4.3105
kas,Arab,kash1277,Kashmiri (Arabic script),,Indo-European,Classical Indo-European,Indo-Iranian,Indo-European > Classical Indo-European > Indo-Iranian > Indo-Aryan > Middle-Modern Indo-Aryan > Eastern Dardic > Kashmiric,Indo-European > Indo-Iranian > Indo-Aryan > Middle-Modern Indo-Aryan > Eastern Dardic > Kashmiric,Kashmiri (Arabic),kas_Arab,997,Arabic,Abjad,2,2 bytes,6537,6503,5.0497,5.1625,5.0665,3.4914,2.3947,2.2191,1.7734,1.0523,3.4997,3.0365,2.2211,1.1593,1.7824,1.7013,1.6246,1.4513,2.7012,2.7183,2.6507,2.4053,2.2142,2.2005,2.1129,1.8296
kas,Deva,kash1277,Kashmiri (Devanagari script),,Indo-European,Classical Indo-European,Indo-Iranian,Indo-European > Classical Indo-European > Indo-Iranian > Indo-Aryan > Middle-Modern Indo-Aryan > Eastern Dardic > Kashmiric,Indo-European > Indo-Iranian > Indo-Aryan > Middle-Modern Indo-Aryan > Eastern Dardic > Kashmiric,Kashmiri (Devanagari),kas_Deva,997,Devanagari,Abugida,3,3 bytes,6537,6503,2.6817,2.8632,3.1245,3.3934,3.4175,3.5916,3.6637,3.7096,3.8919,3.9662,4.1004,4.0648,2.4891,2.5959,2.6698,2.7143,3.387,3.5399,3.3938,3.5399,3.5243,3.6024,3.7319,3.8216
kat,Geor,nucl1302,Georgian,,Kartvelian,Georgian-Zan,Georgic,Kartvelian > Georgian-Zan > Georgic,Kartvelian,Georgian,kat_Geor,997,Georgian,Alphabet,2,2 bytes,79782785,79423527,3.4375,3.6998,4.0948,4.8521,3.4324,3.7432,4.2555,5.1885,5.0605,5.1667,5.362,5.6834,3.2968,3.5347,3.8949,4.2206,3.4176,3.7282,4.2217,5.1158,4.8569,4.9685,5.1567,5.4877
kaz,Cyrl,kaza1248,Kazakh,,Turkic,Common Turkic,Kipchak-Turkestan,Turkic > Common Turkic > Kipchak-Turkestan > Kipchak > Southeast Kipchak > South Kipchak,Turkic > Common Turkic > Kipchak-Turkestan > Kipchak > Southeast Kipchak > South Kipchak,Kazakh,kaz_Cyrl,997,Cyrillic,Alphabet,2,2 bytes,49599181,49321690,4.7465,4.7419,4.6306,3.8645,2.8549,2.7909,2.4911,1.7544,4.0347,3.7375,3.1024,1.9257,2.1998,2.1357,2.0063,1.6423,3.0169,3.0711,3.0309,2.7583,2.7423,2.7354,2.6496,2.3259
kbp,Latn,kabi1261,Kabiyè,,Atlantic-Congo,Volta-Congo,North Volta-Congo,Atlantic-Congo > Volta-Congo > North Volta-Congo > Gur > Central Gur > Southern Central Gur > Grusi > East-West Grusi > Eastern Grusi > Kabiyeic,Atlantic-Congo > Volta-Congo > North Volta-Congo > Gur > Southern Central Gur,Kabiyè,kbp_Latn,997,Latin,Alphabet,1,1 byte,,,4.4556,4.8746,5.4034,6.3121,1.981,1.8806,1.6206,1.1817,2.9963,2.6485,2.0705,1.305,1.9629,1.8512,1.5702,0.9197,2.0801,2.0371,1.8834,1.5652,1.9122,1.7799,1.536,1.1359
kea,Latn,kabu1256,Kabuverdianu,,Indo-European,Classical Indo-European,Italic,Indo-European > Classical Indo-European > Italic > Latino-Faliscan > Latinic > Imperial Latin > Romance > Italo-Western Romance > Western Romance > Shifted Western Romance > Southwestern Shifted Romance > West Ibero-Romance > Galician Romance > Macro-Portuguese > Upper Guinea Portuguese,Indo-European > Italic > Italo-Western Romance > Western Romance > Shifted Western Romance > Southwestern Shifted Romance > West Ibero-Romance > Galician Romance > Macro-Portuguese > Upper Guinea Portuguese,Kabuverdianu,kea_Latn,997,Latin,Alphabet,1,1 byte,,,2.9334,3.1327,3.3467,3.5238,1.4843,1.4685,1.3584,1.0864,2.1654,2.0097,1.7047,1.19,1.2537,1.1865,1.0648,0.9262,1.5124,1.5152,1.4512,1.2448,1.4362,1.4123,1.3308,1.0857
khk,Cyrl,halh1238,Halh Mongolian (Cyrillic script),,Mongolic-Khitan,Mongolic,Eastern Mongolic,Mongolic-Khitan > Mongolic > Eastern Mongolic > Khalkha-Buriat > Mongolian,Mongolic-Khitan,Halh Mongolian (Cyrillic),khk_Cyrl,997,Cyrillic,Alphabet,2,2 bytes,,,4.5135,4.4438,4.3049,3.8413,2.9884,3.0245,2.8867,2.2567,4.2356,4.0709,3.6215,2.4937,2.3366,2.3264,2.2475,1.8346,3.1023,3.2283,3.322,3.2471,3.0095,3.0296,3.016,2.8029
khm,Khmr,cent1989,Khmer (Central),,Austroasiatic,Khmeric,,Austroasiatic > Khmeric,Austroasiatic > Khmeric,Khmer,khm_Khmr,997,Khmer,Abugida,3,3 bytes,18592345,18501397,3.9162,4.2294,4.6956,5.6296,6.0064,5.7504,5.2211,5.719,5.7207,5.8364,6.0428,6.3179,3.6069,3.8641,4.251,4.7968,5.4314,4.8537,4.6947,5.4264,5.2877,5.4056,5.6057,5.9214
kik,Latn,kiku1240,Kikuyu,,Atlantic-Congo,Volta-Congo,Benue-Congo,Atlantic-Congo > Volta-Congo > Benue-Congo > Bantoid > Southern Bantoid > Narrow Bantu > East Bantu > Northeast Savanna Bantu > Central Kenya Bantu > Gikuyu-Temi,Atlantic-Congo > Volta-Congo > Benue-Congo > Bantoid > East Bantu > Northeast Savanna Bantu > Central Kenya Bantu > Gikuyu-Temi,Kikuyu,kik_Latn,997,Latin,Alphabet,1,1 byte,,,4.0969,4.4694,4.9413,5.7148,1.782,1.6745,1.4278,1.0352,2.6565,2.3309,1.8116,1.1379,1.6574,1.4899,1.187,0.9151,1.8812,1.8328,1.6854,1.4036,1.7012,1.6208,1.4461,1.1202
kin,Latn,kiny1244,Kinyarwanda,,Atlantic-Congo,Volta-Congo,Benue-Congo,Atlantic-Congo > Volta-Congo > Benue-Congo > Bantoid > Southern Bantoid > Narrow Bantu > East Bantu > Northeast Savanna Bantu > Great Lakes Bantu > Western Lakes Bantu > Kivu > West Highlands Kivu,Atlantic-Congo > Volta-Congo > Benue-Congo > Bantoid > East Bantu > Northeast Savanna Bantu > Great Lakes Bantu > Western Lakes Bantu,Kinyarwanda,kin_Latn,997,Latin,Alphabet,1,1 byte,3922986,3902109,3.5619,3.8709,4.2466,4.6791,1.7451,1.7166,1.5383,1.0915,2.5858,2.378,1.9443,1.2,1.4827,1.3851,1.1627,0.8485,1.8047,1.8207,1.7554,1.4822,1.7004,1.6718,1.5633,1.247
kir,Cyrl,kirg1245,Kyrgyz,,Turkic,Common Turkic,Kipchak-Turkestan,Turkic > Common Turkic > Kipchak-Turkestan > Kipchak > Southeast Kipchak > East Kipchak,Turkic > Common Turkic > Kipchak-Turkestan > Kipchak > Southeast Kipchak > East Kipchak,Kyrgyz,kir_Cyrl,997,Cyrillic,Alphabet,2,2 bytes,13210321,13166423,4.3028,4.2708,4.1424,3.4811,2.895,2.8788,2.6519,1.9519,3.9888,3.7674,3.2536,2.1402,2.1956,2.1432,2.0166,1.6515,3.0227,3.1026,3.1135,2.887,2.7095,2.7013,2.6298,2.3527
kjh,Cyrl,khak1248,Khakas,,Turkic,Common Turkic,South Siberian Turkic,Turkic > Common Turkic > South Siberian Turkic > Sayan-Yenisei Turkic > Yenisey Turkic,Turkic > Common Turkic > South Siberian Turkic > Yenisey Turkic,Khakas,kjh_Cyrl,997,Cyrillic,Alphabet,2,2 bytes,,,4.586,4.5214,4.3794,3.6678,3.0332,2.9739,2.6623,1.9219,4.101,3.8347,3.246,2.1006,2.3583,2.2972,2.1612,1.8286,3.1902,3.2521,3.2013,2.9168,2.8425,2.8211,2.7241,2.4305
kmb,Latn,kimb1241,Kimbundu,,Atlantic-Congo,Volta-Congo,Benue-Congo,Atlantic-Congo > Volta-Congo > Benue-Congo > Bantoid > Southern Bantoid > Narrow Bantu > Central-Western Bantu > Njila > Northern Njila > Mbundu (H.20),Atlantic-Congo > Volta-Congo > Benue-Congo > Bantoid > Central-Western Bantu > Njila > Northern Njila,Kimbundu,kmb_Latn,997,Latin,Alphabet,1,1 byte,,,3.4502,3.7317,4.0598,4.3278,1.7379,1.726,1.5797,1.1415,2.5984,2.4111,2.01,1.2589,1.4599,1.3906,1.224,0.9014,1.7963,1.8294,1.7949,1.5728,1.7435,1.721,1.6257,1.3368
kmr,Latn,nort2641,Northern Kurdish,,Indo-European,Classical Indo-European,Indo-Iranian,Indo-European > Classical Indo-European > Indo-Iranian > Iranian-Nuristani > Iranian > Central Iranian PBS > Central Iranian PB > Northwestern Iranian > Laki-Kurdish > Kurdish,Indo-European > Indo-Iranian > Iranian-Nuristani > Central Iranian PBS,Northern Kurdish,kmr_Latn,997,Latin,Alphabet,1,1 byte,12098280,12051123,3.5597,3.8976,4.3287,5.018,1.5991,1.5544,1.3918,1.009,2.4146,2.1895,1.7827,1.1173,1.3543,1.2356,1.0353,0.9103,1.6805,1.6843,1.6255,1.4322,1.5102,1.4841,1.4121,1.1942
knc,Arab,cent2050,Central Kanuri (Arabic script),,Saharan,Western Saharan,Kanuri-Kanembu,Saharan > Western Saharan > Kanuri-Kanembu > Kanuric > East Kanuri,Saharan,Central Kanuri (Arabic),knc_Arab,997,Arabic,Abjad,2,2 bytes,,,3.0267,2.8687,2.8149,2.8107,2.6466,2.7604,2.8652,2.7588,3.5081,3.4924,3.3965,2.9519,1.9612,1.9966,2.0015,1.8248,2.7041,2.8622,3.0677,3.305,2.7211,2.776,2.8511,2.8701
knc,Latn,cent2050,Central Kanuri (Latin script),,Saharan,Western Saharan,Kanuri-Kanembu,Saharan > Western Saharan > Kanuri-Kanembu > Kanuric > East Kanuri,Saharan,Central Kanuri (Latin),knc_Latn,997,Latin,Alphabet,1,1 byte,,,3.3884,3.6977,4.0923,4.7501,1.5973,1.5557,1.4062,1.096,2.3767,2.1619,1.7784,1.2012,1.5239,1.4064,1.1684,0.7807,1.6318,1.6132,1.5126,1.2667,1.5655,1.4844,1.3118,0.9777
kor,Hang,kore1280,Korean,,Koreanic,,,Koreanic,Koreanic,Korean,kor_Hang,997,Hangul,Alphabet,3,3 bytes,1405630472,1399528315,2.2763,2.2197,2.0784,1.7386,1.8233,1.8205,1.7337,1.4892,2.1867,2.1028,1.9106,1.5507,1.2941,1.2315,1.1568,1.0832,1.8429,1.8496,1.7869,1.5789,1.4387,1.4236,1.3568,1.185
ktu,Latn,kitu1246,Kituba (DRC),,Atlantic-Congo,Volta-Congo,Benue-Congo,Atlantic-Congo > Volta-Congo > Benue-Congo > Bantoid > Southern Bantoid > Narrow Bantu > Central-Western Bantu > West-Coastal Bantu > Nzadic > Lweric > Dingic > Loange-Atlantic > KLC Extended > Kikongo Language Cluster > Nuclear KLC > Kikongoic > Kambakunyic Kikongo > Kilaadic Kikongo > Central-Southern Kikongo > Southeastern Kikongo > Southern Kikongo > Koongo-Kituba,Atlantic-Congo > Volta-Congo > Benue-Congo > Bantoid > Central-Western Bantu > West-Coastal Bantu,Kanuri (Latin),ktu_Latn,997,Latin,Alphabet,1,1 byte,,,3.3825,3.6331,3.9118,4.0765,1.8275,1.8114,1.6594,1.2253,2.6891,2.4972,2.099,1.3511,1.5213,1.4641,1.3192,0.9479,1.8748,1.8993,1.8315,1.5658,1.8747,1.8383,1.7132,1.3814
lao,Laoo,laoo1244,Lao,,Tai-Kadai,Kam-Tai,Daic-Beic,Tai-Kadai > Kam-Tai > Daic-Beic > Daic > Central-Southwestern Tai > Wenma-Southwestern Tai > Sapa-Southwestern Tai > Southwestern Tai > Southwestern Thai PH > Lao-Thai,Tai-Kadai > Southwestern Thai PH,Lao,lao_Laoo,997,Lao,Abugida,3,3 bytes,6916724,6876348,3.5918,3.7926,4.1566,4.9436,4.9005,4.885,4.7855,5.1251,5.0755,5.1696,5.3333,5.5654,3.1379,3.3553,3.7207,4.2232,4.5519,4.3645,4.2487,4.8199,4.6258,4.7282,4.8996,5.1878
lij,Latn,geno1240,Ligurian (Genoese),,Indo-European,Classical Indo-European,Italic,Indo-European > Classical Indo-European > Italic > Latino-Faliscan > Latinic > Imperial Latin > Romance > Italo-Western Romance > Western Romance > Shifted Western Romance > Northwestern Shifted Romance > Gallo-Italian > Ligurian,Indo-European > Italic > Italo-Western Romance > Western Romance > Shifted Western Romance > Northwestern Shifted Romance > Gallo-Italian > Ligurian,Ligurian,lij_Latn,997,Latin,Alphabet,1,1 byte,,,3.0519,3.1836,3.2919,3.2132,1.6371,1.6184,1.5147,1.2831,2.2651,2.1133,1.83,1.3817,1.4142,1.3614,1.2639,1.1279,1.6579,1.6488,1.5705,1.3736,1.5452,1.5196,1.4388,1.2129
lim,Latn,limb1263,Limburgish,,Indo-European,Classical Indo-European,Germanic,Indo-European > Classical Indo-European > Germanic > Northwest Germanic > West Germanic > High German > Middle German > West Middle German > Middle Franconian > Ripuarian,Indo-European > Germanic > West Germanic > High German > Middle German > West Middle German > Ripuarian,Limburgish,lim_Latn,997,Latin,Alphabet,1,1 byte,,,2.9186,3.0875,3.2508,3.2821,1.542,1.5407,1.4778,1.3334,2.2027,2.0661,1.8334,1.4549,1.2712,1.2087,1.1065,1.0232,1.554,1.5631,1.5178,1.4059,1.4468,1.4315,1.3795,1.2312
lin,Latn,ling1263,Lingala,,Atlantic-Congo,Volta-Congo,Benue-Congo,Atlantic-Congo > Volta-Congo > Benue-Congo > Bantoid > Southern Bantoid > Narrow Bantu > Central-Western Bantu > North Zaire River > Rivers Bantu > Ngiri > Ngiri Riverain Ubangi > Ngiri Riverain Ubangi-Ripuaire > Bobangic > Bobangic Riverain > Bobangi-Bangala-Lingala > Lingala-Bangala,Atlantic-Congo > Volta-Congo > Benue-Congo > Bantoid > Central-Western Bantu > North Zaire River,Lingala,lin_Latn,997,Latin,Alphabet,1,1 byte,501902,498891,3.224,3.4744,3.7617,4.0104,1.697,1.6799,1.5432,1.1579,2.4932,2.3166,1.9487,1.2768,1.4229,1.3434,1.1714,0.8828,1.7401,1.7582,1.6961,1.4573,1.6782,1.6506,1.5466,1.2559
lit,Latn,lith1251,Lithuanian,,Indo-European,Classical Indo-European,Balto-Slavic,Indo-European > Classical Indo-European > Balto-Slavic > Eastern Baltic,Indo-European > Balto-Slavic > Eastern Baltic,Lithuanian,lit_Latn,997,Latin,Alphabet,1,1 byte,340817538,338435623,3.3386,3.6336,4.0004,4.5613,1.4823,1.4167,1.2388,0.9341,2.2009,1.9638,1.5664,1.0302,1.3649,1.2392,0.9988,0.7569,1.5479,1.5287,1.4301,1.2116,1.4419,1.3913,1.265,1.0083
lld,Latn,ladi1250,Ladin (Val Badia),,Indo-European,Classical Indo-European,Italic,Indo-European > Classical Indo-European > Italic > Latino-Faliscan > Latinic > Imperial Latin > Romance > Italo-Western Romance > Italo-Dalmatian > Italian Romance,Indo-European > Italic > Italo-Western Romance > Italo-Dalmatian > Italian Romance,Ladin,lld_Latn,997,Latin,Alphabet,1,1 byte,,,3.2058,3.4279,3.6742,3.8835,1.5482,1.5247,1.3887,1.1067,2.2448,2.0731,1.7342,1.2122,1.3392,1.274,1.1522,1.0173,1.5898,1.5925,1.518,1.3207,1.5026,1.4821,1.3987,1.1663
lld,Latn,gard1241,Ladin (Gherdëina),,Indo-European,Classical Indo-European,Italic,Indo-European > Classical Indo-European > Italic > Latino-Faliscan > Latinic > Imperial Latin > Romance > Italo-Western Romance > Italo-Dalmatian > Italian Romance > Ladin,Indo-European > Italic > Italo-Western Romance > Italo-Dalmatian > Italian Romance > Ladin,Ladin (Gardena),lld_Latn_gard1241,997,Latin,Alphabet,1,1 byte,,,3.2487,3.4809,3.7405,3.9478,1.5689,1.5438,1.4071,1.1451,2.2801,2.1018,1.7505,1.2457,1.3325,1.2654,1.1589,1.0426,1.613,1.6146,1.5497,1.3644,1.5259,1.5073,1.4314,1.2128
lmo,Latn,lomb1257,Lombard,[1],Indo-European,Classical Indo-European,Italic,Indo-European > Classical Indo-European > Italic > Latino-Faliscan > Latinic > Imperial Latin > Romance > Italo-Western Romance > Western Romance > Shifted Western Romance > Northwestern Shifted Romance > Gallo-Italian > Piemontese-Lombard,Indo-European > Italic > Italo-Western Romance > Western Romance > Shifted Western Romance > Northwestern Shifted Romance > Gallo-Italian > Piemontese-Lombard,Lombard,lmo_Latn,997,Latin,Alphabet,1,1 byte,,,3.174,3.3584,3.5526,3.6374,1.6585,1.6431,1.542,1.3127,2.3436,2.1832,1.8878,1.4266,1.4389,1.3781,1.2551,1.1014,1.6818,1.6804,1.6094,1.4228,1.6156,1.586,1.4899,1.2493
ltg,Latn,east2282,Latgalian,,Indo-European,Classical Indo-European,Balto-Slavic,Indo-European > Classical Indo-European > Balto-Slavic > Eastern Baltic > Latvian,Indo-European > Balto-Slavic > Eastern Baltic > Latvian,Latgalian,ltg_Latn,997,Latin,Alphabet,1,1 byte,,,3.3147,3.6189,4.0068,4.6423,1.4197,1.3621,1.2055,0.907,2.132,1.9091,1.5383,1.0028,1.3319,1.1939,0.9424,0.7292,1.4952,1.479,1.4002,1.2198,1.3826,1.3337,1.2317,1.002
ltz,Latn,luxe1241,Luxembourgish,,Indo-European,Classical Indo-European,Germanic,Indo-European > Classical Indo-European > Germanic > Northwest Germanic > West Germanic > High German > Middle German > West Middle German > Middle Franconian,Indo-European > Germanic > West Germanic > High German > Middle German > West Middle German,Luxembourgish,ltz_Latn,997,Latin,Alphabet,1,1 byte,7189640,7155303,3.2275,3.4325,3.6521,3.7533,1.5649,1.5431,1.4678,1.3682,2.2678,2.1009,1.8378,1.4998,1.3224,1.2295,1.0801,0.9695,1.5754,1.5616,1.4942,1.4075,1.4064,1.3801,1.3224,1.2058
lua,Latn,luba1249,Luba-Kasai,,Atlantic-Congo,Volta-Congo,Benue-Congo,Atlantic-Congo > Volta-Congo > Benue-Congo > Bantoid > Southern Bantoid > Narrow Bantu > Central-Western Bantu > Luban > Luba-Kaonde > Lubaic > Bangubangu-Kasai,Atlantic-Congo > Volta-Congo > Benue-Congo > Bantoid > Central-Western Bantu > Luban,Luba-Kasai,lua_Latn,997,Latin,Alphabet,1,1 byte,,,3.3264,3.5987,3.8902,4.057,1.7064,1.6943,1.5419,1.0945,2.5431,2.3585,1.9583,1.2049,1.4068,1.3419,1.189,0.8697,1.7624,1.7917,1.7529,1.5198,1.688,1.661,1.5642,1.2829
lug,Latn,gand1255,Ganda,,Atlantic-Congo,Volta-Congo,Benue-Congo,Atlantic-Congo > Volta-Congo > Benue-Congo > Bantoid > Southern Bantoid > Narrow Bantu > East Bantu > Northeast Savanna Bantu > Great Lakes Bantu > West Nyanza > North Nyanza,Atlantic-Congo > Volta-Congo > Benue-Congo > Bantoid > East Bantu > Northeast Savanna Bantu > Great Lakes Bantu > West Nyanza,Ganda,lug_Latn,997,Latin,Alphabet,1,1 byte,370540,368633,3.2542,3.5399,3.8854,4.2659,1.5648,1.545,1.3923,0.9621,2.3437,2.1601,1.7699,1.0576,1.3586,1.2731,1.0635,0.7345,1.6227,1.6529,1.6161,1.4014,1.5441,1.5216,1.4317,1.1606
luo,Latn,luok1236,Luo,,Nilotic,Western Nilotic,Lwoo,Nilotic > Western Nilotic > Lwoo > Southern Lwoo > Adhola-Alur-Luo > Adhola-Luo,Nilotic > Lwoo,Luo,luo_Latn,997,Latin,Alphabet,1,1 byte,,,3.2777,3.5633,3.9047,4.241,1.584,1.5823,1.4989,1.1487,2.3615,2.2085,1.9074,1.264,1.3624,1.2863,1.134,0.9051,1.6316,1.6619,1.6441,1.4942,1.6008,1.5848,1.5189,1.294
lus,Latn,lush1249,Mizo,,Sino-Tibetan,Kuki-Chin-Naga,Kuki-Chin,Sino-Tibetan > Kuki-Chin-Naga > Kuki-Chin > Central Kuki-Chin > Core Central Kuki-Chin > Mizoic,Sino-Tibetan > Kuki-Chin-Naga > Kuki-Chin,Mizo,lus_Latn,997,Latin,Alphabet,1,1 byte,,,3.2798,3.5491,3.872,4.1973,1.6076,1.6019,1.4902,1.12,2.3563,2.1968,1.8655,1.2233,1.4278,1.3702,1.2346,1.0069,1.6469,1.6678,1.6205,1.3985,1.6646,1.6463,1.552,1.254
lvs,Latn,stan1325,Standard Latvian,,Indo-European,Classical Indo-European,Balto-Slavic,Indo-European > Classical Indo-European > Balto-Slavic > Eastern Baltic > Latvian > Low Latvian,Indo-European > Balto-Slavic > Eastern Baltic > Latvian > Low Latvian,Latvian,lvs_Latn,997,Latin,Alphabet,1,1 byte,187747266,186329970,3.4937,3.7979,4.1847,4.8301,1.5156,1.4841,1.3495,1.0639,2.2671,2.073,1.7181,1.1773,1.4485,1.2967,1.0265,0.7816,1.5771,1.5807,1.5281,1.3637,1.4973,1.4547,1.3539,1.112
mag,Deva,maga1260,Magahi,,Indo-European,Classical Indo-European,Indo-Iranian,Indo-European > Classical Indo-European > Indo-Iranian > Indo-Aryan > Middle-Modern Indo-Aryan > Continental Indo-Aryan > Midlands Indo-Aryan > Shaurasenic > Bihari > Magadhan,Indo-European > Indo-Iranian > Indo-Aryan > Middle-Modern Indo-Aryan > Continental Indo-Aryan > Midlands Indo-Aryan > Shaurasenic > Bihari,Magahi,mag_Deva,997,Devanagari,Abugida,3,3 bytes,,,2.6599,2.8255,3.0461,3.1967,3.5185,3.6736,3.7288,3.6378,3.8872,3.9667,4.11,3.9787,2.4827,2.5746,2.6241,2.6823,3.4904,3.6261,3.487,3.4677,3.5334,3.615,3.7501,3.7437
mai,Deva,mait1250,Maithili,,Indo-European,Classical Indo-European,Indo-Iranian,Indo-European > Classical Indo-European > Indo-Iranian > Indo-Aryan > Middle-Modern Indo-Aryan > Continental Indo-Aryan > Midlands Indo-Aryan > Shaurasenic > Bihari > Magadhan,Indo-European > Indo-Iranian > Indo-Aryan > Middle-Modern Indo-Aryan > Continental Indo-Aryan > Midlands Indo-Aryan > Shaurasenic > Bihari,Maithili,mai_Deva,997,Devanagari,Abugida,3,3 bytes,,,2.7445,2.9223,3.1655,3.4386,3.5793,3.73,3.8018,3.8244,4.0224,4.1048,4.2517,4.1868,2.5563,2.6701,2.7768,2.8755,3.5439,3.6712,3.5356,3.6541,3.6633,3.7478,3.8887,3.9492
mal,Mlym,mala1464,Malayalam,,Dravidian,South Dravidian,South Dravidian I,Dravidian > South Dravidian > South Dravidian I > Tamil-Kannada > Tamil-Kota > Tamil-Toda > Tamil-Irula > Tamil-Kodagu > Tamil-Malayalam > Malayalamoid,Dravidian > South Dravidian I > Tamil-Kota > Malayalamoid,Malayalam,mal_Mlym,997,Malayalam,Abugida,3,3 bytes,42323749,42163531,3.3141,3.4616,3.7254,4.2139,4.9732,5.0108,4.8445,4.627,4.7418,4.8314,4.9331,4.8696,2.9449,3.0935,3.3302,3.6589,4.8796,4.8349,4.5568,4.3468,4.2504,4.3487,4.5016,4.5827
mar,Deva,mara1378,Marathi,,Indo-European,Classical Indo-European,Indo-Iranian,Indo-European > Classical Indo-European > Indo-Iranian > Indo-Aryan > Middle-Modern Indo-Aryan > Continental Indo-Aryan > Indo-Aryan Southern zone > Marathic > Marathi-Konkani > Old-Modern Marathi > Modern Marathi,Indo-European > Indo-Iranian > Indo-Aryan > Middle-Modern Indo-Aryan > Continental Indo-Aryan > Indo-Aryan Southern zone > Old-Modern Marathi,Marathi,mar_Deva,997,Devanagari,Abugida,3,3 bytes,39315064,39068391,2.9507,3.0998,3.3103,3.4789,3.7108,3.8447,3.9316,3.9112,4.2582,4.341,4.4919,4.2904,2.6777,2.7603,2.8328,2.8969,3.6819,3.7941,3.7696,3.7647,3.7915,3.8786,4.0191,4.067
mfe,Latn,mori1278,Mauritian Creole,,Indo-European,Classical Indo-European,Italic,Indo-European > Classical Indo-European > Italic > Latino-Faliscan > Latinic > Imperial Latin > Romance > Italo-Western Romance > Western Romance > Shifted Western Romance > Northwestern Shifted Romance > Gallo-Rhaetian > Oil > Central Oil > Macro-French > Isle-de-France Creole,Indo-European > Italic > Italo-Western Romance > Western Romance > Shifted Western Romance > Northwestern Shifted Romance > Gallo-Rhaetian > Isle-de-France Creole,Morisyen,mfe_Latn,997,Latin,Alphabet,1,1 byte,234376,233209,2.8668,3.1077,3.4042,3.763,1.3209,1.3188,1.2442,1.0086,1.9605,1.8322,1.578,1.1103,1.1554,1.0813,0.9554,0.8652,1.3565,1.372,1.3519,1.2256,1.3201,1.3134,1.2738,1.1
mhr,Cyrl,gras1239,Meadow Mari,,Uralic,Mari,Eastern Mari,Uralic > Mari > Eastern Mari,Uralic > Mari,Eastern Mari,mhr_Cyrl,997,Cyrillic,Alphabet,2,2 bytes,,,3.792,3.712,3.5438,2.9648,2.9474,2.9488,2.7587,2.1194,3.8223,3.6733,3.284,2.3127,2.216,2.1612,2.0583,1.7789,3.0631,3.1518,3.1722,2.9707,2.7598,2.7584,2.7004,2.4875
min,Arab,mina1268,Minangkabau (Jawi script),,Austronesian,Malayo-Polynesian,Malayo-Chamic,Austronesian > Malayo-Polynesian > Malayo-Chamic > Malayic > Nuclear Malayic > Northern Sumatra Malay > Kerinci-Minangkabau > Minangkabauic,Austronesian > Malayo-Chamic > Malayic > Northern Sumatra Malay,Minangkabau (Arabic),min_Arab,997,Arabic,Abjad,2,2 bytes,,,4.6025,4.5287,4.1649,3.3394,2.6055,2.5362,2.2539,1.4882,3.7808,3.4913,2.8643,1.6431,2.0518,2.0408,1.976,1.705,2.8177,2.9026,2.9464,2.8722,2.7291,2.7564,2.7513,2.5442
min,Latn,mina1268,Minangkabau (Latin script),,Austronesian,Malayo-Polynesian,Malayo-Chamic,Austronesian > Malayo-Polynesian > Malayo-Chamic > Malayic > Nuclear Malayic > Northern Sumatra Malay > Kerinci-Minangkabau > Minangkabauic,Austronesian > Malayo-Chamic > Malayic > Northern Sumatra Malay,Minangkabau (Latin),min_Latn,997,Latin,Alphabet,1,1 byte,,,2.9406,3.0864,3.2044,3.2133,1.5652,1.5826,1.5337,1.2793,2.2448,2.1348,1.9044,1.3947,1.3699,1.3055,1.1522,0.9242,1.5857,1.6193,1.607,1.4511,1.5802,1.5659,1.5113,1.3009
mkd,Cyrl,mace1250,Macedonian,,Indo-European,Classical Indo-European,Balto-Slavic,Indo-European > Classical Indo-European > Balto-Slavic > Slavic > South Slavic > Eastern South Slavic > Macedo-Bulgarian,Indo-European > Balto-Slavic > Slavic > South Slavic > Eastern South Slavic,Macedonian,mkd_Cyrl,997,Cyrillic,Alphabet,2,2 bytes,60622784,60352079,2.1362,1.9538,1.7782,1.5035,2.8255,2.7646,2.4962,1.904,2.5084,2.484,2.3925,1.9188,1.8721,1.8075,1.7101,1.5876,2.9637,2.9894,2.9142,2.6201,2.3658,2.3766,2.366,2.2538
mlt,Latn,malt1254,Maltese,,Afro-Asiatic,Semitic,West Semitic,Afro-Asiatic > Semitic > West Semitic > Central Semitic > Arabian > Arabic > North African Arabic > Western Middle Arabic > Maghrebi > Malta-Tunisian Arabic,Afro-Asiatic > Semitic > Central Semitic > Arabian > North African Arabic > Malta-Tunisian Arabic,Maltese,mlt_Latn,997,Latin,Alphabet,1,1 byte,6964896,6886190,3.6261,3.9618,4.3961,5.0931,1.6419,1.6017,1.4499,1.0633,2.4369,2.2233,1.8358,1.1663,1.4568,1.3365,1.1261,0.9244,1.6985,1.6935,1.6227,1.3803,1.5611,1.5256,1.4392,1.152
mni,Beng,mani1292,"Meitei (Manipuri, Bengali script)",,Sino-Tibetan,Kuki-Chin-Naga,,Sino-Tibetan > Kuki-Chin-Naga,Sino-Tibetan > Kuki-Chin-Naga,Meitei (Bengali),mni_Beng,997,Bengali,Abugida,3,3 bytes,,,3.1052,3.2741,3.545,3.8525,3.9741,4.0886,4.1779,4.1475,4.5007,4.5909,4.7224,4.5289,2.7862,2.8913,2.9859,3.0008,3.9298,4.025,4.0301,3.9615,3.9731,4.0657,4.2178,4.2535
mni,Mtei,mani1292,"Meitei (Manipuri, Meitei script)",dev only,Sino-Tibetan,Kuki-Chin-Naga,,Sino-Tibetan > Kuki-Chin-Naga,Sino-Tibetan > Kuki-Chin-Naga,Meitei (Meitei Mayek),mni_Mtei,997,Meitei,Abugida,3,3 bytes,,,5.2925,5.2615,5.2471,5.4811,3.3342,3.54,3.8297,4.3093,5.0599,5.0273,4.9328,4.8037,3.1438,3.3659,3.704,4.0027,3.2867,3.4646,3.6735,4.0836,4.5308,4.5591,4.5508,4.473
mos,Latn,moss1236,Mossi,,Atlantic-Congo,Volta-Congo,North Volta-Congo,Atlantic-Congo > Volta-Congo > North Volta-Congo > Gur > Central Gur > Northern Central Gur > Bwamu-Oti-Volta > Oti-Volta > Nuclear Oti-Volta > Gurma-Yom-Oti-Volta Occidental > Oti-Volta Occidental > Nuclear Oti-Volta Occidental > Northwest Oti-Volta > Mossi-Farefare > Mossic,Atlantic-Congo > Volta-Congo > North Volta-Congo > Gur > Northern Central Gur,Mossi,mos_Latn,997,Latin,Alphabet,1,1 byte,,,3.2514,3.5519,3.9346,4.5634,1.5361,1.4878,1.3222,0.9866,2.2953,2.0762,1.6767,1.0829,1.3975,1.2973,1.1126,0.8186,1.5883,1.5794,1.487,1.2459,1.5471,1.4878,1.3375,1.0186
mri,Latn,maor1246,Maori,,Austronesian,Malayo-Polynesian,Eastern Malayo-Polynesian,Austronesian > Malayo-Polynesian > Eastern Malayo-Polynesian > Oceanic > Central Pacific linkage > Tokalau Fijian > Polynesian > Nuclear Polynesian > Northern Outlier Polynesian-East Polynesian > Solomons Northern Outlier Polynesian-East Polynesian > Central Northern Outlier Polynesian-East Polynesian > East Polynesian > East Polynesian Proximal > Southern East Polynesian Proximal > Maoric,Austronesian > Eastern Malayo-Polynesian > Polynesian > Northern Outlier Polynesian-East Polynesian,Māori,mri_Latn,997,Latin,Alphabet,1,1 byte,2267801,2252745,3.4162,3.6906,4.0213,4.3082,1.7923,1.8047,1.7162,1.3273,2.6441,2.4936,2.156,1.4562,1.5476,1.4903,1.3357,1.0365,1.8226,1.8656,1.8335,1.5818,1.8397,1.8175,1.7058,1.355
mya,Mymr,nucl1310,Burmese,,Sino-Tibetan,Burmo-Qiangic,Lolo-Burmese,Sino-Tibetan > Burmo-Qiangic > Lolo-Burmese > Burmish > Southern Burmish > Mranmaic > Nuclear Mranmaic,Sino-Tibetan > Burmo-Qiangic,Burmese,mya_Mymr,997,Burmese,Abugida,3,3 bytes,23624930,23532659,4.0165,4.3976,4.9174,5.9256,4.2065,4.576,5.1719,6.2626,6.0891,6.2211,6.4586,6.8484,3.869,4.1541,4.61,5.3059,4.1634,4.513,5.0561,6.0491,5.7336,5.8631,6.0884,6.4871
myv,Cyrl,erzy1239,Erzya,,Uralic,Mordvin,,Uralic > Mordvin,Uralic > Mordvin,Erzya,myv_Cyrl,997,Cyrillic,Alphabet,2,2 bytes,,,3.4914,3.3648,3.1627,2.5808,3.0997,3.1257,2.9436,2.2172,3.8538,3.7539,3.4386,2.4149,2.2853,2.2237,2.1224,1.8786,3.2196,3.3403,3.4104,3.2462,2.9149,2.9342,2.9124,2.7323
nld,Latn,dutc1256,Dutch,,Indo-European,Classical Indo-European,Germanic,Indo-European > Classical Indo-European > Germanic > Northwest Germanic > West Germanic > Macro-Dutch > Middle-Modern Dutch > Modern Dutch > Global Dutch,Indo-European > Germanic > West Germanic > Macro-Dutch,Dutch,nld_Latn,997,Latin,Alphabet,1,1 byte,3610577463,3581120841,2.0494,2.0575,2.0446,1.9427,1.4338,1.4432,1.4204,1.3964,1.757,1.7069,1.6005,1.4621,1.2479,1.2266,1.1934,1.1586,1.419,1.421,1.3846,1.3399,1.3961,1.3854,1.3382,1.2651
nno,Latn,norw1262,Norwegian Nynorsk,,Indo-European,Classical Indo-European,Germanic,Indo-European > Classical Indo-European > Germanic > Northwest Germanic > North Germanic > West Scandinavian > Norwegian,Indo-European > Germanic > North Germanic > West Scandinavian > Norwegian,Norwegian Nynorsk,nno_Latn,997,Latin,Alphabet,1,1 byte,32531797,32290890,2.4493,2.5443,2.6271,2.5504,1.3857,1.3757,1.3202,1.2447,1.8707,1.7665,1.5927,1.3472,1.2361,1.1758,1.0912,1.0092,1.3825,1.3714,1.3158,1.2383,1.3111,1.2906,1.236,1.1238
nob,Latn,norw1259,"Norwegian Bokmål, moderate variety",,Indo-European,Classical Indo-European,Germanic,Indo-European > Classical Indo-European > Germanic > Northwest Germanic > North Germanic > West Scandinavian > Norwegian,Indo-European > Germanic > North Germanic > West Scandinavian > Norwegian,Norwegian Bokmål,nob_Latn,997,Latin,Alphabet,1,1 byte,649813400,644493173,2.2245,2.2943,2.3445,2.2419,1.3054,1.2956,1.2525,1.2136,1.709,1.6259,1.4899,1.3069,1.1926,1.1434,1.0672,0.9937,1.2982,1.2846,1.2371,1.1962,1.2384,1.218,1.1731,1.1009
nob,Latn,norw1259 (with variant=radical),"Norwegian Bokmål, radical variety",,Indo-European,Classical Indo-European,Germanic,Indo-European > Classical Indo-European > Germanic > Northwest Germanic > North Germanic > West Scandinavian > Norwegian,Indo-European > Germanic > North Germanic > West Scandinavian > Norwegian,Norwegian Bokmål (Radical),nob_Latn_radical,997,Latin,Alphabet,1,1 byte,649813400,644493173,2.2518,2.3249,2.384,2.2877,1.3154,1.3058,1.2614,1.212,1.7327,1.6438,1.5035,1.3054,1.1972,1.1455,1.068,0.9926,1.309,1.2966,1.2458,1.1954,1.25,1.229,1.1817,1.0985
npi,Deva,nepa1254,Nepali,,Indo-European,Classical Indo-European,Indo-Iranian,Indo-European > Classical Indo-European > Indo-Iranian > Indo-Aryan > Middle-Modern Indo-Aryan > Continental Indo-Aryan > Midlands Indo-Aryan > Indo-Aryan Northern zone > Eastern Pahari,Indo-European > Indo-Iranian > Indo-Aryan > Middle-Modern Indo-Aryan > Continental Indo-Aryan > Midlands Indo-Aryan > Indo-Aryan Northern zone,Nepali,npi_Deva,997,Devanagari,Abugida,3,3 bytes,,,2.8603,3.0099,3.2122,3.3341,3.6276,3.7547,3.8121,3.7801,4.123,4.2049,4.3504,4.1344,2.6011,2.6705,2.7193,2.7875,3.6024,3.7086,3.6774,3.6386,3.6572,3.7402,3.8759,3.9113
nqo,Nkoo,nkoa1234,Nko,,Artificial Language,,,Artificial Language,Artificial Language,N'Ko,nqo_Nkoo,997,N’Ko,Alphabet,2,2 bytes,,,7.9312,8.808,9.9796,12.34,2.6983,2.2714,1.4356,0.7018,4.1454,3.2427,1.8503,0.7809,2.324,2.235,2.1008,1.7679,3.4091,3.3827,3.2042,2.7895,3.0955,3.1078,2.9979,2.4732
nso,Latn,pedi1238,Northern Sotho,,Atlantic-Congo,Volta-Congo,Benue-Congo,Atlantic-Congo > Volta-Congo > Benue-Congo > Bantoid > Southern Bantoid > Narrow Bantu > East Bantu > Southern Bantu > Nuclear Southern Bantu > Dimsuffix Southern Bantu > Sotho-Tswana (S.30) > Northern Sotho > Sepedic,Atlantic-Congo > Volta-Congo > Benue-Congo > Bantoid > East Bantu > Southern Bantu > Nuclear Southern Bantu > Sotho-Tswana (S.30) > Northern Sotho,Northern Sotho,nso_Latn,997,Latin,Alphabet,1,1 byte,206600,205851,3.6745,3.9931,4.3771,4.899,1.7667,1.7056,1.5068,1.0931,2.6319,2.3729,1.9108,1.1991,1.483,1.3922,1.2302,1.0051,1.8403,1.8314,1.7278,1.4623,1.7247,1.6827,1.5512,1.2287
nus,Latn,nuer1246,Nuer,,Nilotic,Western Nilotic,Dinka-Nuer,Nilotic > Western Nilotic > Dinka-Nuer > Nuer-Reel,Nilotic > Dinka-Nuer > Nuer-Reel,Nuer,nus_Latn,997,Latin,Alphabet,1,1 byte,,,4.2627,4.6791,5.2196,6.2096,1.9263,1.8464,1.6212,1.1855,2.9244,2.6082,2.0749,1.3105,1.8773,1.7572,1.47,0.8379,2.0052,1.9882,1.8627,1.5703,1.9378,1.8318,1.6085,1.1898
nya,Latn,nyan1308,Nyanja,,Atlantic-Congo,Volta-Congo,Benue-Congo,Atlantic-Congo > Volta-Congo > Benue-Congo > Bantoid > Southern Bantoid > Narrow Bantu > East Bantu > Tumbuka-Sena-Nyanja > Sena-Nyanja > Nyanjaic,Atlantic-Congo > Volta-Congo > Benue-Congo > Bantoid > East Bantu > Tumbuka-Sena-Nyanja > Sena-Nyanja,Chichewa,nya_Latn,997,Latin,Alphabet,1,1 byte,928706,925245,3.5156,3.8178,4.1785,4.5686,1.6825,1.6368,1.4589,1.0277,2.502,2.274,1.8493,1.1317,1.4378,1.353,1.158,0.8394,1.7548,1.7621,1.6922,1.4534,1.6703,1.6413,1.528,1.2367
oci,Latn,occi1239,Occitan,,Indo-European,Classical Indo-European,Italic,Indo-European > Classical Indo-European > Italic > Latino-Faliscan > Latinic > Imperial Latin > Romance > Italo-Western Romance > Western Romance > Shifted Western Romance > Southwestern Shifted Romance > Occitanic,Indo-European > Italic > Italo-Western Romance > Western Romance > Shifted Western Romance > Southwestern Shifted Romance > Occitanic,Occitan,oci_Latn,997,Latin,Alphabet,1,1 byte,6366886,6339942,2.4676,2.488,2.4956,2.2993,1.5726,1.5529,1.4587,1.2976,1.9376,1.8378,1.6416,1.3651,1.3771,1.3292,1.2553,1.141,1.5857,1.5732,1.4955,1.345,1.4726,1.4474,1.3656,1.2106
oci,Latn,aran1260,Aranese,,Indo-European,Classical Indo-European,Italic,Indo-European > Classical Indo-European > Italic > Latino-Faliscan > Latinic > Imperial Latin > Romance > Italo-Western Romance > Western Romance > Shifted Western Romance > Southwestern Shifted Romance > Occitanic > Occitan > Gascon,Indo-European > Italic > Italo-Western Romance > Western Romance > Shifted Western Romance > Southwestern Shifted Romance > Occitanic > Occitan,Aranese Occitan,oci_Latn_aran1260,997,Latin,Alphabet,1,1 byte,6366886,6339942,2.9447,3.0418,3.1145,2.9667,1.632,1.613,1.5077,1.2957,2.1929,2.0498,1.7838,1.3797,1.3893,1.3342,1.2484,1.1212,1.656,1.651,1.5768,1.4013,1.4927,1.4664,1.3863,1.1965
ory,Orya,oriy1255,Odia,,Indo-European,Classical Indo-European,Indo-Iranian,Indo-European > Classical Indo-European > Indo-Iranian > Indo-Aryan > Middle-Modern Indo-Aryan > Continental Indo-Aryan > Indo-Aryan Eastern zone > Oriya-Gauda-Kamrupa > Macro-Oriya,Indo-European > Indo-Iranian > Indo-Aryan > Middle-Modern Indo-Aryan > Continental Indo-Aryan > Indo-Aryan Eastern zone > Macro-Oriya,Odia,ory_Orya,997,Odia,Abugida,3,3 bytes,8341478,8321756,3.0666,3.1865,3.4068,3.8023,3.8345,3.9396,4.0348,4.2264,4.3364,4.4045,4.485,4.4741,2.647,2.7626,2.9103,3.0699,3.7541,3.8161,3.8355,3.9428,3.7826,3.8644,3.986,4.0643
pag,Latn,pang1290,Pangasinan,,Austronesian,Malayo-Polynesian,Northern Luzon,Austronesian > Malayo-Polynesian > Northern Luzon > Meso-Cordilleran > South-Central Cordilleran > Southern Cordilleran > West Southern Cordilleran,Austronesian > Northern Luzon > Meso-Cordilleran,Pangasinan,pag_Latn,997,Latin,Alphabet,1,1 byte,,,2.9742,3.1982,3.4604,3.7312,1.4754,1.4701,1.3961,1.1248,2.1606,2.018,1.754,1.2295,1.3206,1.243,1.0777,0.8667,1.5045,1.5239,1.4951,1.3402,1.475,1.4528,1.3797,1.16
pan,Guru,panj1256,Eastern Panjabi,,Indo-European,Classical Indo-European,Indo-Iranian,Indo-European > Classical Indo-European > Indo-Iranian > Indo-Aryan > Middle-Modern Indo-Aryan > Continental Indo-Aryan > Indo-Aryan Northwestern zone > Sindhi-Lahnda > Greater Panjabic > Eastern Panjabic,Indo-European > Indo-Iranian > Indo-Aryan > Middle-Modern Indo-Aryan > Continental Indo-Aryan > Indo-Aryan Northwestern zone > Greater Panjabic,Punjabi,pan_Guru,997,Gurmukhi,Abugida,3,3 bytes,11640973,11593313,3.1365,3.2462,3.5383,4.1509,3.9799,4.1185,4.2617,4.4046,4.433,4.509,4.616,4.6689,2.7252,2.9029,3.1447,3.3241,3.9076,4.0094,4.0755,4.0869,3.9935,4.084,4.2217,4.3002
pap,Latn,papi1253,Papiamento,,Indo-European,Classical Indo-European,Italic,Indo-European > Classical Indo-European > Italic > Latino-Faliscan > Latinic > Imperial Latin > Romance > Italo-Western Romance > Western Romance > Shifted Western Romance > Southwestern Shifted Romance > West Ibero-Romance > Galician Romance > Macro-Portuguese > Upper Guinea Portuguese,Indo-European > Italic > Italo-Western Romance > Western Romance > Shifted Western Romance > Southwestern Shifted Romance > West Ibero-Romance > Galician Romance > Macro-Portuguese > Upper Guinea Portuguese,Papiamento,pap_Latn,997,Latin,Alphabet,1,1 byte,,,3.0868,3.2971,3.5328,3.7481,1.577,1.5625,1.4475,1.1412,2.2656,2.1112,1.7941,1.2359,1.3487,1.2787,1.1431,1.0049,1.6004,1.604,1.5336,1.2921,1.5116,1.4877,1.3959,1.1147
pbt,Arab,sout2649,Southern Pashto,,Indo-European,Classical Indo-European,Indo-Iranian,Indo-European > Classical Indo-European > Indo-Iranian > Iranian-Nuristani > Iranian > Pashto > Nuclear Pashto,Indo-European > Indo-Iranian > Iranian-Nuristani > Pashto,Southern Pashto,pbt_Arab,997,Arabic,Abjad,2,2 bytes,6367306,6336284,4.8946,4.9193,4.6101,3.0065,2.3612,2.1771,1.7197,1.0023,3.4495,2.9833,2.1578,1.1005,1.7319,1.6782,1.6263,1.496,2.6828,2.6888,2.6092,2.3576,2.1731,2.1661,2.1086,1.8664
pes,Arab,west2369,Western Persian,,Indo-European,Classical Indo-European,Indo-Iranian,Indo-European > Classical Indo-European > Indo-Iranian > Iranian-Nuristani > Iranian > Southwestern Iranian > Middle-Modern Persian > Modern Southwestern Iranian > Farsic-Caucasian Tat > Farsic,Indo-European > Indo-Iranian > Iranian-Nuristani > Southwestern Iranian,Western Persian,pes_Arab,997,Arabic,Abjad,2,2 bytes,1271707294,1264171685,4.4795,4.4414,4.2489,2.9034,2.4587,2.331,1.963,1.357,3.4859,3.1044,2.3988,1.4518,1.9742,1.7976,1.5946,1.3364,2.6953,2.7112,2.6393,2.3944,2.2066,2.16,2.0372,1.7291
plt,Latn,plat1254,Plateau Malagasy,,Austronesian,Malayo-Polynesian,Basap-Greater Barito,Austronesian > Malayo-Polynesian > Basap-Greater Barito > Greater Barito linkage > Southeast Barito > Malagasic > North-Central Malagasic > Central-Eastern Malagasic,Austronesian > Basap-Greater Barito,Plateau Malagasy,plt_Latn,997,Latin,Alphabet,1,1 byte,6431320,6401178,3.8622,4.1906,4.5819,5.0763,1.7969,1.7439,1.5832,1.2274,2.6272,2.3829,1.9736,1.3431,1.6938,1.558,1.281,0.9013,1.8655,1.8538,1.7712,1.5652,1.8043,1.7378,1.5921,1.2982
pol,Latn,poli1260,Polish,,Indo-European,Classical Indo-European,Balto-Slavic,Indo-European > Classical Indo-European > Balto-Slavic > Slavic > West Slavic > Lechitic > Polish-Silesian,Indo-European > Balto-Slavic > Slavic > West Slavic > Lechitic,Polish,pol_Latn,997,Latin,Alphabet,1,1 byte,3430605391,3408199823,2.0691,2.0962,2.1164,2.0553,1.4554,1.4411,1.3853,1.2864,1.6097,1.5488,1.4459,1.298,1.3215,1.2871,1.2189,1.103,1.4362,1.4124,1.3404,1.2175,1.2345,1.2071,1.1548,1.0753
por,Latn,braz1246,Portuguese (Brazilian),,Indo-European,Classical Indo-European,Italic,Indo-European > Classical Indo-European > Italic > Latino-Faliscan > Latinic > Imperial Latin > Romance > Italo-Western Romance > Western Romance > Shifted Western Romance > Southwestern Shifted Romance > West Ibero-Romance > Galician Romance > Macro-Portuguese > Brazil-Portugal Portuguese > Portuguese,Indo-European > Italic > Italo-Western Romance > Western Romance > Shifted Western Romance > Southwestern Shifted Romance > West Ibero-Romance > Galician Romance > Macro-Portuguese > Brazil-Portugal Portuguese,Portuguese,por_Latn,997,Latin,Alphabet,1,1 byte,4099018104,4074503096,1.8108,1.8081,1.7933,1.6895,1.3409,1.3233,1.2597,1.1986,1.4753,1.43,1.3456,1.2425,1.2452,1.2182,1.1851,1.1429,1.3295,1.3061,1.2328,1.1641,1.2634,1.246,1.2016,1.1431
prs,Arab,dari1249,Dari,,Indo-European,Classical Indo-European,Indo-Iranian,Indo-European > Classical Indo-European > Indo-Iranian > Iranian-Nuristani > Iranian > Southwestern Iranian > Middle-Modern Persian > Modern Southwestern Iranian > Farsic-Caucasian Tat > Farsic > Eastern Farsic,Indo-European > Indo-Iranian > Iranian-Nuristani > Southwestern Iranian > Eastern Farsic,Dari,prs_Arab,997,Arabic,Abjad,2,2 bytes,,,4.3098,4.2576,4.0463,2.6845,2.3752,2.2334,1.8514,1.2339,3.3798,2.986,2.2726,1.325,1.8082,1.668,1.531,1.3208,2.6181,2.6392,2.5645,2.3134,2.1013,2.0678,1.9578,1.6761
quy,Latn,ayac1239,Ayacucho Quechua,,Quechuan,Southern Quechua,Ayacuchan Quechua,Quechuan > Southern Quechua > Ayacuchan Quechua,Quechuan,Ayacucho Quechua,quy_Latn,997,Latin,Alphabet,1,1 byte,,,3.2349,3.4899,3.7887,4.102,1.5819,1.5497,1.4204,1.0994,2.3222,2.133,1.7878,1.2034,1.4612,1.3708,1.1347,0.7387,1.6274,1.6286,1.5606,1.364,1.5979,1.5473,1.4179,1.1508
ron,Latn,roma1327,Romanian,,Indo-European,Classical Indo-European,Italic,Indo-European > Classical Indo-European > Italic > Latino-Faliscan > Latinic > Imperial Latin > Romance > Eastern Romance > Northern Romanian > Eastern Romanian,Indo-European > Italic > Eastern Romance,Romanian,ron_Latn,997,Latin,Alphabet,1,1 byte,1125558850,1119333515,2.335,2.3939,2.448,2.3613,1.5321,1.5225,1.468,1.3855,1.8171,1.742,1.6125,1.4361,1.4283,1.373,1.2938,1.1814,1.5182,1.4988,1.4331,1.3349,1.3882,1.3594,1.2988,1.2057
run,Latn,rund1242,Rundi,,Atlantic-Congo,Volta-Congo,Benue-Congo,Atlantic-Congo > Volta-Congo > Benue-Congo > Bantoid > Southern Bantoid > Narrow Bantu > East Bantu > Northeast Savanna Bantu > Great Lakes Bantu > Western Lakes Bantu > Kivu > West Highlands Kivu > Rundic,Atlantic-Congo > Volta-Congo > Benue-Congo > Bantoid > East Bantu > Northeast Savanna Bantu > Great Lakes Bantu > Western Lakes Bantu > Rundic,Rundi,run_Latn,997,Latin,Alphabet,1,1 byte,172804,171267,3.5356,3.8412,4.21,4.6277,1.7043,1.6804,1.5099,1.0743,2.5572,2.3536,1.9243,1.1833,1.4493,1.3593,1.1551,0.8541,1.7703,1.7976,1.7562,1.5263,1.6724,1.651,1.5543,1.28
rus,Cyrl,russ1263,Russian,,Indo-European,Classical Indo-European,Balto-Slavic,Indo-European > Classical Indo-European > Balto-Slavic > Slavic > East Slavic,Indo-European > Balto-Slavic > Slavic > East Slavic,Russian,rus_Cyrl,997,Cyrillic,Alphabet,2,2 bytes,13473783858,13397737772,1.4283,1.3291,1.2711,1.1718,2.5777,2.4722,2.1252,1.5273,1.7646,1.7718,1.7545,1.4782,1.7826,1.7335,1.6522,1.5804,2.7373,2.7054,2.5697,2.113,2.2185,2.2278,2.202,2.0049
sag,Latn,sang1328,Sango,,Atlantic-Congo,Volta-Congo,North Volta-Congo,Atlantic-Congo > Volta-Congo > North Volta-Congo > Cameroun-Ubangian > Ubangi > Ngbandi-Mongoba-Kazibati > Ngbandic > Nuclear Ngbandic > Sangoic,Atlantic-Congo > Volta-Congo > North Volta-Congo > Cameroun-Ubangian,Sango,sag_Latn,997,Latin,Alphabet,1,1 byte,363372,363127,3.3873,3.6505,3.944,4.2411,1.6821,1.6588,1.524,1.1608,2.4905,2.3001,1.9287,1.2803,1.4952,1.4402,1.3076,0.9833,1.7313,1.7465,1.6863,1.4545,1.7733,1.7386,1.6216,1.2946
san,Deva,sans1269,Sanskrit,,Indo-European,Classical Indo-European,Indo-Iranian,Indo-European > Classical Indo-European > Indo-Iranian > Indo-Aryan,Indo-European > Indo-Iranian > Indo-Aryan,Sanskrit,san_Deva,997,Devanagari,Abugida,3,3 bytes,5674920,5648368,2.9146,3.0499,3.2461,3.414,3.7124,3.81,3.8334,3.869,4.1799,4.2625,4.4123,4.2346,2.6585,2.7493,2.8328,2.876,3.6888,3.768,3.7315,3.7637,3.7683,3.8547,3.9936,4.0476
sat,Olck,sant1410,Santali,,Austroasiatic,Mundaic,North Munda,Austroasiatic > Mundaic > North Munda > Kherwarian > Santalic,Austroasiatic > Mundaic,Santali,sat_Olck,997,Ol Chiki,Abugida,3,3 bytes,,,4.0651,4.2264,4.5524,5.3469,4.4068,4.5493,4.6871,5.2499,5.3901,5.4681,5.598,5.7695,3.3334,3.5921,4.0177,4.6454,4.1616,4.1444,4.282,4.803,4.8023,4.8826,5.0061,5.1652
scn,Latn,sici1248,Sicilian,,Indo-European,Classical Indo-European,Italic,Indo-European > Classical Indo-European > Italic > Latino-Faliscan > Latinic > Imperial Latin > Romance > Italo-Western Romance > Italo-Dalmatian > Italian Romance > Southern Italian Romance,Indo-European > Italic > Italo-Western Romance > Italo-Dalmatian > Italian Romance > Southern Italian Romance,Sicilian,scn_Latn,997,Latin,Alphabet,1,1 byte,,,3.0328,3.1899,3.351,3.3471,1.612,1.587,1.4582,1.1553,2.2721,2.1044,1.7855,1.2542,1.3716,1.3095,1.1871,0.994,1.6405,1.6347,1.5529,1.3099,1.5208,1.4862,1.394,1.1285
shn,Mymr,shan1277,Shan,,Tai-Kadai,Kam-Tai,Daic-Beic,Tai-Kadai > Kam-Tai > Daic-Beic > Daic > Central-Southwestern Tai > Wenma-Southwestern Tai > Sapa-Southwestern Tai > Southwestern Tai > Southwestern Tai P > Shanic > Southern Shanic,Tai-Kadai > Southwestern Tai P,Shan,shn_Mymr,997,Burmese,Abugida,3,3 bytes,,,5.2927,5.1409,5.5158,6.5111,7.7727,8.0261,8.1877,7.7521,6.9808,7.1003,7.2757,7.4345,4.1606,4.4276,4.8244,5.2907,7.4637,7.494,7.063,6.1368,6.0528,6.1839,6.4047,6.58
sin,Sinh,sinh1246,Sinhala,,Indo-European,Classical Indo-European,Indo-Iranian,Indo-European > Classical Indo-European > Indo-Iranian > Indo-Aryan > Middle-Modern Indo-Aryan > Dhivehi-Sinhala > Sinhalaic,Indo-European > Indo-Iranian > Indo-Aryan > Middle-Modern Indo-Aryan > Dhivehi-Sinhala,Sinhala,sin_Sinh,997,Sinhala,Abugida,3,3 bytes,15218821,15163617,3.2745,3.4039,3.6809,4.2901,4.3972,4.4327,4.4426,4.5638,4.5427,4.6258,4.7603,4.8592,2.8018,2.9834,3.2316,3.4172,4.321,4.3151,4.2903,4.3588,4.1009,4.196,4.3533,4.5573
slk,Latn,slov1269,Slovak,,Indo-European,Classical Indo-European,Balto-Slavic,Indo-European > Classical Indo-European > Balto-Slavic > Slavic > West Slavic > Czech-Slovak,Indo-European > Balto-Slavic > Slavic > West Slavic > Czech-Slovak,Slovak,slk_Latn,997,Latin,Alphabet,1,1 byte,696039997,691361945,2.7766,2.8954,3.0333,3.1099,1.4992,1.478,1.4239,1.2945,2.0449,1.913,1.7161,1.3946,1.3872,1.3128,1.1604,0.9663,1.5079,1.4897,1.4433,1.3259,1.3742,1.3339,1.2615,1.1076
slv,Latn,slov1268,Slovenian,,Indo-European,Classical Indo-European,Balto-Slavic,Indo-European > Classical Indo-European > Balto-Slavic > Slavic > South Slavic > Western South Slavic,Indo-European > Balto-Slavic > Slavic > South Slavic > Western South Slavic,Slovenian,slv_Latn,997,Latin,Alphabet,1,1 byte,295443845,293532981,2.6405,2.7383,2.8249,2.7965,1.4125,1.3917,1.3249,1.2033,1.9659,1.8302,1.6184,1.304,1.2253,1.1724,1.077,0.9476,1.4274,1.4151,1.3655,1.2664,1.3069,1.2832,1.226,1.099
smo,Latn,samo1305,Samoan,,Austronesian,Malayo-Polynesian,Eastern Malayo-Polynesian,Austronesian > Malayo-Polynesian > Eastern Malayo-Polynesian > Oceanic > Central Pacific linkage > Tokalau Fijian > Polynesian > Nuclear Polynesian > Ellicean > Pukapukic > Samoan-Tokelauan,Austronesian > Eastern Malayo-Polynesian > Polynesian > Ellicean,Samoan,smo_Latn,997,Latin,Alphabet,1,1 byte,982573,978614,3.6699,3.9788,4.3495,4.841,1.9415,1.9159,1.741,1.3351,2.8137,2.5978,2.1521,1.4309,1.6845,1.5849,1.3481,0.9269,1.9791,1.9835,1.8751,1.5709,1.8767,1.8188,1.6443,1.2593
sna,Latn,shon1251,Shona,,Atlantic-Congo,Volta-Congo,Benue-Congo,Atlantic-Congo > Volta-Congo > Benue-Congo > Bantoid > Southern Bantoid > Narrow Bantu > East Bantu > Southern Bantu > Shona (S.10) > Core Shona > Plateau Shona > Central Shona,Atlantic-Congo > Volta-Congo > Benue-Congo > Bantoid > East Bantu > Southern Bantu > Shona (S.10),Shona,sna_Latn,997,Latin,Alphabet,1,1 byte,1015714,1010485,3.5128,3.8194,4.1961,4.6533,1.6302,1.5783,1.3956,0.997,2.4491,2.2137,1.7809,1.1001,1.4794,1.3705,1.141,0.7906,1.7102,1.7099,1.6318,1.4117,1.6173,1.5647,1.4322,1.1469
snd,Arab,sind1272,Sindhi (Arabic script),,Indo-European,Classical Indo-European,Indo-Iranian,Indo-European > Classical Indo-European > Indo-Iranian > Indo-Aryan > Middle-Modern Indo-Aryan > Continental Indo-Aryan > Indo-Aryan Northwestern zone > Sindhi-Lahnda > Sindhic > Sindhi-Kachchi,Indo-European > Indo-Iranian > Indo-Aryan > Middle-Modern Indo-Aryan > Continental Indo-Aryan > Indo-Aryan Northwestern zone > Sindhic,Sindhi (Arabic),snd_Arab,997,Arabic,Abjad,2,2 bytes,2500046,2476633,4.3806,4.3237,3.9555,3.2543,2.4244,2.4027,2.2242,1.5809,3.5733,3.3398,2.8429,1.7565,1.8987,1.898,1.855,1.6325,2.5999,2.6843,2.7619,2.7815,2.5299,2.5642,2.5926,2.4871
snd,Deva,sind1272,Sindhi (Devanagari script),dev only,Indo-European,Classical Indo-European,Indo-Iranian,Indo-European > Classical Indo-European > Indo-Iranian > Indo-Aryan > Middle-Modern Indo-Aryan > Continental Indo-Aryan > Indo-Aryan Northwestern zone > Sindhi-Lahnda > Sindhic > Sindhi-Kachchi,Indo-European > Indo-Iranian > Indo-Aryan > Middle-Modern Indo-Aryan > Continental Indo-Aryan > Indo-Aryan Northwestern zone > Sindhic,Sindhi (Devanagari),snd_Deva,997,Devanagari,Abugida,3,3 bytes,2500046,2476633,2.8952,3.0783,3.3404,3.5742,3.6965,3.8728,3.9468,4.0025,4.2405,4.3296,4.4864,4.3822,2.6777,2.7768,2.8557,2.9243,3.6637,3.8165,3.6786,3.8058,3.8173,3.9067,4.0545,4.1122
som,Latn,soma1255,Somali,,Afro-Asiatic,Cushitic,East Cushitic,Afro-Asiatic > Cushitic > East Cushitic > Lowland East Cushitic > Southern Lowland East Cushitic > Mainstream Lowland East Cushitic > Omo-Tana > Eastern Omo-Tana,Afro-Asiatic > Cushitic > Omo-Tana,Somali,som_Latn,997,Latin,Alphabet,1,1 byte,8811562,8782377,3.6145,3.9361,4.3164,4.758,1.6683,1.6407,1.508,1.1618,2.5076,2.3063,1.9286,1.2826,1.4879,1.3727,1.1436,0.908,1.7414,1.765,1.7356,1.5934,1.6507,1.6329,1.5552,1.3322
sot,Latn,sout2807,Southern Sotho,,Atlantic-Congo,Volta-Congo,Benue-Congo,Atlantic-Congo > Volta-Congo > Benue-Congo > Bantoid > Southern Bantoid > Narrow Bantu > East Bantu > Southern Bantu > Nuclear Southern Bantu > Dimsuffix Southern Bantu > Sotho-Tswana (S.30) > Western Sotho-Tswana > Central Sotho-Tswana > Sesotho-Lozi,Atlantic-Congo > Volta-Congo > Benue-Congo > Bantoid > East Bantu > Southern Bantu > Nuclear Southern Bantu > Sotho-Tswana (S.30) > Western Sotho-Tswana > Sesotho-Lozi,Southern Sotho,sot_Latn,997,Latin,Alphabet,1,1 byte,952169,947711,3.768,4.0839,4.4485,4.8624,1.8511,1.8047,1.6101,1.1562,2.7689,2.5244,2.0533,1.2719,1.5598,1.4848,1.3224,1.0381,1.9291,1.9357,1.8605,1.6015,1.8674,1.8262,1.6947,1.3626
spa,Latn,amer1254,Spanish (Latin American),,Indo-European,Classical Indo-European,Italic,Indo-European > Classical Indo-European > Italic > Latino-Faliscan > Latinic > Imperial Latin > Romance > Italo-Western Romance > Western Romance > Shifted Western Romance > Southwestern Shifted Romance > West Ibero-Romance > Castilic > Spanish,Indo-European > Italic > Italo-Western Romance > Western Romance > Shifted Western Romance > Southwestern Shifted Romance > West Ibero-Romance > Castilic,Spanish,spa_Latn,997,Latin,Alphabet,1,1 byte,8721329091,8661896197,1.7077,1.7048,1.7003,1.6141,1.4533,1.4381,1.3643,1.2878,1.5074,1.4746,1.4139,1.3293,1.3311,1.3136,1.282,1.2637,1.4436,1.4225,1.3375,1.2604,1.348,1.3328,1.2964,1.2479
srd,Latn,sard1257,Sardinian,[1],Indo-European,Classical Indo-European,Italic,Indo-European > Classical Indo-European > Italic > Latino-Faliscan > Latinic > Imperial Latin > Romance,Indo-European > Italic,Sardinian,srd_Latn,997,Latin,Alphabet,1,1 byte,,,3.2876,3.4498,3.604,3.5909,1.6638,1.6333,1.5018,1.2486,2.3582,2.1808,1.8488,1.362,1.4513,1.3877,1.268,1.1025,1.6994,1.6905,1.6107,1.4162,1.6159,1.5863,1.4916,1.2562
srp,Cyrl,serb1264,Serbian,,Indo-European,Classical Indo-European,Balto-Slavic,Indo-European > Classical Indo-European > Balto-Slavic > Slavic > South Slavic > Western South Slavic > Serbian-Croatian-Bosnian > Shtokavski > New Shtokavian > Eastern Herzegovinian Shtokavian,Indo-European > Balto-Slavic > Slavic > South Slavic > Western South Slavic > Serbian-Croatian-Bosnian,Serbian,srp_Cyrl,997,Cyrillic,Alphabet,2,2 bytes,428606923,426190099,1.7825,1.6379,1.5005,1.308,2.6389,2.5643,2.2703,1.7075,2.1276,2.1152,2.0613,1.6851,1.7286,1.6762,1.5871,1.4922,2.7717,2.7819,2.6861,2.3396,2.1807,2.1893,2.1818,2.0477
ssw,Latn,swat1243,Swati,,Atlantic-Congo,Volta-Congo,Benue-Congo,Atlantic-Congo > Volta-Congo > Benue-Congo > Bantoid > Southern Bantoid > Narrow Bantu > East Bantu > Southern Bantu > Nuclear Southern Bantu > Dimsuffix Southern Bantu > Nguni-Tsonga-Copi > Nguni (S.40) > Nuclear Nguni > Southern Ndebele-Lowland > Swatic,Atlantic-Congo > Volta-Congo > Benue-Congo > Bantoid > East Bantu > Southern Bantu > Nuclear Southern Bantu > Nguni-Tsonga-Copi > Nguni (S.40) > Swatic,Swati,ssw_Latn,997,Latin,Alphabet,1,1 byte,76074,74395,3.5586,3.8725,4.2429,4.6814,1.6262,1.576,1.3854,0.9737,2.4443,2.2115,1.768,1.0756,1.4707,1.3646,1.1286,0.7659,1.7134,1.7219,1.6596,1.4544,1.6375,1.5926,1.4752,1.2019
sun,Latn,sund1252,Sundanese,,Austronesian,Malayo-Polynesian,,Austronesian > Malayo-Polynesian,Austronesian,Sundanese,sun_Latn,997,Latin,Alphabet,1,1 byte,2136693,2127295,3.1079,3.3341,3.5638,3.6947,1.5614,1.5577,1.4738,1.1732,2.2761,2.129,1.8456,1.2848,1.3669,1.2899,1.1057,0.8609,1.5964,1.6177,1.5858,1.4144,1.5717,1.5476,1.4729,1.2425
swe,Latn,swed1254,Swedish,,Indo-European,Classical Indo-European,Germanic,Indo-European > Classical Indo-European > Germanic > Northwest Germanic > North Germanic > North Scandinavian > East-Central Swedic > East Swedic,Indo-European > Germanic > North Germanic > North Scandinavian,Swedish,swe_Latn,997,Latin,Alphabet,1,1 byte,1409838855,1398770001,2.0896,2.137,2.1729,2.0839,1.323,1.3215,1.2855,1.2488,1.6722,1.6039,1.4877,1.328,1.2362,1.1892,1.1117,1.0329,1.3111,1.3019,1.2563,1.2087,1.2466,1.2239,1.1774,1.107
swh,Latn,swah1253,Swahili,,Atlantic-Congo,Volta-Congo,Benue-Congo,Atlantic-Congo > Volta-Congo > Benue-Congo > Bantoid > Southern Bantoid > Narrow Bantu > East Bantu > Northeast Savanna Bantu > Northeast Coastal Bantu > Coastal NEC Bantu > Sabaki-Swahili > Swahili (G.40) > Mombasa-Lamu-Inland Swahili,Atlantic-Congo > Volta-Congo > Benue-Congo > Bantoid > East Bantu > Northeast Savanna Bantu > Northeast Coastal Bantu,Swahili,swh_Latn,997,Latin,Alphabet,1,1 byte,16167752,16103776,3.2673,3.5407,3.8639,4.1371,1.6787,1.6794,1.5635,1.1757,2.5096,2.3484,1.9927,1.297,1.3771,1.305,1.1394,0.8608,1.7256,1.7683,1.747,1.5621,1.6556,1.6446,1.574,1.3251
szl,Latn,sile1253,Silesian,,Indo-European,Classical Indo-European,Balto-Slavic,Indo-European > Classical Indo-European > Balto-Slavic > Slavic > West Slavic > Lechitic > Polish-Silesian,Indo-European > Balto-Slavic > Slavic > West Slavic > Lechitic,Silesian,szl_Latn,997,Latin,Alphabet,1,1 byte,,,2.8935,3.047,3.217,3.3188,1.5124,1.4945,1.4202,1.2725,2.0889,1.9474,1.7121,1.37,1.3776,1.3003,1.1623,0.9677,1.5242,1.5104,1.4467,1.3179,1.3872,1.3453,1.2608,1.1052
tam,Taml,tami1289,Tamil,,Dravidian,South Dravidian,South Dravidian I,Dravidian > South Dravidian > South Dravidian I > Tamil-Kannada > Tamil-Kota > Tamil-Toda > Tamil-Irula > Tamil-Kodagu > Tamil-Malayalam > Tamiloid > Tamil-Paliyan,Dravidian > South Dravidian I > Tamil-Kota > Tamiloid,Tamil,tam_Taml,997,Tamil,Abugida,3,3 bytes,85165919,84823478,3.1548,3.1691,3.3256,3.7114,5.0807,5.004,4.4632,4.082,4.3443,4.418,4.5258,4.4316,2.9129,3.0039,3.2154,3.6131,5.0906,5.0142,4.4909,4.0984,4.1093,4.1939,4.3216,4.3716
taq,Latn,tama1365,Tamasheq (Latin script),,Afro-Asiatic,Berber,Tuareg,Afro-Asiatic > Berber > Tuareg > Southern Tuareg,Afro-Asiatic > Berber > Tuareg,Tamasheq (Latin),taq_Latn,997,Latin,Alphabet,1,1 byte,,,3.1851,3.48,3.8536,4.5152,1.3901,1.3572,1.2412,1.0135,2.0741,1.8896,1.5737,1.1149,1.3482,1.242,1.0498,0.7895,1.4332,1.4232,1.3637,1.2129,1.3722,1.3261,1.2282,1.0117
taq,Tfng,tama1365,Tamasheq (Tifinagh script),,Afro-Asiatic,Berber,Tuareg,Afro-Asiatic > Berber > Tuareg > Southern Tuareg,Afro-Asiatic > Berber > Tuareg,Tamasheq (Tifinagh),taq_Tfng,997,Tifinagh,Alphabet,2,2 bytes,,,4.0318,3.9875,4.0173,4.2594,3.1819,3.2568,3.3577,3.7154,4.1606,4.1525,4.1287,4.0869,2.5624,2.704,2.9165,3.1789,3.1023,3.1424,3.2015,3.5734,3.5569,3.606,3.6748,3.7568
tat,Cyrl,tata1255,Tatar,,Turkic,Common Turkic,Kipchak-Turkestan,Turkic > Common Turkic > Kipchak-Turkestan > Kipchak > Northwest Kipchak > North Kipchak > Bashkiric,Turkic > Common Turkic > Kipchak-Turkestan > Kipchak > Northwest Kipchak > North Kipchak,Tatar,tat_Cyrl,997,Cyrillic,Alphabet,2,2 bytes,13992169,13955010,4.5981,4.6092,4.5371,3.9203,2.8099,2.7529,2.4611,1.7524,3.9178,3.6388,3.0303,1.9145,2.205,2.1321,1.9799,1.6061,2.9507,2.9955,2.94,2.6303,2.6063,2.5804,2.4663,2.1194
tel,Telu,telu1262,Telugu,,Dravidian,South Dravidian,South Dravidian II,Dravidian > South Dravidian > South Dravidian II > Teluguic,Dravidian > South Dravidian II,Telugu,tel_Telu,997,Telugu,Abugida,3,3 bytes,34841942,34709401,3.1133,3.2716,3.5159,3.8299,4.3126,4.4013,4.2509,4.132,4.4341,4.5181,4.6525,4.4929,2.7755,2.8726,2.9843,3.0455,4.2449,4.2624,3.9798,3.8826,3.9316,4.0201,4.1612,4.166
tgk,Cyrl,taji1245,Tajik,,Indo-European,Classical Indo-European,Indo-Iranian,Indo-European > Classical Indo-European > Indo-Iranian > Iranian-Nuristani > Iranian > Southwestern Iranian > Middle-Modern Persian > Modern Southwestern Iranian > Farsic-Caucasian Tat > Farsic > Eastern Farsic > Tajikic,Indo-European > Indo-Iranian > Iranian-Nuristani > Southwestern Iranian > Eastern Farsic > Tajikic,Tajik,tgk_Cyrl,997,Cyrillic,Alphabet,2,2 bytes,10533180,10506081,4.7961,4.7339,4.5398,3.6322,3.0942,3.0433,2.7522,1.9715,4.2889,4.0111,3.3997,2.1717,2.2562,2.1936,2.0893,1.8262,3.2653,3.3441,3.3332,3.0997,2.8766,2.8854,2.8311,2.5675
tha,Thai,thai1261,Thai,,Tai-Kadai,Kam-Tai,Daic-Beic,Tai-Kadai > Kam-Tai > Daic-Beic > Daic > Central-Southwestern Tai > Wenma-Southwestern Tai > Sapa-Southwestern Tai > Southwestern Tai > Southwestern Thai PH > Lao-Thai,Tai-Kadai > Southwestern Thai PH,Thai,tha_Thai,997,Thai,Abugida,3,3 bytes,745804664,741927782,3.088,3.3274,3.6537,4.162,3.907,3.8641,3.9613,4.5722,4.5609,4.6558,4.829,5.0162,2.9085,3.071,3.274,3.4511,3.75,3.7044,3.838,4.4057,4.206,4.2998,4.4584,4.7024
tir,Ethi,tigr1271,Tigrinya,,Afro-Asiatic,Semitic,West Semitic,Afro-Asiatic > Semitic > West Semitic > Ethiosemitic,Afro-Asiatic > Semitic > Ethiosemitic,Tigrinya,tir_Ethi,997,Ethiopic,Abugida,3,3 bytes,1422770,1408041,3.8407,4.1646,4.597,4.7023,3.7144,4.0399,4.5094,4.9362,5.5931,5.6748,5.7578,5.467,1.9426,2.0589,2.2436,2.4463,3.6955,4.006,4.3226,4.1431,2.7993,2.8522,2.8923,2.6999
tpi,Latn,tokp1240,Tok Pisin,,Indo-European,Classical Indo-European,Germanic,Indo-European > Classical Indo-European > Germanic > Northwest Germanic > West Germanic > North Sea Germanic > Anglo-Frisian > Anglic > Later Anglic > Middle-Modern English > Macro-English > Pacific Creole English > Early Melanesian Pidgin,Indo-European > Germanic > West Germanic > North Sea Germanic > Pacific Creole English,Tok Pisin,tpi_Latn,997,Latin,Alphabet,1,1 byte,,,3.5221,3.7709,4.063,4.3369,1.8272,1.8125,1.7084,1.4185,2.566,2.4103,2.1114,1.544,1.6616,1.5816,1.4168,1.1725,1.837,1.8283,1.7459,1.4969,1.8691,1.8314,1.7151,1.3754
tsn,Latn,tswa1253,Tswana,,Atlantic-Congo,Volta-Congo,Benue-Congo,Atlantic-Congo > Volta-Congo > Benue-Congo > Bantoid > Southern Bantoid > Narrow Bantu > East Bantu > Southern Bantu > Nuclear Southern Bantu > Dimsuffix Southern Bantu > Sotho-Tswana (S.30) > Western Sotho-Tswana > Central Sotho-Tswana,Atlantic-Congo > Volta-Congo > Benue-Congo > Bantoid > East Bantu > Southern Bantu > Nuclear Southern Bantu > Sotho-Tswana (S.30) > Western Sotho-Tswana,Tswana,tsn_Latn,997,Latin,Alphabet,1,1 byte,386856,383554,3.9417,4.2777,4.6827,5.1784,1.905,1.8457,1.6244,1.1328,2.8521,2.5811,2.0719,1.2502,1.6002,1.5262,1.3832,1.0763,1.9988,1.9972,1.8969,1.611,1.908,1.8594,1.7134,1.3613
tso,Latn,tson1249,Tsonga,,Atlantic-Congo,Volta-Congo,Benue-Congo,Atlantic-Congo > Volta-Congo > Benue-Congo > Bantoid > Southern Bantoid > Narrow Bantu > East Bantu > Southern Bantu > Nuclear Southern Bantu > Dimsuffix Southern Bantu > Nguni-Tsonga-Copi > Tsonga-Copi > Tswa-Ronga (S.50) > Tsongan,Atlantic-Congo > Volta-Congo > Benue-Congo > Bantoid > East Bantu > Southern Bantu > Nuclear Southern Bantu > Nguni-Tsonga-Copi > Tsonga-Copi,Tsonga,tso_Latn,997,Latin,Alphabet,1,1 byte,127912,127165,3.7356,4.0447,4.4075,4.7596,1.8557,1.8175,1.6406,1.1998,2.7557,2.5238,2.0749,1.3177,1.5737,1.4992,1.3313,1.0305,1.9238,1.9309,1.857,1.5975,1.8684,1.8256,1.6926,1.362
tuk,Latn,turk1304,Turkmen,,Turkic,Common Turkic,Oghuz,Turkic > Common Turkic > Oghuz > Nuclear Oghuz > East Oghuz,Turkic > Common Turkic > Oghuz > East Oghuz,Turkmen,tuk_Latn,997,Latin,Alphabet,1,1 byte,3821690,3808159,3.6932,4.0337,4.4636,5.122,1.5942,1.5269,1.3649,1.0091,2.4013,2.146,1.7448,1.1149,1.5066,1.3327,1.0272,0.778,1.6816,1.663,1.5872,1.3997,1.4509,1.3931,1.2864,1.0683
tum,Latn,tumb1250,Tumbuka,,Atlantic-Congo,Volta-Congo,Benue-Congo,Atlantic-Congo > Volta-Congo > Benue-Congo > Bantoid > Southern Bantoid > Narrow Bantu > East Bantu > Tumbuka-Sena-Nyanja > Tumbukic,Atlantic-Congo > Volta-Congo > Benue-Congo > Bantoid > East Bantu > Tumbuka-Sena-Nyanja > Tumbukic,Tumbuka,tum_Latn,997,Latin,Alphabet,1,1 byte,,,4.0447,4.3827,4.7822,5.2141,1.9976,1.9497,1.7329,1.2268,2.962,2.7051,2.1992,1.3522,1.6971,1.5959,1.3841,1.0217,2.0722,2.08,1.9849,1.669,1.9529,1.9132,1.7736,1.4022
tur,Latn,nucl1301,Turkish,,Turkic,Common Turkic,Oghuz,Turkic > Common Turkic > Oghuz > Nuclear Oghuz > West Oghuz,Turkic > Common Turkic > Oghuz > West Oghuz,Turkish,tur_Latn,997,Latin,Alphabet,1,1 byte,1975738495,1964050769,2.9954,3.1965,3.4184,3.547,1.6445,1.6595,1.619,1.4547,2.3458,2.2208,1.9899,1.5749,1.43,1.3257,1.1051,0.8381,1.6496,1.6661,1.6298,1.4789,1.4376,1.3997,1.3118,1.0817
twi,Latn,akua1239,Akuapem Twi,,Atlantic-Congo,Volta-Congo,Kwa Volta-Congo,Atlantic-Congo > Volta-Congo > Kwa Volta-Congo > Nyo > Potou-Tano > Tano > Central Tano > Akanic > Akan > Twi,Atlantic-Congo > Volta-Congo > Kwa Volta-Congo > Nyo,Akuapem Twi,twi_Latn_akua1239,997,Latin,Alphabet,1,1 byte,,,3.3277,3.6345,4.0328,4.7154,1.4379,1.3585,1.1674,0.8525,2.1464,1.8912,1.4754,0.9353,1.4516,1.3555,1.1578,0.7713,1.5055,1.4637,1.3422,1.0959,1.4573,1.3723,1.1953,0.8852
twi,Latn,asan1239,Asante Twi,,Atlantic-Congo,Volta-Congo,Kwa Volta-Congo,Atlantic-Congo > Volta-Congo > Kwa Volta-Congo > Nyo > Potou-Tano > Tano > Central Tano > Akanic > Akan > Twi,Atlantic-Congo > Volta-Congo > Kwa Volta-Congo > Nyo,Asante Twi,twi_Latn_asan1239,997,Latin,Alphabet,1,1 byte,,,3.4308,3.7513,4.1653,4.8911,1.5132,1.434,1.2369,0.9202,2.2497,1.9872,1.5583,1.0085,1.5169,1.4143,1.2052,0.8022,1.5695,1.5244,1.3756,1.1168,1.5085,1.413,1.208,0.8901
tyv,Cyrl,tuvi1240,Tuvan,,Turkic,Common Turkic,South Siberian Turkic,Turkic > Common Turkic > South Siberian Turkic > Sayan-Yenisei Turkic > Sayan,Turkic > Common Turkic > South Siberian Turkic > Sayan,Tuvinian,tyv_Cyrl,997,Cyrillic,Alphabet,2,2 bytes,,,4.6524,4.6083,4.4612,3.7889,3.2347,3.2382,3.0249,2.295,4.417,4.2114,3.6918,2.5139,2.5012,2.4492,2.3526,2.0056,3.3679,3.4715,3.5043,3.3144,3.128,3.1286,3.0578,2.7731
uig,Arab,uigh1240,Uyghur,,Turkic,Common Turkic,Kipchak-Turkestan,Turkic > Common Turkic > Kipchak-Turkestan > Turkestan > Modern Turkestan > Uyghuric,Turkic > Common Turkic > Kipchak-Turkestan > Turkestan > Uyghuric,Uyghur,uig_Arab,997,Arabic,Abjad,2,2 bytes,2481026,2473081,6.0034,6.2448,6.3044,5.0172,2.7157,2.5262,1.9617,1.0023,4.038,3.5156,2.4941,1.1056,2.249,2.1739,2.0514,1.7013,3.064,3.1152,3.072,2.817,2.8186,2.8124,2.7107,2.3264
ukr,Cyrl,ukra1253,Ukrainian,,Indo-European,Classical Indo-European,Balto-Slavic,Indo-European > Classical Indo-European > Balto-Slavic > Slavic > East Slavic > Ukrainian-Rusyn,Indo-European > Balto-Slavic > Slavic > East Slavic > Ukrainian-Rusyn,Ukrainian,ukr_Cyrl,997,Cyrillic,Alphabet,2,2 bytes,911455063,899679131,1.5451,1.4197,1.3288,1.2258,2.5578,2.4482,2.1148,1.5066,1.862,1.8607,1.8253,1.5051,1.7159,1.6614,1.5814,1.5122,2.7107,2.6875,2.5527,2.1209,2.1424,2.1519,2.1374,1.9527
umb,Latn,umbu1257,Umbundu,,Atlantic-Congo,Volta-Congo,Benue-Congo,Atlantic-Congo > Volta-Congo > Benue-Congo > Bantoid > Southern Bantoid > Narrow Bantu > Central-Western Bantu > Njila > Southern Njila > Kunene,Atlantic-Congo > Volta-Congo > Benue-Congo > Bantoid > Central-Western Bantu > Njila > Southern Njila > Kunene,Umbundu,umb_Latn,997,Latin,Alphabet,1,1 byte,,,3.2162,3.4972,3.8382,4.3089,1.5418,1.5077,1.3493,0.9913,2.2839,2.0907,1.705,1.091,1.3576,1.2484,1.0191,0.7538,1.592,1.5974,1.5248,1.2869,1.4899,1.4557,1.3445,1.0653
urd,Arab,urdu1245,Urdu,,Indo-European,Classical Indo-European,Indo-Iranian,Indo-European > Classical Indo-European > Indo-Iranian > Indo-Aryan > Middle-Modern Indo-Aryan > Continental Indo-Aryan > Midlands Indo-Aryan > Shaurasenic > Indo-Aryan Central zone > Western Hindi > Hindustani,Indo-European > Indo-Iranian > Indo-Aryan > Middle-Modern Indo-Aryan > Continental Indo-Aryan > Midlands Indo-Aryan > Shaurasenic > Indo-Aryan Central zone,Urdu,urd_Arab,997,Arabic,Abjad,2,2 bytes,52677605,52410770,4.8608,4.859,4.5587,2.8,2.444,2.2419,1.7456,0.9897,3.4603,2.976,2.1246,1.0734,1.8526,1.6853,1.5442,1.3982,2.7726,2.7747,2.6733,2.364,2.105,2.0641,1.9406,1.6172
uzn,Latn,nort2690,Northern Uzbek,,Turkic,Common Turkic,Kipchak-Turkestan,Turkic > Common Turkic > Kipchak-Turkestan > Turkestan > Modern Turkestan > Uzbek,Turkic > Common Turkic > Kipchak-Turkestan > Turkestan > Uzbek,Northern Uzbek,uzn_Latn,997,Latin,Alphabet,1,1 byte,36822402,36635418,3.6183,3.952,4.3549,4.874,1.6026,1.5654,1.4414,1.0844,2.4071,2.1967,1.8431,1.1992,1.453,1.332,1.0831,0.8025,1.6843,1.6934,1.661,1.5324,1.5839,1.5511,1.478,1.2899
uzs,Arab,sout2699,Southern Uzbek,dev only,Turkic,Common Turkic,Kipchak-Turkestan,Turkic > Common Turkic > Kipchak-Turkestan > Turkestan > Modern Turkestan > Uzbek,Turkic > Common Turkic > Kipchak-Turkestan > Turkestan > Uzbek,Southern Uzbek,uzs_Arab,997,Arabic,Abjad,2,2 bytes,36822402,36635418,5.2238,5.3214,5.2811,3.8252,2.5716,2.376,1.9494,1.336,3.7021,3.2039,2.3923,1.433,2.36,2.0458,1.6322,1.2636,2.8781,2.8435,2.7043,2.3942,2.3224,2.2159,1.9874,1.547
vec,Latn,vene1259,Venetian,,Indo-European,Classical Indo-European,Italic,Indo-European > Classical Indo-European > Italic > Latino-Faliscan > Latinic > Imperial Latin > Romance > Italo-Western Romance > Italo-Dalmatian > Dalmatian Romance > Venetian,Indo-European > Italic > Italo-Western Romance > Italo-Dalmatian > Dalmatian Romance,Venetian,vec_Latn,997,Latin,Alphabet,1,1 byte,,,2.7327,2.852,2.9657,2.9416,1.4852,1.477,1.3908,1.2015,2.0451,1.9229,1.6821,1.2991,1.2694,1.2235,1.1374,1.0195,1.4971,1.4964,1.4277,1.2617,1.4157,1.3991,1.3275,1.1322
vie,Latn,viet1252,Vietnamese,,Austroasiatic,Vietic,Viet-Muong,Austroasiatic > Vietic > Viet-Muong,Austroasiatic > Vietic,Vietnamese,vie_Latn,997,Latin,Alphabet,1,1 byte,1815676717,1803286122,1.9532,1.9451,1.9018,1.7308,1.635,1.6285,1.617,1.6374,1.7666,1.7446,1.7377,1.7026,1.5166,1.4756,1.4007,1.3676,1.6276,1.6169,1.6016,1.6121,1.5527,1.5457,1.553,1.5793
vmw,Latn,cent2033,Emakhuwa (Central),,Atlantic-Congo,Volta-Congo,Benue-Congo,Atlantic-Congo > Volta-Congo > Benue-Congo > Bantoid > Southern Bantoid > Narrow Bantu > East Bantu > North Mozambique Bantu > Makua-Lomwe > Makhuwa,Atlantic-Congo > Volta-Congo > Benue-Congo > Bantoid > East Bantu > North Mozambique Bantu,Makhuwa,vmw_Latn,997,Latin,Alphabet,1,1 byte,,,3.7706,4.1022,4.5,5.0213,1.782,1.7419,1.533,1.0406,2.6988,2.4632,1.9688,1.1538,1.6075,1.4973,1.2137,0.7859,1.8669,1.8965,1.8436,1.5957,1.7757,1.7338,1.5944,1.2612
war,Latn,wara1300,Waray,,Austronesian,Malayo-Polynesian,Greater Central Philippine,Austronesian > Malayo-Polynesian > Greater Central Philippine > Central Philippine > Bisayan > Central Bisayan > Warayan > Samar-Waray,Austronesian > Greater Central Philippine > Bisayan > Central Bisayan,Waray,war_Latn,997,Latin,Alphabet,1,1 byte,5160491,5140938,3.4192,3.5785,3.7165,3.7869,1.8729,1.903,1.8597,1.5796,2.7033,2.5839,2.3194,1.7236,1.6983,1.6576,1.5295,1.1563,1.8956,1.9464,1.9482,1.7785,1.996,1.97,1.8744,1.5987
wol,Latn,nucl1347,Wolof,,Atlantic-Congo,North-Central Atlantic,Wolof-BKK,Atlantic-Congo > North-Central Atlantic > Wolof-BKK > Wolofic,Atlantic-Congo > North-Central Atlantic > Wolof-BKK,Wolof,wol_Latn,997,Latin,Alphabet,1,1 byte,301486,299205,3.1368,3.4247,3.7846,4.3244,1.4779,1.4632,1.3502,1.008,2.2121,2.0463,1.7208,1.1111,1.2589,1.1773,1.0348,0.9174,1.5242,1.5455,1.5112,1.3417,1.4849,1.4721,1.406,1.1761
wuu,Hans,suhu1238,Wu Chinese,dev only,Sino-Tibetan,Sinitic,Classical-Middle-Modern Sinitic,Sino-Tibetan > Sinitic > Classical-Middle-Modern Sinitic > Middle-Modern Sinitic > Wu-Hui Chinese > Wuic > Wu Chinese > Taihu,Sino-Tibetan > Sinitic > Wu-Hui Chinese,Wu Chinese,wuu_Hans,997,Han (Simplified),Logographic,3,3 bytes,,,2.5378,2.7109,2.9014,2.9282,1.4807,1.5312,1.5627,1.4941,2.1193,2.0567,1.9331,1.6251,1.0902,1.0557,0.9993,0.9235,1.4783,1.5286,1.5566,1.4755,1.2463,1.2574,1.2519,1.1025
xho,Latn,xhos1239,Xhosa,,Atlantic-Congo,Volta-Congo,Benue-Congo,Atlantic-Congo > Volta-Congo > Benue-Congo > Bantoid > Southern Bantoid > Narrow Bantu > East Bantu > Southern Bantu > Nuclear Southern Bantu > Dimsuffix Southern Bantu > Nguni-Tsonga-Copi > Nguni (S.40) > Nuclear Nguni > Southern Ndebele-Lowland,Atlantic-Congo > Volta-Congo > Benue-Congo > Bantoid > East Bantu > Southern Bantu > Nuclear Southern Bantu > Nguni-Tsonga-Copi > Nguni (S.40),Xhosa,xho_Latn,997,Latin,Alphabet,1,1 byte,2214453,2207154,3.3747,3.6768,4.0571,4.5544,1.5275,1.4889,1.3211,0.9426,2.2994,2.0904,1.684,1.0381,1.41,1.3086,1.0865,0.7399,1.5944,1.6077,1.5529,1.3482,1.5259,1.4878,1.3732,1.1057
ydd,Hebr,east2295,Eastern Yiddish,,Indo-European,Classical Indo-European,Germanic,Indo-European > Classical Indo-European > Germanic > Northwest Germanic > West Germanic > High German > Middle German > East Middle German > Schlesisch-Wilmesau,Indo-European > Germanic > West Germanic > High German > Middle German > East Middle German,Eastern Yiddish,ydd_Hebr,997,Hebrew,Abjad,2,2 bytes,,,3.4338,3.5722,3.8922,4.682,3.2125,3.4852,3.9305,4.7197,4.7778,4.8692,5.0266,5.234,2.9851,3.2047,3.4567,3.0094,3.195,3.4622,3.8886,4.5847,4.4415,4.5434,4.7091,4.8965
yor,Latn,yoru1245,Yoruba,,Atlantic-Congo,Volta-Congo,Benue-Congo,Atlantic-Congo > Volta-Congo > Benue-Congo > Defoid > Yoruboid > Edekiri > Ede > Eastern Ede > Southeastern Ede > Nuclear Yoruba > Lucumi-Yoruba,Atlantic-Congo > Volta-Congo > Benue-Congo > Defoid,Yoruba,yor_Latn,997,Latin,Alphabet,1,1 byte,1746642,1741768,3.9397,4.2911,4.745,5.5078,1.8285,1.7488,1.5363,1.2445,2.7208,2.4332,1.9493,1.3753,1.7766,1.6531,1.4135,0.9777,1.884,1.8374,1.6919,1.4488,1.7481,1.6519,1.4572,1.1471
yue,Hant,xian1255,Yue Chinese (Hong Kong Cantonese),,Sino-Tibetan,Sinitic,Classical-Middle-Modern Sinitic,Sino-Tibetan > Sinitic > Classical-Middle-Modern Sinitic > Middle-Modern Sinitic > Yue-Pinghua > Yue Chinese > Yuehai > Cantonese,Sino-Tibetan > Sinitic > Yue-Pinghua,Cantonese,yue_Hant,997,Han (Traditional),Logographic,3,3 bytes,,,2.4231,2.6023,2.8032,2.8811,1.4584,1.5094,1.5449,1.5019,2.1159,2.049,1.9227,1.6358,1.0066,0.9772,0.9437,0.9279,1.4527,1.4984,1.5228,1.4455,1.1884,1.1993,1.1951,1.0605
zgh,Tfng,stan1324,Standard Moroccan Tamazight,,Afro-Asiatic,Berber,Kabyle-Atlas Berber,Afro-Asiatic > Berber > Kabyle-Atlas Berber > Atlas Berber > Central Moroccan Berber,Afro-Asiatic > Berber > Kabyle-Atlas Berber > Atlas Berber,Standard Moroccan Tamazight,zgh_Tfng,997,Tifinagh,Alphabet,2,2 bytes,,,3.4312,3.4626,3.6765,4.2542,3.3928,3.4681,3.5641,3.926,4.3132,4.3265,4.3313,4.3218,2.6377,2.8232,3.1216,3.4906,3.2613,3.2803,3.3199,3.7564,3.7696,3.8237,3.9097,4.0395
zsm,Latn,stan1306,Standard Malay,,Austronesian,Malayo-Polynesian,Malayo-Chamic,Austronesian > Malayo-Polynesian > Malayo-Chamic > Malayic > Nuclear Malayic > Standard Malay-Indonesian,Austronesian > Malayo-Chamic > Malayic > Standard Malay-Indonesian,Standard Malay,zsm_Latn,997,Latin,Alphabet,1,1 byte,180337405,179648747,2.1619,2.155,2.1337,2.0749,1.5043,1.4926,1.4268,1.2932,1.8426,1.7571,1.6039,1.3661,1.3186,1.3015,1.2492,1.1215,1.491,1.4687,1.3937,1.2457,1.4598,1.4375,1.3779,1.2228
zul,Latn,zulu1248,Zulu,,Atlantic-Congo,Volta-Congo,Benue-Congo,Atlantic-Congo > Volta-Congo > Benue-Congo > Bantoid > Southern Bantoid > Narrow Bantu > East Bantu > Southern Bantu > Nuclear Southern Bantu > Dimsuffix Southern Bantu > Nguni-Tsonga-Copi > Nguni (S.40) > Nuclear Nguni > Southern Ndebele-Lowland,Atlantic-Congo > Volta-Congo > Benue-Congo > Bantoid > East Bantu > Southern Bantu > Nuclear Southern Bantu > Nguni-Tsonga-Copi > Nguni (S.40),Zulu,zul_Latn,997,Latin,Alphabet,1,1 byte,2742378,2735836,3.5419,3.856,4.2451,4.747,1.5984,1.5597,1.3988,0.9927,2.4104,2.1963,1.789,1.0973,1.4758,1.3763,1.1457,0.7708,1.6728,1.6895,1.6426,1.4451,1.6121,1.572,1.4615,1.1905
