Glottocode,Code,Code_Orig,Sentences,Notes,CC_Pages,CC_Urls,Name,Script,Script_Type,Bytes_Per_Char,Family,Full_Classification,Minimal_Full_Classification,combined_t_0.0000_bpp,combined_t_0.0000_pps,combined_t_0.0000_pps_premium,combined_t_0.2578_bpp,combined_t_0.2578_pps,combined_t_0.2578_pps_premium,combined_t_0.4717_bpp,combined_t_0.4717_pps,combined_t_0.4717_pps_premium,combined_t_0.9434_bpp,combined_t_0.9434_pps,combined_t_0.9434_pps_premium,norm_entropy_t_0.4023_bpp,norm_entropy_t_0.4023_pps,norm_entropy_t_0.4023_pps_premium,norm_entropy_t_0.5293_bpp,norm_entropy_t_0.5293_pps,norm_entropy_t_0.5293_pps_premium,norm_entropy_t_0.7173_bpp,norm_entropy_t_0.7173_pps,norm_entropy_t_0.7173_pps_premium,norm_entropy_t_1.0322_bpp,norm_entropy_t_1.0322_pps,norm_entropy_t_1.0322_pps_premium,raw_entropy_t_1.2041_bpp,raw_entropy_t_1.2041_pps,raw_entropy_t_1.2041_pps_premium,raw_entropy_t_1.3340_bpp,raw_entropy_t_1.3340_pps,raw_entropy_t_1.3340_pps_premium,raw_entropy_t_1.5117_bpp,raw_entropy_t_1.5117_pps,raw_entropy_t_1.5117_pps_premium,raw_entropy_t_1.8193_bpp,raw_entropy_t_1.8193_pps,raw_entropy_t_1.8193_pps_premium,raw_monotonicity_t_0.2359_bpp,raw_monotonicity_t_0.2359_pps,raw_monotonicity_t_0.2359_pps_premium,raw_monotonicity_t_0.3662_bpp,raw_monotonicity_t_0.3662_pps,raw_monotonicity_t_0.3662_pps_premium,raw_monotonicity_t_0.5899_bpp,raw_monotonicity_t_0.5899_pps,raw_monotonicity_t_0.5899_pps_premium,raw_monotonicity_t_0.9439_bpp,raw_monotonicity_t_0.9439_pps,raw_monotonicity_t_0.9439_pps_premium
achi1257,ace,ace_Arab,997,,,,Acehnese (Jawi script),Arab,Abjad,2 bytes,Austronesian,Austronesian > Malayo-Polynesian > Malayo-Chamic > Aceh-Chamic,Austronesian > Malayo-Chamic > Aceh-Chamic,1.9458,97.7252,2.7295,2.3834,79.7823,2.4309,2.9795,63.8185,2.0969,6.3662,29.8686,1.2989,2.9063,65.4273,1.816,3.2594,58.338,1.7782,3.9726,47.8656,1.6691,6.0381,31.4915,1.3688,1.2364,153.7874,4.2677,1.3455,141.323,4.3088,1.5981,118.9829,4.1594,2.3402,81.2528,3.5355,2.3286,81.659,2.2668,2.6415,71.986,2.1972,3.4583,54.984,1.927,6.3462,29.9629,1.3025
achi1257,ace,ace_Latn,997,,,,Acehnese (Latin script),Latn,Alphabet,1 byte,Austronesian,Austronesian > Malayo-Polynesian > Malayo-Chamic > Aceh-Chamic,Austronesian > Malayo-Chamic > Aceh-Chamic,2.0585,66.669,1.8621,2.4713,55.5336,1.6921,2.9487,46.5426,1.5292,5.1643,26.5747,1.1557,2.651,51.7693,1.4369,3.1128,44.0883,1.3439,4.1419,33.1344,1.1554,6.7062,20.4644,0.8895,1.1591,118.3972,3.2856,1.1908,115.2467,3.5138,1.2559,109.2758,3.8201,1.4746,93.0712,4.0498,2.4123,56.8907,1.5792,2.6832,51.1474,1.5611,3.276,41.8927,1.4682,5.1588,26.6028,1.1564
meso1252,acm,acm_Arab,997,,,,Mesopotamian Arabic,Arab,Abjad,2 bytes,Afro-Asiatic,Afro-Asiatic > Semitic > West Semitic > Central Semitic > Arabian > Arabic > Eastern Arabic,Afro-Asiatic > Semitic > Central Semitic > Arabian > Eastern Arabic,1.987,99.1996,2.7707,2.2582,87.2859,2.6596,2.5844,76.2698,2.506,4.0665,48.4714,2.1079,2.765,71.2869,1.9786,2.9774,66.2026,2.0179,3.4421,57.2638,1.9969,5.2273,37.7081,1.6391,1.7336,113.7031,3.1553,1.9745,99.8285,3.0437,2.3921,82.4012,2.8806,3.0605,64.4052,2.8024,2.227,88.5095,2.457,2.4017,82.0702,2.5049,2.8532,69.0843,2.4212,4.0674,48.4614,2.1067
taiz1242,acq,acq_Arab,997,,,,Taʽizzi-Adeni Arabic,Arab,Abjad,2 bytes,Afro-Asiatic,Afro-Asiatic > Semitic > West Semitic > Central Semitic > Arabian > Arabic > Arabian Peninsula Arabic,Afro-Asiatic > Semitic > Central Semitic > Arabian > Arabian Peninsula Arabic,1.9868,100.1083,2.7961,2.2577,88.0973,2.6843,2.5784,77.1404,2.5346,4.0359,49.2828,2.1432,2.7613,72.0321,1.9993,2.9644,67.0953,2.0451,3.4226,58.1143,2.0265,5.2292,38.0361,1.6533,1.743,114.1143,3.1668,1.9882,100.0401,3.0502,2.4045,82.7182,2.8917,3.0569,65.0652,2.8311,2.2286,89.2477,2.4774,2.3988,82.9168,2.5308,2.8451,69.9087,2.45,4.0374,49.2638,2.1415
tuni1259,aeb,aeb_Arab,997,,,,Tunisian Arabic,Arab,Abjad,2 bytes,Afro-Asiatic,Afro-Asiatic > Semitic > West Semitic > Central Semitic > Arabian > Arabic > North African Arabic > Western Middle Arabic > Maghrebi > Malta-Tunisian Arabic,Afro-Asiatic > Semitic > Central Semitic > Arabian > North African Arabic > Malta-Tunisian Arabic,1.9822,98.0522,2.7386,2.2514,86.33,2.6304,2.5739,75.5135,2.4811,4.0433,48.0702,2.0905,2.7532,70.5958,1.9594,2.9499,65.8887,2.0083,3.4019,57.1344,1.9923,5.2259,37.1926,1.6166,1.7459,111.328,3.0894,1.9895,97.6921,2.9786,2.3935,81.2036,2.8387,3.0235,64.2839,2.7972,2.2216,87.4885,2.4286,2.393,81.2207,2.479,2.8366,68.5186,2.4013,4.0449,48.0512,2.0888
afri1274,afr,afr_Latn,997,,20215994.0,20131887.0,Afrikaans,Latn,Alphabet,1 byte,Indo-European,Indo-European > Classical Indo-European > Germanic > Northwest Germanic > West Germanic > Macro-Dutch > Middle-Modern Dutch > Modern Dutch > Global Dutch > Afrikaansic,Indo-European > Germanic > West Germanic > Macro-Dutch > Afrikaansic,2.1992,61.3089,1.7124,2.5779,52.3009,1.5936,2.9717,45.3711,1.4907,4.2148,31.989,1.3911,2.9683,45.4223,1.2607,3.3851,39.8295,1.214,4.1328,32.6239,1.1376,5.4304,24.8285,1.0792,1.3887,97.0863,2.6942,1.4754,91.3852,2.7863,1.6432,82.0522,2.8684,2.1028,64.1194,2.79,2.5125,53.663,1.4896,2.7517,48.998,1.4955,3.2197,41.8766,1.4676,4.2082,32.0391,1.3928
tosk1239,als,als_Latn,997,,84761612.0,84375408.0,Albanian (Tosk),Latn,Alphabet,1 byte,Indo-European,Indo-European > Classical Indo-European > Albanian > Albanian-Tosk,Indo-European > Albanian,2.0388,74.7332,2.0873,2.5192,60.4835,1.8429,3.0545,49.8837,1.639,5.3751,28.347,1.2327,2.6378,57.7623,1.6032,3.2368,47.0732,1.4348,4.5714,33.331,1.1623,7.3876,20.6249,0.8965,1.1527,132.1795,3.6681,1.1705,130.1685,3.9687,1.2005,126.9178,4.4368,1.2849,118.5797,5.1597,2.4459,62.2949,1.7293,2.7535,55.336,1.689,3.4424,44.2628,1.5513,5.3683,28.3831,1.2338
amha1245,amh,amh_Ethi,997,,5733709.0,5702512.0,Amharic,Ethi,Abugida,3 bytes,Afro-Asiatic,Afro-Asiatic > Semitic > West Semitic > Ethiosemitic > South Ethiopic > Amharic-Argobba,Afro-Asiatic > Semitic > Ethiosemitic > South Ethiopic,1.6253,134.7763,3.7643,1.6565,132.2387,4.0293,1.6927,129.4092,4.2519,1.9546,112.0682,4.8736,3.1628,69.2588,1.9223,3.2858,66.667,2.0321,3.474,63.0542,2.1988,4.0359,54.2768,2.3592,1.5734,139.2187,3.8634,1.6098,136.0712,4.1487,1.6591,132.0301,4.6155,2.0863,104.995,4.5686,1.6462,133.0622,3.6937,1.6666,131.4393,4.0118,1.7179,127.5155,4.469,1.9548,112.0592,4.8713
nort3139,apc,apc_Arab_nort3139,997,,,,Levantine Arabic (North),Arab,Abjad,2 bytes,Afro-Asiatic,Afro-Asiatic > Semitic > West Semitic > Central Semitic > Arabian > Arabic > Levantine-Cypriot Arabic,Afro-Asiatic > Semitic > Central Semitic > Arabian > Levantine-Cypriot Arabic,1.9814,94.6219,2.6428,2.2504,83.3119,2.5385,2.5671,73.0351,2.3997,4.0708,46.0562,2.0029,2.7343,68.5687,1.9031,2.9443,63.677,1.9409,3.4184,54.8465,1.9126,5.2625,35.6269,1.5486,1.7062,109.8816,3.0493,1.9443,96.4263,2.94,2.3502,79.7733,2.7887,3.0073,62.343,2.7127,2.2225,84.3571,2.3417,2.3928,78.3531,2.3915,2.8343,66.1494,2.3183,4.0725,46.0371,2.0013
sout3123,apc,apc_Arab_sout3123,997,,,,Levantine Arabic (South),Arab,Abjad,2 bytes,Afro-Asiatic,Afro-Asiatic > Semitic > West Semitic > Central Semitic > Arabian > Arabic > Levantine-Cypriot Arabic > Levantine Arabic,Afro-Asiatic > Semitic > Central Semitic > Arabian > Levantine-Cypriot Arabic > Levantine Arabic,1.9831,94.4694,2.6386,2.2506,83.2397,2.5363,2.5784,72.659,2.3873,4.1013,45.679,1.9865,2.7452,68.2437,1.8941,2.9495,63.5176,1.9361,3.4087,54.9609,1.9165,5.2306,35.8164,1.5568,1.7273,108.4604,3.0099,1.9741,94.9027,2.8935,2.3814,78.668,2.7501,3.0205,62.0241,2.6988,2.2192,84.4183,2.3434,2.3967,78.1685,2.3859,2.8441,65.8696,2.3085,4.1022,45.669,1.9853
stan1318,arb,arb_Arab,997,,1258479625.0,1251265891.0,Modern Standard Arabic,Arab,Abjad,2 bytes,Afro-Asiatic,Afro-Asiatic > Semitic > West Semitic > Central Semitic > Arabian > Arabic,Afro-Asiatic > Semitic > Central Semitic > Arabian,1.987,101.2467,2.8279,2.2527,89.3079,2.7212,2.573,78.1876,2.569,4.0094,50.1765,2.1821,2.7708,72.6058,2.0152,2.9687,67.7673,2.0656,3.4174,58.8686,2.0528,5.1869,38.7864,1.6859,1.7616,114.1996,3.1691,2.0082,100.1775,3.0543,2.4211,83.0953,2.9048,3.0557,65.8385,2.8648,2.2246,90.4343,2.5104,2.3906,84.1535,2.5685,2.8368,70.9178,2.4854,4.0107,50.1605,2.1805
stan1318,arb,arb_Latn,997,,1258479625.0,1251265891.0,Modern Standard Arabic (Romanized),Latn,Alphabet,1 byte,Afro-Asiatic,Afro-Asiatic > Semitic > West Semitic > Central Semitic > Arabian > Arabic,Afro-Asiatic > Semitic > Central Semitic > Arabian,2.0381,72.0491,2.0124,2.4814,59.1775,1.8031,3.0082,48.8144,1.6039,5.1569,28.4754,1.2383,2.5977,56.5286,1.569,3.0355,48.3751,1.4745,4.0031,36.682,1.2791,6.7914,21.6219,0.9398,1.0925,134.4062,3.7299,1.1147,131.7382,4.0166,1.1579,126.8235,4.4335,1.2812,114.6148,4.9872,2.4142,60.8245,1.6884,2.7088,54.2106,1.6546,3.3641,43.6499,1.5298,5.1269,28.6419,1.2451
arag1245,arg,arg_Latn,997,,,,Aragonese,Latn,Alphabet,1 byte,Indo-European,Indo-European > Classical Indo-European > Italic > Latino-Faliscan > Latinic > Imperial Latin > Romance > Italo-Western Romance > Western Romance > Unshifted Western Romance,Indo-European > Italic > Italo-Western Romance > Western Romance > Unshifted Western Romance,2.3209,64.0512,1.789,2.7138,54.7773,1.669,3.1625,47.005,1.5444,4.7777,31.1143,1.3531,2.9654,50.1294,1.3914,3.3493,44.3842,1.3529,3.9855,37.2989,1.3007,5.3497,27.7874,1.2078,1.7587,84.5246,2.3456,1.9206,77.3992,2.3598,2.1946,67.7362,2.3679,2.9581,50.2538,2.1867,2.5888,57.4223,1.594,2.8776,51.659,1.5767,3.4841,42.666,1.4953,4.775,31.1314,1.3533
najd1235,ars,ars_Arab,997,,,,Najdi Arabic,Arab,Abjad,2 bytes,Afro-Asiatic,Afro-Asiatic > Semitic > West Semitic > Central Semitic > Arabian > Arabic > Arabian Peninsula Arabic > North Arabian Beduin Arabic,Afro-Asiatic > Semitic > Central Semitic > Arabian > Arabian Peninsula Arabic > North Arabian Beduin Arabic,1.9856,101.4634,2.8339,2.253,89.4233,2.7247,2.5754,78.2277,2.5703,4.0159,50.1685,2.1817,2.7719,72.682,2.0173,2.9685,67.8696,2.0687,3.4187,58.9318,2.055,5.1764,38.9208,1.6918,1.7606,114.4293,3.1755,2.0083,100.32,3.0587,2.4233,83.1374,2.9063,3.0535,65.9789,2.8709,2.2246,90.5637,2.514,2.3925,84.2096,2.5702,2.8382,70.986,2.4878,4.0171,50.1535,2.1802
moro1292,ary,ary_Arab,997,,,,Moroccan Arabic,Arab,Abjad,2 bytes,Afro-Asiatic,Afro-Asiatic > Semitic > West Semitic > Central Semitic > Arabian > Arabic > North African Arabic > Western Middle Arabic > Maghrebi,Afro-Asiatic > Semitic > Central Semitic > Arabian > North African Arabic,1.9875,98.6229,2.7546,2.2487,87.1665,2.6559,2.5672,76.3511,2.5086,4.0241,48.7101,2.1183,2.743,71.4584,1.9834,2.9469,66.5135,2.0274,3.4031,57.5988,2.0085,5.2388,37.4152,1.6263,1.7126,114.4514,3.1761,1.9632,99.8425,3.0441,2.3686,82.7553,2.893,2.9954,65.4373,2.8473,2.2208,88.2628,2.4501,2.3921,81.9398,2.501,2.817,69.5827,2.4386,4.0259,48.6881,2.1165
egyp1253,arz,arz_Arab,997,,,,Egyptian Arabic,Arab,Abjad,2 bytes,Afro-Asiatic,Afro-Asiatic > Semitic > West Semitic > Central Semitic > Arabian > Arabic > Egyptic Arabic > Egypto-Sudanic Arabic,Afro-Asiatic > Semitic > Central Semitic > Arabian > Egyptic Arabic,1.991,98.7904,2.7592,2.2567,87.1585,2.6557,2.567,76.6209,2.5175,4.0522,48.5386,2.1108,2.7512,71.4905,1.9842,2.948,66.7202,2.0337,3.3918,57.989,2.0221,5.2232,37.657,1.6368,1.7381,113.1615,3.1403,1.9897,98.8556,3.014,2.403,81.8506,2.8613,3.0462,64.5677,2.8095,2.2276,88.2949,2.451,2.3915,82.2457,2.5103,2.8261,69.5978,2.4392,4.0532,48.5266,2.1095
assa1263,asm,asm_Beng,997,,3459776.0,3447449.0,Assamese,Beng,Abugida,3 bytes,Indo-European,Indo-European > Classical Indo-European > Indo-Iranian > Indo-Aryan > Middle-Modern Indo-Aryan > Continental Indo-Aryan > Indo-Aryan Eastern zone > Oriya-Gauda-Kamrupa > Gauda-Kamrupa > Kamrupa > Eastern Kamrupa,Indo-European > Indo-Iranian > Indo-Aryan > Middle-Modern Indo-Aryan > Continental Indo-Aryan > Indo-Aryan Eastern zone > Gauda-Kamrupa > Kamrupa,2.2533,143.2889,4.0021,2.4875,129.7994,3.9549,2.7582,117.0612,3.8462,3.6953,87.3741,3.7997,3.5021,92.1936,2.5589,3.6911,87.4744,2.6663,4.0536,79.651,2.7775,4.9802,64.8315,2.818,3.0895,104.5075,2.9002,3.2355,99.7894,3.0425,3.4334,94.0381,3.2874,3.9097,82.5827,3.5934,2.412,133.8606,3.7159,2.5897,124.675,3.8053,2.9165,110.7061,3.8799,3.6588,88.2457,3.8361
astu1245,ast,ast_Latn,997,,,,Asturian,Latn,Alphabet,1 byte,Indo-European,Indo-European > Classical Indo-European > Italic > Latino-Faliscan > Latinic > Imperial Latin > Romance > Italo-Western Romance > Western Romance > Shifted Western Romance > Southwestern Shifted Romance > West Ibero-Romance > Asturo-Leonese,Indo-European > Italic > Italo-Western Romance > Western Romance > Shifted Western Romance > Southwestern Shifted Romance > West Ibero-Romance > Asturo-Leonese,2.3571,56.4925,1.5779,2.753,48.3691,1.4738,3.2008,41.6018,1.3669,4.7897,27.8014,1.209,2.9926,44.4965,1.235,3.3888,39.2939,1.1977,4.0545,32.8425,1.1453,5.4032,24.6449,1.0712,1.7794,74.8325,2.0767,1.9383,68.7001,2.0946,2.2122,60.1936,2.1042,2.9679,44.8666,1.9523,2.6218,50.7904,1.4099,2.9087,45.7803,1.3973,3.5356,37.663,1.32,4.7833,27.8385,1.2102
awad1243,awa,awa_Deva,997,,,,Awadhi,Deva,Abugida,3 bytes,Indo-European,Indo-European > Classical Indo-European > Indo-Iranian > Indo-Aryan > Middle-Modern Indo-Aryan > Continental Indo-Aryan > Midlands Indo-Aryan > Shaurasenic > Eastern Hindi > Awadhic,Indo-European > Indo-Iranian > Indo-Aryan > Middle-Modern Indo-Aryan > Continental Indo-Aryan > Midlands Indo-Aryan > Shaurasenic > Eastern Hindi > Awadhic,2.3725,133.5777,3.7309,2.5523,124.1635,3.7832,2.7417,115.5878,3.7978,3.7339,84.8736,3.691,3.4983,90.5888,2.5143,3.6833,86.0381,2.6225,4.0977,77.337,2.6968,5.0056,63.3109,2.7519,3.224,98.2959,2.7278,3.3582,94.3671,2.8772,3.5542,89.1645,3.117,4.1563,76.2467,3.3177,2.471,128.2508,3.5601,2.5973,122.015,3.7241,2.9408,107.7633,3.7767,3.6927,85.8205,3.7307
cent2142,ayr,ayr_Latn,997,,,,Central Aymara,Latn,Alphabet,1 byte,Aymaran,Aymaran > Central-Southern Aymara,Aymaran,2.0115,67.0211,1.8719,2.5073,53.7683,1.6383,3.1417,42.9107,1.4099,5.594,24.0993,1.048,2.5393,53.0913,1.4736,3.0524,44.1665,1.3462,4.3397,31.0652,1.0833,8.4972,15.8656,0.6896,1.1395,118.3059,3.2831,1.1666,115.5597,3.5233,1.2136,111.0873,3.8834,1.3479,100.013,4.3518,2.4372,55.3149,1.5355,2.7939,48.2528,1.4728,3.5725,37.7362,1.3225,5.578,24.1685,1.0506
sout2697,azb,azb_Arab,997,,101494110.0,101070335.0,South Azerbaijani,Arab,Abjad,2 bytes,Turkic,Turkic > Common Turkic > Oghuz > Nuclear Oghuz > Central Oghuz,Turkic > Common Turkic > Oghuz > Central Oghuz,1.9452,105.3631,2.9428,2.638,77.6931,2.3673,3.5617,57.5426,1.8907,7.7181,26.5547,1.1548,2.9736,68.9238,1.913,3.6414,56.2828,1.7156,4.8108,42.6018,1.4856,7.5716,27.0682,1.1766,1.2822,159.8445,4.4358,1.4069,145.676,4.4416,1.6824,121.8185,4.2585,3.1468,65.1294,2.8339,2.5509,80.344,2.2303,3.0503,67.1896,2.0508,4.2706,47.991,1.6819,7.7187,26.5527,1.1543
nort2697,azj,azj_Latn,997,,101494110.0,101070335.0,North Azerbaijani,Latn,Alphabet,1 byte,Turkic,Turkic > Common Turkic > Oghuz > Nuclear Oghuz > Central Oghuz,Turkic > Common Turkic > Oghuz > Central Oghuz,2.0397,77.8877,2.1754,2.4714,64.2839,1.9587,2.8568,55.6108,1.8272,4.1197,38.5637,1.677,2.5313,62.7623,1.742,3.0813,51.5597,1.5716,4.4142,35.991,1.255,7.883,20.1535,0.876,1.2087,131.4433,3.6476,1.2315,129.01,3.9334,1.2703,125.0622,4.3719,1.3804,115.0923,5.008,2.4198,65.655,1.8225,2.6467,60.0261,1.8321,3.0988,51.2678,1.7968,4.11,38.655,1.6804
bash1264,bak,bak_Cyrl,997,,3656842.0,3651302.0,Bashkir,Cyrl,Alphabet,2 bytes,Turkic,Turkic > Common Turkic > Kipchak-Turkestan > Kipchak > Northwest Kipchak > North Kipchak > Bashkiric,Turkic > Common Turkic > Kipchak-Turkestan > Kipchak > Northwest Kipchak > North Kipchak,1.9693,118.9659,3.3228,2.4259,96.5737,2.9426,3.0369,77.1454,2.5347,6.3412,36.9458,1.6067,2.9368,79.7743,2.2142,3.3966,68.9749,2.1024,4.2819,54.7141,1.9079,6.648,35.2407,1.5318,1.2764,183.5436,5.0935,1.367,171.3872,5.2255,1.543,151.8305,5.3077,2.1293,110.0261,4.7875,2.367,98.9779,2.7475,2.6935,86.9799,2.6548,3.5314,66.341,2.325,6.3417,36.9428,1.6059
bamb1269,bam,bam_Latn,997,,,,Bambara,Latn,Alphabet,1 byte,Mande,Mande > Western Mande > Manding-Kpelle > Central Mande > Manding-Jogo > Manding-Vai > Manding-Mokole > Manding > East Manding,Mande,1.979,66.4483,1.8559,2.5085,52.4233,1.5973,3.2007,41.0853,1.3499,6.4297,20.4524,0.8894,2.6313,49.9759,1.3871,3.0823,42.664,1.3004,4.0224,32.6931,1.14,6.7971,19.347,0.841,1.0789,121.8847,3.3824,1.0954,120.0502,3.6602,1.1245,116.9478,4.0883,1.2059,109.0481,4.745,2.4372,53.9569,1.4978,2.8162,46.6961,1.4253,3.7227,35.325,1.238,6.4006,20.5456,0.8931
bali1278,ban,ban_Latn,997,,,,Balinese,Latn,Alphabet,1 byte,Austronesian,Austronesian > Malayo-Polynesian > Bali-Sasak-Sumbawa,Austronesian > Bali-Sasak-Sumbawa,2.0838,67.7182,1.8914,2.4557,57.4634,1.7509,2.8752,49.0802,1.6126,4.8996,28.8014,1.2525,2.7288,51.7121,1.4353,3.1986,44.1174,1.3447,4.1968,33.6239,1.1725,6.5857,21.4273,0.9314,1.2043,117.1795,3.2518,1.2517,112.7402,3.4374,1.3508,104.4694,3.652,1.6617,84.9198,3.6951,2.3964,58.8867,1.6346,2.6349,53.5567,1.6347,3.1869,44.2798,1.5518,4.8909,28.8526,1.2542
bela1254,bel,bel_Cyrl,997,,33213142.0,33052697.0,Belarusian,Cyrl,Alphabet,2 bytes,Indo-European,Indo-European > Classical Indo-European > Balto-Slavic > Slavic > East Slavic,Indo-European > Balto-Slavic > Slavic > East Slavic,1.98,133.011,3.715,2.3043,114.2919,3.4824,2.7244,96.668,3.1762,5.0258,52.4022,2.2789,3.2509,81.012,2.2485,3.664,71.8776,2.1909,4.3909,59.9789,2.0915,5.9333,44.3872,1.9294,2.2973,114.6409,3.1814,2.6612,98.9639,3.0173,3.3213,79.2959,2.772,5.0421,52.2327,2.2728,2.2496,117.0702,3.2498,2.4844,106.005,3.2355,3.077,85.5908,2.9996,5.0292,52.3671,2.2764
bemb1257,bem,bem_Latn,997,,,,Bemba,Latn,Alphabet,1 byte,Atlantic-Congo,Atlantic-Congo > Volta-Congo > Benue-Congo > Bantoid > Southern Bantoid > Narrow Bantu > East Bantu > Sabi > Malungu-Central Sabi > Central Sabi > Bemba (M.40),Atlantic-Congo > Volta-Congo > Benue-Congo > Bantoid > East Bantu > Sabi,1.9762,79.0361,2.2075,2.3473,66.5416,2.0275,2.849,54.8235,1.8013,5.7425,27.1996,1.1828,2.6703,58.4915,1.6235,3.1261,49.9639,1.5229,4.1518,37.6209,1.3119,7.1156,21.9509,0.9541,1.1245,138.8937,3.8544,1.1528,135.4925,4.1311,1.2057,129.5406,4.5285,1.3919,112.2146,4.8827,2.3004,67.8977,1.8848,2.5648,60.8977,1.8587,3.2726,47.7272,1.6727,5.7416,27.2036,1.1826
beng1280,ben,ben_Beng,997,,177892101.0,177246797.0,Bengali,Beng,Abugida,3 bytes,Indo-European,Indo-European > Classical Indo-European > Indo-Iranian > Indo-Aryan > Middle-Modern Indo-Aryan > Continental Indo-Aryan > Indo-Aryan Eastern zone > Oriya-Gauda-Kamrupa > Gauda-Kamrupa > Gauda-Banga,Indo-European > Indo-Iranian > Indo-Aryan > Middle-Modern Indo-Aryan > Continental Indo-Aryan > Indo-Aryan Eastern zone > Gauda-Kamrupa > Gauda-Banga,2.2951,144.0311,4.0228,2.5238,130.9809,3.9909,2.7813,118.8536,3.9051,3.8182,86.5747,3.7649,3.5598,92.8606,2.5774,3.7759,87.5466,2.6685,4.1678,79.3139,2.7658,5.0895,64.9498,2.8232,3.1435,105.1565,2.9182,3.297,100.2618,3.0569,3.5263,93.7422,3.277,4.0772,81.0752,3.5278,2.4472,135.0802,3.7497,2.6138,126.4684,3.8601,2.9566,111.8064,3.9184,3.7798,87.4544,3.8017
bhoj1244,bho,bho_Deva,997,,,,Bhojpuri,Deva,Abugida,3 bytes,Indo-European,Indo-European > Classical Indo-European > Indo-Iranian > Indo-Aryan > Middle-Modern Indo-Aryan > Continental Indo-Aryan > Midlands Indo-Aryan > Shaurasenic > Bihari > Magadhan > Bhojpuric,Indo-European > Indo-Iranian > Indo-Aryan > Middle-Modern Indo-Aryan > Continental Indo-Aryan > Midlands Indo-Aryan > Shaurasenic > Bihari > Bhojpuric,2.364,131.7182,3.6789,2.5493,122.1444,3.7217,2.7465,113.3741,3.7251,3.7753,82.4784,3.5868,3.4994,88.9799,2.4697,3.6992,84.1745,2.5657,4.1267,75.4544,2.6312,4.9758,62.5787,2.7201,3.2378,96.1695,2.6688,3.3681,92.4504,2.8187,3.5618,87.4223,3.0561,4.1933,74.2568,3.2311,2.4676,126.1866,3.5028,2.5958,119.9539,3.6612,2.9674,104.9318,3.6775,3.7333,83.4052,3.6257
banj1239,bjn,bjn_Arab,997,,,,Banjar (Jawi script),Arab,Abjad,2 bytes,Austronesian,Austronesian > Malayo-Polynesian > Malayo-Chamic > Malayic > Nuclear Malayic > East Borneo Malay > Banjar-Berau-Brunei Malay > Banjar-Bukit Malay,Austronesian > Malayo-Chamic > Malayic > East Borneo Malay,1.9693,107.9348,3.0147,2.4034,88.4393,2.6947,2.9528,71.984,2.3651,6.2239,34.1515,1.4852,2.9209,72.7703,2.0198,3.2383,65.6379,2.0007,3.8413,55.334,1.9296,5.805,36.6158,1.5916,1.3049,162.8937,4.5204,1.4591,145.679,4.4416,1.8205,116.7553,4.0815,2.7948,76.0522,3.3092,2.3505,90.4303,2.5103,2.645,80.3601,2.4527,3.4049,62.4253,2.1878,6.2033,34.2648,1.4895
banj1239,bjn,bjn_Latn,997,,,,Banjar (Latin script),Latn,Alphabet,1 byte,Austronesian,Austronesian > Malayo-Polynesian > Malayo-Chamic > Malayic > Nuclear Malayic > East Borneo Malay > Banjar-Berau-Brunei Malay > Banjar-Bukit Malay,Austronesian > Malayo-Chamic > Malayic > East Borneo Malay,2.0857,63.5637,1.7754,2.3935,55.3902,1.6877,2.7444,48.3069,1.5872,4.2774,30.994,1.3479,2.7548,48.1254,1.3357,3.1569,41.995,1.28,4.0271,32.9208,1.148,6.2492,21.2146,0.9221,1.2897,102.7954,2.8526,1.3727,96.5777,2.9446,1.5351,86.3621,3.019,1.9372,68.4363,2.9778,2.3434,56.5727,1.5704,2.5499,51.993,1.5869,2.987,44.3842,1.5555,4.2741,31.0181,1.3484
utsa1239,bod,bod_Tibt,997,,2687733.0,2676577.0,Lhasa Tibetan,Tibt,Abugida,3 bytes,Sino-Tibetan,Sino-Tibetan > Bodic > Bodish > Early Old Tibetan > Middle Old Tibetan > Late Old Tibetan > Central Tibetan > Tibetan > Ü,Sino-Tibetan > Bodic > Central Tibetan,2.1179,198.3119,5.5389,2.231,188.2628,5.7363,2.466,170.322,5.5962,3.5801,117.319,5.1019,3.9667,105.8847,2.9389,4.0157,104.5928,3.1881,4.0864,102.7844,3.5842,4.2625,98.5366,4.2831,3.4771,120.7934,3.3521,3.7,113.5165,3.461,3.8786,108.2889,3.7856,4.0066,104.8305,4.5614,2.126,197.5557,5.484,2.2995,182.656,5.575,2.6558,158.1494,5.5426,3.5517,118.2558,5.1407
bosn1245,bos,bos_Latn,997,,89749135.0,89368171.0,Bosnian,Latn,Alphabet,1 byte,Indo-European,Indo-European > Classical Indo-European > Balto-Slavic > Slavic > South Slavic > Western South Slavic > Serbian-Croatian-Bosnian > Shtokavski > New Shtokavian > Eastern Herzegovinian Shtokavian,Indo-European > Balto-Slavic > Slavic > South Slavic > Western South Slavic > Serbian-Croatian-Bosnian,2.1748,59.995,1.6757,2.5985,50.2106,1.5299,3.0694,42.5085,1.3967,4.4912,29.0512,1.2634,2.9445,44.3119,1.2299,3.3712,38.7031,1.1797,4.1277,31.6098,1.1023,5.772,22.6048,0.9826,1.4132,92.328,2.5622,1.5148,86.1344,2.6262,1.7003,76.7372,2.6826,2.1706,60.1103,2.6155,2.525,51.672,1.4344,2.8016,46.5717,1.4215,3.3621,38.8074,1.3601,4.4872,29.0772,1.264
bodo1269,brx,brx_Deva,997,dev only,,,Bodo,Deva,Abugida,3 bytes,Sino-Tibetan,Sino-Tibetan > Brahmaputran > Bodo-Garo > Boroic > Tiwa-Boro > Bodo-Mech-Kachari,Sino-Tibetan > Brahmaputran > Bodo-Garo,2.3713,149.0331,4.1625,2.5994,135.9579,4.1426,2.7914,126.6048,4.1598,3.6139,97.7914,4.2527,3.4245,103.2006,2.8644,3.6169,97.7101,2.9783,4.0335,87.6179,3.0553,5.0416,70.0983,3.047,3.1075,113.7262,3.156,3.2542,108.5988,3.3111,3.4253,103.1745,3.6068,4.0125,88.0762,3.8324,2.5344,139.4443,3.8709,2.6641,132.653,4.0488,2.9423,120.1133,4.2095,3.5795,98.7302,4.2919
bugi1244,bug,bug_Latn,997,,,,Buginese,Latn,Alphabet,1 byte,Austronesian,Austronesian > Malayo-Polynesian > Greater South Sulawesi > South Sulawesi > Tamanic-Bugis > Bugis,Austronesian > Greater South Sulawesi,1.9989,69.3892,1.9381,2.3775,58.339,1.7776,2.8504,48.661,1.5988,5.2292,26.5246,1.1535,2.7116,51.1515,1.4197,3.2065,43.2568,1.3185,4.392,31.5807,1.1013,7.0546,19.661,0.8546,1.1513,120.4714,3.3432,1.1825,117.2929,3.5762,1.2469,111.2357,3.8886,1.4507,95.6118,4.1603,2.3242,59.678,1.6566,2.5849,53.659,1.6378,3.2231,43.0341,1.5082,5.2252,26.5446,1.1539
bulg1262,bul,bul_Cyrl,997,,565391748.0,562504908.0,Bulgarian,Cyrl,Alphabet,2 bytes,Indo-European,Indo-European > Classical Indo-European > Balto-Slavic > Slavic > South Slavic > Eastern South Slavic > Macedo-Bulgarian,Indo-European > Balto-Slavic > Slavic > South Slavic > Eastern South Slavic,2.2952,103.6981,2.8963,2.6599,89.4824,2.7265,3.1733,75.005,2.4644,6.1624,38.6229,1.6796,3.6391,65.4042,1.8153,4.1167,57.8154,1.7623,4.98,47.7934,1.6666,6.6906,35.5737,1.5463,3.8098,62.4734,1.7337,4.5497,52.3129,1.595,5.7258,41.5677,1.4531,8.2352,28.9017,1.2576,2.503,95.0903,2.6396,2.8337,83.993,2.5636,3.6811,64.657,2.266,6.1658,38.6018,1.678
stan1289,cat,cat_Latn,997,,437938570.0,434641260.0,Catalan,Latn,Alphabet,1 byte,Indo-European,Indo-European > Classical Indo-European > Italic > Latino-Faliscan > Latinic > Imperial Latin > Romance > Italo-Western Romance > Western Romance > Shifted Western Romance > Southwestern Shifted Romance,Indo-European > Italic > Italo-Western Romance > Western Romance > Shifted Western Romance > Southwestern Shifted Romance,2.4687,57.2688,1.5995,2.8892,48.9328,1.491,3.3372,42.3641,1.3919,4.8971,28.8696,1.2555,3.0274,46.7001,1.2962,3.4086,41.4774,1.2643,4.0432,34.9669,1.2193,5.3305,26.5226,1.1529,1.9124,73.9268,2.0515,2.0926,67.5617,2.0599,2.4031,58.8305,2.0566,3.249,43.5145,1.8934,2.7356,51.68,1.4346,3.0383,46.5316,1.4202,3.647,38.7653,1.3586,4.8937,28.8897,1.2559
cebu1242,ceb,ceb_Latn,997,,4026407.0,4021798.0,Cebuano,Latn,Alphabet,1 byte,Austronesian,Austronesian > Malayo-Polynesian > Greater Central Philippine > Central Philippine > Bisayan,Austronesian > Greater Central Philippine > Bisayan,2.1575,69.8556,1.9511,2.4552,61.3862,1.8704,2.7903,54.014,1.7747,4.2727,35.2738,1.534,2.5403,59.329,1.6467,2.8646,52.6138,1.6037,3.5597,42.34,1.4764,6.1601,24.4664,1.0635,1.2576,119.8445,3.3258,1.3248,113.7693,3.4687,1.4604,103.2016,3.6077,1.7708,85.1123,3.7034,2.4143,62.4253,1.7329,2.6057,57.8405,1.7654,3.0398,49.5817,1.7377,4.2718,35.2818,1.5337
czec1258,ces,ces_Latn,997,,2097546956.0,2080674183.0,Czech,Latn,Alphabet,1 byte,Indo-European,Indo-European > Classical Indo-European > Balto-Slavic > Slavic > West Slavic > Czech-Slovak,Indo-European > Balto-Slavic > Slavic > West Slavic > Czech-Slovak,2.3961,56.9218,1.5898,2.7716,49.2096,1.4994,3.1697,43.0291,1.4138,4.5634,29.8877,1.2997,2.8606,47.679,1.3233,3.209,42.5025,1.2955,3.9055,34.9228,1.2178,5.5892,24.4022,1.0607,1.7381,78.4704,2.1776,1.8774,72.6479,2.215,2.1053,64.7834,2.2647,2.6318,51.8235,2.255,2.6439,51.5858,1.432,2.915,46.7894,1.4281,3.4339,39.7182,1.392,4.5484,29.986,1.3035
chuv1255,chv,chv_Cyrl,997,,,,Chuvash,Cyrl,Alphabet,2 bytes,Turkic,Turkic > Bolgar,Turkic > Bolgar,2.0139,120.1494,3.3558,2.4191,100.0251,3.0477,2.9468,82.1123,2.6979,5.5607,43.5145,1.8923,2.9465,82.1204,2.2793,3.3267,72.7362,2.2171,4.0573,59.6389,2.0797,6.113,39.5827,1.7205,1.3148,184.0391,5.1072,1.4232,170.0201,5.1838,1.6265,148.7723,5.2008,2.2406,107.993,4.699,2.3672,102.2187,2.8375,2.6494,91.329,2.7875,3.3681,71.8415,2.5178,5.5608,43.5135,1.8916
chok1245,cjk,cjk_Latn,997,,,,Chokwe,Latn,Alphabet,1 byte,Atlantic-Congo,Atlantic-Congo > Volta-Congo > Benue-Congo > Bantoid > Southern Bantoid > Narrow Bantu > Central-Western Bantu > Njila > Southern Njila > Chokwe-Lunda > Chokwe-Ngangela-Nyemba (K.20) > Chokwe-Lwena,Atlantic-Congo > Volta-Congo > Benue-Congo > Bantoid > Central-Western Bantu > Njila > Southern Njila > Chokwe-Lunda,1.9491,70.1314,1.9588,2.2944,59.5777,1.8153,2.7729,49.2959,1.6197,5.3991,25.318,1.101,2.6429,51.7212,1.4355,3.0865,44.2879,1.3499,4.0371,33.8596,1.1807,6.9465,19.678,0.8553,1.1164,122.4453,3.3979,1.1453,119.3521,3.639,1.2036,113.5717,3.9702,1.4218,96.1394,4.1833,2.2463,60.8526,1.6892,2.5008,54.66,1.6683,3.1526,43.3591,1.5196,5.3765,25.4243,1.1052
cent1972,ckb,ckb_Arab,997,,12098280.0,12051123.0,Central Kurdish,Arab,Abjad,2 bytes,Indo-European,Indo-European > Classical Indo-European > Indo-Iranian > Iranian-Nuristani > Iranian > Central Iranian PBS > Central Iranian PB > Northwestern Iranian > Laki-Kurdish > Kurdish,Indo-European > Indo-Iranian > Iranian-Nuristani > Central Iranian PBS,1.9748,117.9679,3.2949,2.8916,80.5637,2.4548,4.3018,54.1545,1.7793,13.1207,17.7553,0.7721,3.2316,72.0893,2.0009,3.894,59.8255,1.8235,4.982,46.7603,1.6306,7.6523,30.4433,1.3233,1.14,204.347,5.6708,1.1992,194.2558,5.9227,1.3633,170.8756,5.9735,2.3758,98.0542,4.2666,2.7717,84.0491,2.3331,3.481,66.9228,2.0426,5.5395,42.0542,1.4738,13.1214,17.7543,0.7718
beij1234,cmn,cmn_Hans,997,,10899511187.0,10856245131.0,Mandarin Chinese (Standard Beijing),Hans,Logographic,3 bytes,Sino-Tibetan,Sino-Tibetan > Sinitic > Classical-Middle-Modern Sinitic > Middle-Modern Sinitic > Northern Chinese > Mandarinic > Mandarin Chinese > Beijingic,Sino-Tibetan > Sinitic > Northern Chinese,2.0223,58.1555,1.6243,2.2391,52.5236,1.6004,2.458,47.8465,1.5721,3.364,34.9609,1.5204,2.9571,39.7713,1.1039,3.444,34.1484,1.0409,4.2287,27.8114,0.9698,5.6845,20.6891,0.8993,1.3925,84.4574,2.3438,1.4524,80.9739,2.4688,1.5693,74.9428,2.6198,1.9757,59.5256,2.5901,2.1757,54.0552,1.5005,2.3144,50.8154,1.551,2.6131,45.007,1.5773,3.3531,35.0742,1.5247
taib1240,cmn,cmn_Hant,997,,10899511187.0,10856245131.0,Mandarin Chinese (Taiwanese),Hant,Logographic,3 bytes,Sino-Tibetan,Sino-Tibetan > Sinitic > Classical-Middle-Modern Sinitic > Middle-Modern Sinitic > Northern Chinese > Mandarinic > Mandarin Chinese > Beijingic,Sino-Tibetan > Sinitic > Northern Chinese,1.961,57.008,1.5923,2.1676,51.5747,1.5715,2.3775,47.0211,1.545,3.1667,35.3029,1.5352,3.101,36.0512,1.0006,3.571,31.3059,0.9542,4.2647,26.2136,0.9141,5.4722,20.4293,0.888,1.3437,83.1966,2.3088,1.3969,80.0281,2.44,1.4979,74.6349,2.6091,1.8774,59.5476,2.5911,2.1113,52.9509,1.4699,2.2477,49.7372,1.5181,2.5262,44.2538,1.5509,3.16,35.3781,1.5379
crim1257,crh,crh_Latn,997,,,,Crimean Tatar,Latn,Alphabet,1 byte,Turkic,Turkic > Common Turkic > Kipchak-Turkestan > Kipchak > Northwest Kipchak > West Kipchak > Crimean Tatar-Urum > Crimeaic,Turkic > Common Turkic > Kipchak-Turkestan > Kipchak > Northwest Kipchak > West Kipchak,2.0564,69.1846,1.9323,2.4304,58.5376,1.7836,2.7894,51.003,1.6758,4.2209,33.7061,1.4658,2.6525,53.6359,1.4887,3.1865,44.6479,1.3609,4.4069,32.2828,1.1257,7.3615,19.326,0.84,1.2245,116.1825,3.2241,1.2628,112.658,3.4349,1.3338,106.666,3.7288,1.5678,90.7442,3.9485,2.3787,59.8084,1.6602,2.5923,54.8806,1.6751,3.0248,47.0341,1.6484,4.2122,33.7753,1.4682
wels1247,cym,cym_Latn,997,,20737905.0,20624391.0,Welsh,Latn,Alphabet,1 byte,Indo-European,Indo-European > Classical Indo-European > Celtic > Nuclear Celtic > Core Celtic > Insular Celtic > Brythonic > Old-Modern Welsh,Indo-European > Celtic > Brythonic,2.1047,63.9147,1.7852,2.8677,46.9087,1.4293,3.7665,35.7151,1.1735,7.3048,18.4152,0.8008,2.8843,46.6389,1.2945,3.6241,37.1184,1.1314,5.0254,26.7683,0.9334,7.3324,18.346,0.7974,1.0656,126.2377,3.5032,1.0772,124.8806,3.8075,1.0947,122.8857,4.2958,1.1432,117.67,5.1201,2.7795,48.3982,1.3435,3.2696,41.1434,1.2558,4.397,30.5938,1.0722,7.2574,18.5356,0.8058
dani1285,dan,dan_Latn,997,,880593500.0,873291872.0,Danish,Latn,Alphabet,1 byte,Indo-European,Indo-European > Classical Indo-European > Germanic > Northwest Germanic > North Germanic > South Scandinavian,Indo-European > Germanic > North Germanic > South Scandinavian,2.4132,54.7382,1.5289,2.8242,46.7733,1.4252,3.2651,40.4574,1.3293,4.5705,28.9017,1.2569,2.9631,44.5797,1.2373,3.4052,38.7924,1.1824,4.1856,31.5597,1.1005,5.6169,23.5176,1.0222,1.6056,82.2698,2.283,1.7222,76.7041,2.3387,1.9365,68.2136,2.3846,2.5408,51.99,2.2622,2.7039,48.8546,1.3562,2.988,44.2086,1.3493,3.5466,37.2457,1.3053,4.5661,28.9298,1.2576
darg1241,dar,dar_Cyrl,997,dev only,,,Dargwa,Cyrl,Alphabet,2 bytes,Nakh-Daghestanian,Nakh-Daghestanian > Daghestanian > Dargwic,Nakh-Daghestanian,1.9764,136.2076,3.8043,2.2811,118.0171,3.5959,2.6875,100.1685,3.2912,4.9104,54.8235,2.3841,2.9729,90.5537,2.5133,3.3409,80.5787,2.4561,3.9717,67.7803,2.3636,5.6823,47.3761,2.0593,1.6423,163.9178,4.5488,1.8374,146.5115,4.467,2.2065,122.007,4.2651,3.3019,81.5296,3.5476,2.2383,120.2728,3.3387,2.4586,109.4945,3.342,3.0229,89.0562,3.1211,4.9123,54.8024,2.3823
stan1295,deu,deu_Latn,997,,11072171606.0,10978241043.0,German,Latn,Alphabet,1 byte,Indo-European,Indo-European > Classical Indo-European > Germanic > Northwest Germanic > West Germanic > High German > Upper German > Middle-Modern High German > Modern High German > Upper Franconian > Global German,Indo-European > Germanic > West Germanic > High German > Upper German,2.7937,53.4714,1.4935,3.1423,47.5396,1.4485,3.4931,42.7653,1.4051,4.715,31.683,1.3778,3.2676,45.7172,1.2689,3.6465,40.9659,1.2487,4.2925,34.8014,1.2136,5.6071,26.6419,1.158,2.3823,62.7061,1.7401,2.6355,56.682,1.7282,3.0464,49.0361,1.7142,3.9296,38.015,1.6541,2.9432,50.7563,1.409,3.2358,46.1665,1.4091,3.7695,39.6299,1.3889,4.7154,31.68,1.3772
dogr1250,dgo,dgo_Deva,997,dev only,,,Dogri,Deva,Abugida,3 bytes,Indo-European,Indo-European > Classical Indo-European > Indo-Iranian > Indo-Aryan > Middle-Modern Indo-Aryan > Eastern Dardic > Himachali > Kangric-Chamealic-Bhattiyali > Kangri-Dogri,Indo-European > Indo-Iranian > Indo-Aryan > Middle-Modern Indo-Aryan > Eastern Dardic > Himachali,2.3769,144.0341,4.0229,2.5865,132.3601,4.033,2.8059,122.01,4.0088,3.821,89.5988,3.8964,3.5649,96.0331,2.6654,3.7678,90.8626,2.7696,4.172,82.0602,2.8615,5.1305,66.7292,2.9005,3.2346,105.8425,2.9372,3.3867,101.0863,3.082,3.6061,94.9368,3.3188,4.2047,81.4223,3.5429,2.5008,136.8967,3.8001,2.6455,129.4092,3.9498,3.0359,112.7673,3.9521,3.782,90.5226,3.9351
sout2832,dik,dik_Latn,997,,,,Southwestern Dinka,Latn,Alphabet,1 byte,Nilotic,Nilotic > Western Nilotic > Dinka-Nuer > Dinka,Nilotic > Dinka-Nuer > Dinka,2.0541,59.3751,1.6584,2.4859,49.0602,1.4948,3.0262,40.3019,1.3242,5.6032,21.7663,0.9466,2.5411,47.995,1.3321,2.9565,41.2518,1.2574,3.8482,31.6931,1.1052,6.7602,18.0411,0.7842,1.0994,110.9318,3.0784,1.1158,109.2989,3.3324,1.1437,106.6379,3.7278,1.2149,100.3862,4.3681,2.4237,50.321,1.3969,2.7192,44.8526,1.369,3.4349,35.5065,1.2444,5.5696,21.8977,0.9519
dyul1238,dyu,dyu_Latn,997,,,,Dyula,Latn,Alphabet,1 byte,Mande,Mande > Western Mande > Manding-Kpelle > Central Mande > Manding-Jogo > Manding-Vai > Manding-Mokole > Manding > East Manding,Mande,1.942,69.4734,1.9404,2.4103,55.9769,1.7056,2.9948,45.0512,1.4802,6.1639,21.8887,0.9519,2.7359,49.3149,1.3688,3.2394,41.6499,1.2695,4.2721,31.5817,1.1013,6.5694,20.5376,0.8927,1.1004,122.6148,3.4026,1.1197,120.4995,3.6739,1.1534,116.9789,4.0893,1.2661,106.5637,4.6369,2.347,57.4855,1.5958,2.6621,50.681,1.5469,3.4439,39.1765,1.373,6.1445,21.9579,0.9545
dzon1239,dzo,dzo_Tibt,997,,208006.0,207770.0,Dzongkha,Tibt,Abugida,3 bytes,Sino-Tibetan,Sino-Tibetan > Bodic > Bodish > Early Old Tibetan > Middle Old Tibetan > Late Old Tibetan > Southern Tibetic > Dzongkhic > Nuclear Dzongkhic,Sino-Tibetan > Bodic > Southern Tibetic,1.9966,232.8576,6.5038,2.1,221.3922,6.7458,2.3354,199.0762,6.541,3.5391,131.3691,5.7129,4.0488,114.8305,3.1872,4.0964,113.4965,3.4595,4.1668,111.5787,3.8909,4.353,106.8044,4.6425,3.4953,133.014,3.6912,3.752,123.9147,3.7781,3.9447,117.8596,4.1201,4.0873,113.7472,4.9494,2.0053,231.8465,6.4359,2.1689,214.3641,6.5428,2.5431,182.8154,6.407,3.5138,132.3129,5.7517
esto1258,ekk,ekk_Latn,997,,270383021.0,268165050.0,Estonian,Latn,Alphabet,1 byte,Uralic,Uralic > Finnic > Coastal Finnic > Neva > Central Finnic,Uralic > Finnic > Central Finnic,2.0491,62.1194,1.735,2.6253,48.4845,1.4773,3.2983,38.5908,1.268,6.1652,20.6459,0.8978,2.7564,46.1775,1.2817,3.4163,37.2588,1.1357,4.9735,25.5928,0.8925,7.7522,16.4193,0.7137,1.1111,114.5587,3.1791,1.1336,112.2798,3.4233,1.1737,108.4443,3.791,1.3015,97.7994,4.2555,2.5526,49.8646,1.3842,2.9325,43.4052,1.3248,3.7716,33.7482,1.1828,6.1499,20.6971,0.8997
mode1248,ell,ell_Grek,997,,1086923125.0,1081601897.0,Greek,Grek,Alphabet,2 bytes,Indo-European,Indo-European > Classical Indo-European > Graeco-Phrygian > Greek > South Greek > Central Greek > Koineic Greek > Modern Koineic Greek > Nuclear Modern Greek,Indo-European > Graeco-Phrygian,2.0263,135.2798,3.7784,2.2701,120.7503,3.6792,2.5358,108.0963,3.5517,3.8445,71.2999,3.1007,3.144,87.1846,2.4198,3.5818,76.5286,2.3327,4.4125,62.1214,2.1662,6.6209,41.4012,1.7996,2.0279,135.1715,3.7511,2.304,118.9699,3.6273,2.7682,99.0221,3.4616,4.1996,65.2708,2.8401,2.2399,122.3791,3.3971,2.3887,114.7523,3.5025,2.7508,99.6489,3.4923,3.8465,71.2618,3.0978
stan1293,eng,eng_Latn,997,,88502069080.0,87766779120.0,English,Latn,Alphabet,1 byte,Indo-European,Indo-European > Classical Indo-European > Germanic > Northwest Germanic > West Germanic > North Sea Germanic > Anglo-Frisian > Anglic > Later Anglic > Middle-Modern English > Macro-English,Indo-European > Germanic > West Germanic > North Sea Germanic,3.5099,35.8034,1.0,3.829,32.8195,1.0,4.129,30.4353,1.0,5.465,22.995,1.0,3.4879,36.0291,1.0,3.8304,32.8074,1.0,4.3821,28.677,1.0,5.4624,23.006,1.0,3.4873,36.0351,1.0,3.8315,32.7984,1.0,4.3931,28.6058,1.0,5.4681,22.9819,1.0,3.4884,36.0241,1.0,3.8356,32.7633,1.0,4.4042,28.5336,1.0,5.4628,23.004,1.0
espe1235,epo,epo_Latn,997,,16488806.0,16428426.0,Esperanto,Latn,Alphabet,1 byte,Artificial Language,Artificial Language > Esperantic,Artificial Language > Esperantic,2.0654,61.9759,1.731,2.5119,50.9589,1.5527,3.011,42.5115,1.3968,5.1523,24.8435,1.0804,2.8267,45.2839,1.2569,3.3536,38.1685,1.1634,4.4049,29.0592,1.0133,6.2931,20.34,0.8841,1.1512,111.1946,3.0857,1.1814,108.347,3.3034,1.2386,103.348,3.6128,1.4121,90.6439,3.9441,2.4428,52.3992,1.4546,2.7207,47.0481,1.436,3.3583,38.1153,1.3358,5.1366,24.9198,1.0833
basq1248,eus,eus_Latn,997,,64561327.0,63938667.0,Basque,Latn,Alphabet,1 byte,Isolate,Isolate,Isolate,2.0449,65.6991,1.835,2.6549,50.6058,1.5419,3.3417,40.2046,1.321,6.4897,20.7021,0.9003,2.7748,48.4183,1.3439,3.4554,38.8816,1.1851,5.1069,26.3079,0.9174,7.7886,17.2497,0.7498,1.1022,121.8947,3.3827,1.119,120.0652,3.6607,1.1493,116.9027,4.0867,1.2565,106.9278,4.6527,2.5822,52.0301,1.4443,2.9591,45.4032,1.3858,3.8282,35.0953,1.23,6.4644,20.7834,0.9035
ewee1241,ewe,ewe_Latn,997,,,,Ewe,Latn,Alphabet,1 byte,Atlantic-Congo,Atlantic-Congo > Volta-Congo > Kwa Volta-Congo > Gbe > Western Gbe > Eweic,Atlantic-Congo > Volta-Congo > Kwa Volta-Congo > Gbe > Western Gbe,2.0088,67.2678,1.8788,2.5709,52.5597,1.6015,3.2944,41.0171,1.3477,6.3758,21.1936,0.9217,2.5549,52.8897,1.468,2.998,45.0712,1.3738,3.9482,34.2247,1.1935,7.0446,19.1815,0.8338,1.0834,124.7272,3.4613,1.0997,122.8746,3.7464,1.127,119.9017,4.1915,1.1875,113.7904,4.9513,2.4959,54.1384,1.5028,2.8857,46.8265,1.4292,3.8427,35.1645,1.2324,6.3628,21.2367,0.9232
faro1244,fao,fao_Latn,997,,8203838.0,8160846.0,Faroese,Latn,Alphabet,1 byte,Indo-European,Indo-European > Classical Indo-European > Germanic > Northwest Germanic > North Germanic > West Scandinavian > Icelandic-Faroese,Indo-European > Germanic > North Germanic > West Scandinavian > Icelandic-Faroese,2.0501,67.2688,1.8788,2.6379,52.2808,1.593,3.3586,41.0612,1.3491,5.9186,23.3009,1.0133,2.7665,49.8495,1.3836,3.3946,40.6259,1.2383,4.748,29.0461,1.0129,7.1586,19.2648,0.8374,1.131,121.9348,3.3838,1.1549,119.4112,3.6408,1.1958,115.33,4.0317,1.3239,104.1715,4.5328,2.5503,54.0752,1.5011,2.954,46.6851,1.4249,3.8159,36.1404,1.2666,5.8892,23.4173,1.018
fiji1243,fij,fij_Latn,997,,191398.0,189932.0,Fijian,Latn,Alphabet,1 byte,Austronesian,Austronesian > Malayo-Polynesian > Eastern Malayo-Polynesian > Oceanic > Central Pacific linkage > Tokalau Fijian > Eastern Fijian > Nuclear Eastern Fijian > Viwa-Lomaiviti-East Viti Levu,Austronesian > Eastern Malayo-Polynesian > Eastern Fijian,1.9032,77.1254,2.1541,2.236,65.6449,2.0002,2.6791,54.7894,1.8002,4.9329,29.7563,1.294,2.5848,56.7884,1.5762,2.9904,49.0853,1.4962,3.8674,37.9539,1.3235,6.2179,23.6068,1.0261,1.1349,129.338,3.5892,1.1708,125.3711,3.8225,1.2362,118.7412,4.1509,1.429,102.7192,4.4696,2.1853,67.1695,1.8646,2.4222,60.5988,1.8496,3.0115,48.7412,1.7082,4.885,30.0481,1.3062
fili1244,fil,fil_Latn,997,,,,Filipino,Latn,Alphabet,1 byte,Austronesian,Austronesian > Malayo-Polynesian > Greater Central Philippine > Central Philippine > Tagalogic > Tagalog-Filipino,Austronesian > Greater Central Philippine > Tagalogic,2.1889,72.2748,2.0187,2.4753,63.9117,1.9474,2.7952,56.5978,1.8596,4.148,38.1394,1.6586,2.5617,61.7573,1.7141,2.8782,54.9649,1.6754,3.5683,44.335,1.546,6.2029,25.5045,1.1086,1.2812,123.4784,3.4266,1.362,116.1565,3.5415,1.511,104.6991,3.6601,1.8391,86.0201,3.7429,2.437,64.9168,1.802,2.6213,60.3531,1.8421,3.03,52.2116,1.8298,4.1451,38.1655,1.6591
finn1318,fin,fin_Latn,997,,754585351.0,748584150.0,Finnish,Latn,Alphabet,1 byte,Uralic,Uralic > Finnic > Coastal Finnic > Neva > North Finnic > Nuclear Finnish,Uralic > Finnic > North Finnic,2.244,62.2026,1.7373,2.6862,51.9629,1.5833,3.1943,43.6981,1.4358,4.8473,28.7964,1.2523,2.805,49.7633,1.3812,3.2828,42.5196,1.296,4.2149,33.1163,1.1548,6.5718,21.2397,0.9232,1.512,92.317,2.5619,1.6146,86.4504,2.6358,1.7921,77.8887,2.7228,2.3178,60.2237,2.6205,2.5923,53.8465,1.4947,2.8972,48.1795,1.4705,3.5241,39.6088,1.3881,4.8341,28.8746,1.2552
fonn1241,fon,fon_Latn,997,,,,Fon,Latn,Alphabet,1 byte,Atlantic-Congo,Atlantic-Congo > Volta-Congo > Kwa Volta-Congo > Gbe > Eastern Gbe > Fongbeic,Atlantic-Congo > Volta-Congo > Kwa Volta-Congo > Gbe > Eastern Gbe,2.0662,76.7312,2.1431,2.6223,60.4584,1.8421,3.293,48.1454,1.5819,5.9057,26.8455,1.1674,2.5757,61.5537,1.7084,3.0044,52.7703,1.6085,3.8796,40.8656,1.425,6.8038,23.3019,1.0129,1.0868,145.8816,4.0483,1.1047,143.5165,4.3757,1.1326,139.9779,4.8933,1.1984,132.2939,5.7564,2.548,62.2217,1.7272,2.9141,54.4052,1.6606,3.7571,42.1986,1.4789,5.8763,26.9799,1.1728
stan1290,fra,fra_Latn,997,,8938152817.0,8869369439.0,French,Latn,Alphabet,1 byte,Indo-European,Indo-European > Classical Indo-European > Italic > Latino-Faliscan > Latinic > Imperial Latin > Romance > Italo-Western Romance > Western Romance > Shifted Western Romance > Northwestern Shifted Romance > Gallo-Rhaetian > Oil > Central Oil > Macro-French > Global French,Indo-European > Italic > Italo-Western Romance > Western Romance > Shifted Western Romance > Northwestern Shifted Romance > Gallo-Rhaetian > Global French,3.0232,51.2828,1.4323,3.3815,45.8485,1.397,3.7373,41.4845,1.363,5.2462,29.5527,1.2852,3.1669,48.9559,1.3588,3.5275,43.9519,1.3397,4.1579,37.2879,1.3003,5.4362,28.5196,1.2397,2.6033,59.5547,1.6527,2.8977,53.5045,1.6313,3.3649,46.0752,1.6107,4.4704,34.681,1.5091,3.1079,49.8847,1.3848,3.4209,45.321,1.3833,4.0444,38.334,1.3435,5.2462,29.5527,1.2847
east2271,fur,fur_Latn,997,,,,Friulian,Latn,Alphabet,1 byte,Indo-European,Indo-European > Classical Indo-European > Italic > Latino-Faliscan > Latinic > Imperial Latin > Romance > Italo-Western Romance > Italo-Dalmatian > Italian Romance > Friulian,Indo-European > Italic > Italo-Western Romance > Italo-Dalmatian > Italian Romance > Friulian,2.1585,66.0782,1.8456,2.5775,55.336,1.6861,3.0605,46.6038,1.5312,5.0294,28.3591,1.2333,2.8941,49.2818,1.3678,3.3078,43.1194,1.3143,4.0752,34.999,1.2205,5.642,25.2798,1.0988,1.2871,110.8124,3.0751,1.355,105.2608,3.2093,1.4878,95.8686,3.3514,1.8863,75.6148,3.2902,2.5076,56.8776,1.5789,2.7769,51.3631,1.5677,3.3993,41.9579,1.4705,5.0258,28.3791,1.2337
nige1253,fuv,fuv_Latn,997,,,,Nigerian Fulfulde,Latn,Alphabet,1 byte,Atlantic-Congo,Atlantic-Congo > North-Central Atlantic > Fula-Sereer > Fula > Eastern Fula,Atlantic-Congo > North-Central Atlantic > Fula-Sereer,1.9584,61.8826,1.7284,2.3272,52.0762,1.5867,2.7763,43.652,1.4343,5.1279,23.6339,1.0278,2.6644,45.4865,1.2625,3.08,39.348,1.1994,3.9131,30.9709,1.08,6.0611,19.995,0.8691,1.1122,108.9679,3.0239,1.1351,106.7723,3.2554,1.18,102.7041,3.5903,1.3278,91.2708,3.9714,2.2659,53.4855,1.4847,2.5149,48.1906,1.4709,3.1039,39.0451,1.3684,5.091,23.8054,1.0348
west2721,gaz,gaz_Latn,997,,927830.0,923231.0,West Central Oromo,Latn,Alphabet,1 byte,Afro-Asiatic,Afro-Asiatic > Cushitic > East Cushitic > Lowland East Cushitic > Southern Lowland East Cushitic > Mainstream Lowland East Cushitic > Oromoid > Nuclear Oromo,Afro-Asiatic > Cushitic > Oromoid,2.0032,75.681,2.1138,2.468,61.4293,1.8717,2.9793,50.8867,1.672,5.6478,26.8435,1.1674,2.6807,56.5557,1.5697,3.2274,46.9759,1.4319,4.5846,33.0692,1.1532,7.8964,19.1996,0.8345,1.0891,139.1996,3.8629,1.1094,136.654,4.1665,1.1536,131.4162,4.594,1.3079,115.9137,5.0437,2.4074,62.9769,1.7482,2.6921,56.3159,1.7189,3.3563,45.1705,1.5831,5.6253,26.9509,1.1716
scot1245,gla,gla_Latn,997,,2973293.0,2962154.0,Scottish Gaelic,Latn,Alphabet,1 byte,Indo-European,Indo-European > Classical Indo-European > Celtic > Nuclear Celtic > Core Celtic > Insular Celtic > Goidelic > Modern Goidelic > Eastern Goidelic,Indo-European > Celtic > Goidelic > Eastern Goidelic,2.0662,78.4734,2.1918,2.6146,62.016,1.8896,3.2821,49.4032,1.6232,6.4429,25.1665,1.0944,2.6969,60.1224,1.6687,3.2197,50.3601,1.535,4.3879,36.9529,1.2886,7.3175,22.1585,0.9632,1.0886,148.9509,4.1335,1.1057,146.6469,4.4712,1.1353,142.8265,4.9929,1.2182,133.0983,5.7914,2.5479,63.6379,1.7665,2.9171,55.5848,1.6966,3.7754,42.9478,1.5052,6.4272,25.2277,1.0967
iris1253,gle,gle_Latn,997,,12046808.0,11970817.0,Irish,Latn,Alphabet,1 byte,Indo-European,Indo-European > Classical Indo-European > Celtic > Nuclear Celtic > Core Celtic > Insular Celtic > Goidelic > Modern Goidelic,Indo-European > Celtic > Goidelic,2.0736,74.7823,2.0887,2.709,57.2437,1.7442,3.4573,44.8536,1.4737,7.033,22.0491,0.9589,2.7953,55.4754,1.5397,3.3669,46.0582,1.4039,4.5843,33.8265,1.1796,7.2074,21.5155,0.9352,1.0725,144.5838,4.0123,1.0884,142.4734,4.3439,1.1143,139.1645,4.8649,1.1921,130.0843,5.6603,2.631,58.9398,1.6361,3.0351,51.0923,1.5594,4.0058,38.7121,1.3567,6.9964,22.1645,0.9635
gali1258,glg,glg_Latn,997,,70206749.0,69830421.0,Galician,Latn,Alphabet,1 byte,Indo-European,Indo-European > Classical Indo-European > Italic > Latino-Faliscan > Latinic > Imperial Latin > Romance > Italo-Western Romance > Western Romance > Shifted Western Romance > Southwestern Shifted Romance > West Ibero-Romance > Galician Romance,Indo-European > Italic > Italo-Western Romance > Western Romance > Shifted Western Romance > Southwestern Shifted Romance > West Ibero-Romance > Galician Romance,2.4487,58.2116,1.6259,2.8664,49.7292,1.5152,3.335,42.7412,1.4043,4.9851,28.5938,1.2435,3.0351,46.9649,1.3035,3.4089,41.8154,1.2746,4.0469,35.2227,1.2283,5.3209,26.7894,1.1645,1.8653,76.4173,2.1206,2.0472,69.6269,2.1229,2.3601,60.3962,2.1113,3.1532,45.2066,1.9671,2.7187,52.4313,1.4555,3.0259,47.1073,1.4378,3.665,38.8937,1.3631,4.9611,28.7322,1.249
goan1235,gom,gom_Deva,997,dev only,,,Goan Konkani,Deva,Abugida,3 bytes,Indo-European,Indo-European > Classical Indo-European > Indo-Iranian > Indo-Aryan > Middle-Modern Indo-Aryan > Continental Indo-Aryan > Indo-Aryan Southern zone > Marathic > Marathi-Konkani,Indo-European > Indo-Iranian > Indo-Aryan > Middle-Modern Indo-Aryan > Continental Indo-Aryan > Indo-Aryan Southern zone,2.3544,136.0792,3.8007,2.5767,124.342,3.7887,2.7975,114.5286,3.763,3.698,86.6399,3.7678,3.4553,92.7242,2.5736,3.6737,87.2116,2.6583,4.1066,78.0191,2.7206,4.9825,64.3039,2.7951,3.1246,102.5376,2.8455,3.2754,97.8185,2.9824,3.4727,92.2598,3.2252,4.1004,78.1364,3.3999,2.5038,127.9609,3.5521,2.6503,120.8867,3.6897,2.9696,107.8887,3.7811,3.6603,87.5306,3.805
para1311,gug,gug_Latn,997,,,,Paraguayan Guaraní,Latn,Alphabet,1 byte,Tupian,Tupian > Eastern Tupian > Maweti-Guarani > Aweti-Guarani > Tupi-Guarani > Southern Tupi-Guarani > Tupi-Guarani Subgroup I > Tupi-Guarani Subgroup I.A > Paraguay-Brazil Guarani,Tupian,1.9949,68.7583,1.9204,2.5407,53.988,1.645,3.2613,42.0592,1.3819,6.3513,21.5968,0.9392,2.6077,52.6018,1.46,3.1399,43.6851,1.3316,4.3881,31.2588,1.09,7.7276,17.7503,0.7716,1.1463,119.665,3.3208,1.1686,117.3801,3.5788,1.2077,113.5737,3.9703,1.3149,104.3159,4.539,2.4585,55.7924,1.5488,2.8553,48.0401,1.4663,3.7847,36.2427,1.2702,6.3378,21.6429,0.9408
guja1252,guj,guj_Gujr,997,,20627706.0,20505300.0,Gujarati,Gujr,Abugida,3 bytes,Indo-European,Indo-European > Classical Indo-European > Indo-Iranian > Indo-Aryan > Middle-Modern Indo-Aryan > Continental Indo-Aryan > Midlands Indo-Aryan > Apabhramsic > Gujarati-Rajasthani > Gujaratic,Indo-European > Indo-Iranian > Indo-Aryan > Middle-Modern Indo-Aryan > Continental Indo-Aryan > Midlands Indo-Aryan > Apabhramsic,2.1639,145.8786,4.0744,2.3561,133.9819,4.0824,2.5848,122.1274,4.0127,3.5468,89.001,3.8705,3.3714,93.6319,2.5988,3.5737,88.332,2.6924,4.0698,77.5647,2.7048,4.8944,64.4965,2.8035,3.0801,102.4885,2.8441,3.1727,99.4965,3.0336,3.2815,96.1956,3.3628,3.7114,85.0552,3.701,2.2871,138.0201,3.8313,2.434,129.6921,3.9585,2.7362,115.3691,4.0433,3.5129,89.8596,3.9063
hait1244,hat,hat_Latn,997,,3318663.0,3308474.0,Haitian Creole,Latn,Alphabet,1 byte,Indo-European,Indo-European > Classical Indo-European > Italic > Latino-Faliscan > Latinic > Imperial Latin > Romance > Italo-Western Romance > Western Romance > Shifted Western Romance > Northwestern Shifted Romance > Gallo-Rhaetian > Oil > Central Oil > Macro-French > Circum-Caribbean French,Indo-European > Italic > Italo-Western Romance > Western Romance > Shifted Western Romance > Northwestern Shifted Romance > Gallo-Rhaetian > Circum-Caribbean French,2.0466,58.2357,1.6265,2.5186,47.322,1.4419,3.0578,38.9769,1.2806,5.6069,21.2568,0.9244,2.8596,41.678,1.1568,3.4043,35.01,1.0671,4.4142,27.0,0.9415,5.9371,20.0742,0.8726,1.0939,108.9488,3.0234,1.1133,107.0502,3.2639,1.1474,103.8706,3.6311,1.2473,95.5507,4.1577,2.4597,48.4554,1.3451,2.7606,43.1725,1.3177,3.4552,34.4935,1.2089,5.6018,21.2758,0.9249
haus1257,hau,hau_Latn,997,,4487502.0,4460085.0,Hausa,Latn,Alphabet,1 byte,Afro-Asiatic,Afro-Asiatic > Chadic > West Chadic > West Chadic A > West Chadic A.1,Afro-Asiatic > Chadic,1.9298,71.5737,1.9991,2.2688,60.8796,1.855,2.6834,51.4734,1.6912,5.0046,27.5988,1.2002,2.6782,51.5717,1.4314,3.1016,44.5316,1.3574,3.9382,35.0722,1.223,5.9575,23.1846,1.0078,1.1036,125.1565,3.4732,1.1272,122.5306,3.7359,1.1734,117.7131,4.115,1.3272,104.0672,4.5282,2.2171,62.2989,1.7294,2.4439,56.5176,1.725,2.9988,46.0592,1.6142,4.9854,27.7051,1.2044
hebr1245,heb,heb_Hebr,997,,461968429.0,458572341.0,Hebrew,Hebr,Abjad,2 bytes,Afro-Asiatic,Afro-Asiatic > Semitic > West Semitic > Central Semitic > Northwest Semitic > Canaanite > Hebrewic,Afro-Asiatic > Semitic > Central Semitic > Northwest Semitic,2.0977,83.4213,2.33,2.148,81.4674,2.4823,2.1853,80.0762,2.631,2.2824,76.669,3.3342,2.2793,76.7743,2.1309,2.3266,75.2116,2.2925,2.4736,70.7412,2.4668,3.4096,51.323,2.2309,1.9887,87.991,2.4418,2.1014,83.2718,2.5389,2.1835,80.1404,2.8015,2.2426,78.0301,3.3953,2.139,81.8104,2.271,2.1667,80.7633,2.4651,2.207,79.2879,2.7788,2.2824,76.668,3.3328
hind1269,hin,hin_Deva,997,,297818592.0,296664138.0,Hindi,Deva,Abugida,3 bytes,Indo-European,Indo-European > Classical Indo-European > Indo-Iranian > Indo-Aryan > Middle-Modern Indo-Aryan > Continental Indo-Aryan > Midlands Indo-Aryan > Shaurasenic > Indo-Aryan Central zone > Western Hindi > Hindustani,Indo-European > Indo-Iranian > Indo-Aryan > Middle-Modern Indo-Aryan > Continental Indo-Aryan > Midlands Indo-Aryan > Shaurasenic > Indo-Aryan Central zone,2.3572,137.1214,3.8298,2.5683,125.8495,3.8346,2.7783,116.34,3.8225,3.9181,82.4945,3.5875,3.594,89.9338,2.4961,3.8023,85.007,2.5911,4.2552,75.9589,2.6488,5.1481,62.7854,2.7291,3.297,98.0351,2.7205,3.4639,93.3109,2.845,3.7084,87.1605,3.047,4.4223,73.0893,3.1803,2.4731,130.6941,3.628,2.6184,123.4443,3.7678,3.002,107.668,3.7734,3.8746,83.4203,3.6263
chha1249,hne,hne_Deva,997,,,,Chhattisgarhi,Deva,Abugida,3 bytes,Indo-European,Indo-European > Classical Indo-European > Indo-Iranian > Indo-Aryan > Middle-Modern Indo-Aryan > Continental Indo-Aryan > Midlands Indo-Aryan > Shaurasenic > Eastern Hindi,Indo-European > Indo-Iranian > Indo-Aryan > Middle-Modern Indo-Aryan > Continental Indo-Aryan > Midlands Indo-Aryan > Shaurasenic > Eastern Hindi,2.3796,130.9107,3.6564,2.5623,121.5777,3.7044,2.7748,112.2638,3.6886,3.7272,83.5787,3.6346,3.4914,89.2237,2.4764,3.6865,84.5025,2.5757,4.1135,75.7302,2.6408,4.9613,62.7894,2.7293,3.222,96.683,2.683,3.3509,92.9639,2.8344,3.5417,87.9559,3.0748,4.1687,74.7272,3.2516,2.4797,125.6279,3.4873,2.6182,118.9799,3.6315,2.9809,104.5035,3.6625,3.6855,84.5246,3.6743
croa1245,hrv,hrv_Latn,997,,398007249.0,395925092.0,Croatian,Latn,Alphabet,1 byte,Indo-European,Indo-European > Classical Indo-European > Balto-Slavic > Slavic > South Slavic > Western South Slavic > Serbian-Croatian-Bosnian > Shtokavski > New Shtokavian > Eastern Herzegovinian Shtokavian,Indo-European > Balto-Slavic > Slavic > South Slavic > Western South Slavic > Serbian-Croatian-Bosnian,2.1673,58.8335,1.6432,2.5933,49.1705,1.4982,3.0661,41.5878,1.3664,4.509,28.2798,1.2298,2.9595,43.0863,1.1959,3.3755,37.7763,1.1515,4.1501,30.7252,1.0714,5.7973,21.995,0.9561,1.4103,90.4183,2.5092,1.5134,84.2548,2.5689,1.7009,74.9679,2.6207,2.1763,58.5928,2.5495,2.5222,50.5557,1.4034,2.7948,45.6249,1.3926,3.3628,37.9188,1.3289,4.5056,28.3009,1.2303
hung1274,hun,hun_Latn,997,,1075637261.0,1069342197.0,Hungarian,Latn,Alphabet,1 byte,Uralic,Uralic > Hungaric,Uralic > Hungaric,2.3144,62.8265,1.7548,2.6983,53.8877,1.6419,3.1048,46.8315,1.5387,4.3894,33.1264,1.4406,2.9215,49.7703,1.3814,3.3241,43.7422,1.3333,4.0566,35.8435,1.2499,5.7447,25.3109,1.1002,1.6539,87.9168,2.4398,1.7942,81.0401,2.4709,2.0513,70.8837,2.4779,2.7355,53.1545,2.3129,2.5942,56.0502,1.5559,2.8461,51.0893,1.5593,3.3432,43.4925,1.5243,4.383,33.1745,1.4421
nucl1235,hye,hye_Armn,997,,65590629.0,65263010.0,Armenian,Armn,Alphabet,2 bytes,Indo-European,Indo-European > Classical Indo-European > Armenic > Eastern-Western Armenian,Indo-European > Armenic,1.9753,130.8806,3.6555,2.1507,120.2026,3.6625,2.3145,111.6981,3.67,2.7899,92.664,4.0297,2.7316,94.6409,2.6268,2.876,89.8897,2.7399,3.2037,80.6971,2.814,4.5367,56.986,2.477,1.4854,174.0481,4.83,1.635,158.1244,4.8211,1.8511,139.662,4.8823,2.2905,112.8696,4.9112,2.1349,121.0963,3.3615,2.2304,115.9097,3.5378,2.4106,107.2447,3.7585,2.7901,92.658,4.0279
nucl1417,ibo,ibo_Latn,997,,1053902.0,1050050.0,Igbo,Latn,Alphabet,1 byte,Atlantic-Congo,Atlantic-Congo > Volta-Congo > Benue-Congo > Igboid > Nuclear Igboid > Central-Northern Igbo,Atlantic-Congo > Volta-Congo > Benue-Congo > Igboid,2.1018,71.4724,1.9962,2.551,58.8877,1.7943,3.0957,48.5246,1.5944,5.088,29.5246,1.284,2.5192,59.6309,1.6551,3.018,49.7743,1.5172,4.107,36.5767,1.2755,7.088,21.1936,0.9212,1.1632,129.1414,3.5838,1.1854,126.7302,3.8639,1.219,123.2307,4.3079,1.3006,115.5015,5.0258,2.4765,60.659,1.6838,2.7849,53.9408,1.6464,3.4735,43.2477,1.5157,5.0678,29.6419,1.2886
ilok1237,ilo,ilo_Latn,997,,,,Ilocano,Latn,Alphabet,1 byte,Austronesian,Austronesian > Malayo-Polynesian > Northern Luzon,Austronesian > Northern Luzon,2.0503,74.3671,2.0771,2.4096,63.2788,1.9281,2.8764,53.011,1.7418,5.1225,29.7663,1.2945,2.5971,58.7121,1.6296,3.01,50.657,1.5441,3.9619,38.4865,1.3421,7.0485,21.6329,0.9403,1.1542,132.1083,3.6661,1.1912,127.999,3.9026,1.2688,120.1725,4.201,1.4903,102.3139,4.4519,2.3579,64.667,1.7951,2.6065,58.4995,1.7855,3.2355,47.1274,1.6516,5.1222,29.7683,1.294
indo1316,ind,ind_Latn,997,,1734815027.0,1724070898.0,Indonesian,Latn,Alphabet,1 byte,Austronesian,Austronesian > Malayo-Polynesian > Malayo-Chamic > Malayic > Nuclear Malayic > Standard Malay-Indonesian,Austronesian > Malayo-Chamic > Malayic > Standard Malay-Indonesian,2.4172,56.5928,1.5807,2.7804,49.2006,1.4991,3.1979,42.7773,1.4055,4.7766,28.6389,1.2454,2.9992,45.6108,1.2659,3.3437,40.9117,1.247,3.9557,34.5817,1.2059,5.4124,25.2748,1.0986,1.8505,73.9248,2.0515,2.045,66.8917,2.0395,2.3651,57.8405,2.022,3.0188,45.3149,1.9718,2.6388,51.8405,1.4391,2.9277,46.7242,1.4261,3.5151,38.9168,1.3639,4.7706,28.675,1.2465
icel1247,isl,isl_Latn,997,,77405745.0,76854819.0,Icelandic,Latn,Alphabet,1 byte,Indo-European,Indo-European > Classical Indo-European > Germanic > Northwest Germanic > North Germanic > West Scandinavian > Icelandic-Faroese,Indo-European > Germanic > North Germanic > West Scandinavian > Icelandic-Faroese,2.0263,67.9539,1.898,2.6847,51.2889,1.5628,3.4574,39.8265,1.3086,6.4589,21.319,0.9271,2.7625,49.8445,1.3835,3.4556,39.8475,1.2146,4.9315,27.9218,0.9737,7.8663,17.5045,0.7609,1.1033,124.7984,3.4632,1.1207,122.8666,3.7461,1.152,119.5326,4.1786,1.2546,109.7523,4.7756,2.6024,52.9107,1.4688,3.0363,45.3501,1.3842,4.0036,34.3932,1.2054,6.4355,21.3962,0.9301
ital1282,ita,ita_Latn,997,,4769480161.0,4737665600.0,Italian,Latn,Alphabet,1 byte,Indo-European,Indo-European > Classical Indo-European > Italic > Latino-Faliscan > Latinic > Imperial Latin > Romance > Italo-Western Romance > Italo-Dalmatian > Italian Romance > Central Italian Romance,Indo-European > Italic > Italo-Western Romance > Italo-Dalmatian > Italian Romance > Central Italian Romance,2.6269,56.5817,1.5803,3.0542,48.665,1.4828,3.5531,41.8325,1.3745,5.2772,28.1655,1.2249,3.1482,47.2116,1.3104,3.5205,42.2197,1.2869,4.126,36.0241,1.2562,5.3521,27.7713,1.2071,2.1966,67.666,1.8778,2.4607,60.4032,1.8417,2.892,51.3942,1.7966,3.8521,38.5848,1.6789,2.8589,51.99,1.4432,3.213,46.2598,1.4119,3.9245,37.8736,1.3273,5.2757,28.1735,1.2247
java1254,jav,jav_Latn,997,,4250233.0,4240636.0,Javanese,Latn,Alphabet,1 byte,Austronesian,Austronesian > Malayo-Polynesian > Javanesic > Modern Javanese > Global Javanese,Austronesian > Javanesic,2.0654,63.4022,1.7708,2.4074,54.3942,1.6574,2.7943,46.8626,1.5397,4.6187,28.3521,1.233,2.7319,47.9328,1.3304,3.1601,41.4383,1.2631,4.0803,32.0933,1.1191,6.4001,20.4604,0.8894,1.193,109.7663,3.0461,1.2385,105.7352,3.2238,1.3365,97.9789,3.4251,1.6372,79.9819,3.4802,2.3584,55.5236,1.5413,2.5819,50.7182,1.548,3.0726,42.6179,1.4936,4.6146,28.3771,1.2336
nucl1643,jpn,jpn_Jpan,997,,9870174960.0,9822995554.0,Japanese,Jpan,Logosyllabary,3 bytes,Japonic,Japonic > Japanesic > Japan-Taiwan Japanese,Japonic,2.2373,71.7523,2.0041,2.5406,63.1866,1.9253,2.9004,55.347,1.8185,4.5521,35.2648,1.5336,3.0929,51.9027,1.4406,3.4324,46.7683,1.4255,4.1897,38.3149,1.3361,6.185,25.9549,1.1282,2.327,68.986,1.9144,2.5912,61.9509,1.8888,2.9149,55.0722,1.9252,3.8102,42.1314,1.8332,2.3638,67.9117,1.8852,2.6246,61.1635,1.8668,3.2027,50.1234,1.7566,4.4906,35.7482,1.554
kaby1243,kab,kab_Latn,997,,,,Kabyle,Latn,Alphabet,1 byte,Afro-Asiatic,Afro-Asiatic > Berber > Kabyle-Atlas Berber,Afro-Asiatic > Berber > Kabyle-Atlas Berber,2.0371,65.3641,1.8256,2.6126,50.9659,1.5529,3.2814,40.5777,1.3332,6.0521,22.001,0.9568,2.6824,49.6399,1.3778,3.2748,40.66,1.2394,4.5479,29.2778,1.021,7.6634,17.3751,0.7552,1.0669,124.8084,3.4635,1.0783,123.4804,3.7648,1.099,121.1615,4.2356,1.1473,116.0552,5.0499,2.5434,52.3521,1.4533,2.907,45.8034,1.398,3.7578,35.4333,1.2418,6.029,22.0853,0.9601
kach1280,kac,kac_Latn,997,,,,Jingpho,Latn,Alphabet,1 byte,Sino-Tibetan,Sino-Tibetan > Brahmaputran > Jingpho-Luish > Jingpho,Sino-Tibetan > Brahmaputran > Jingpho-Luish,2.0078,79.0271,2.2073,2.3181,68.4483,2.0856,2.7219,58.2929,1.9153,4.8139,32.9599,1.4334,2.6062,60.8816,1.6898,2.9501,53.7844,1.6394,3.6748,43.1765,1.5056,6.0542,26.2076,1.1392,1.1478,138.2387,3.8362,1.1813,134.317,4.0952,1.2481,127.1264,4.4441,1.4778,107.3681,4.6719,2.2731,69.8034,1.9377,2.4901,63.7192,1.9448,3.0329,52.3149,1.8334,4.8028,33.0361,1.4361
kamb1297,kam,kam_Latn,997,,,,Kamba,Latn,Alphabet,1 byte,Atlantic-Congo,Atlantic-Congo > Volta-Congo > Benue-Congo > Bantoid > Southern Bantoid > Narrow Bantu > East Bantu > Northeast Savanna Bantu > Central Kenya Bantu > Kamba-Dhaisu,Atlantic-Congo > Volta-Congo > Benue-Congo > Bantoid > East Bantu > Northeast Savanna Bantu > Central Kenya Bantu > Kamba-Dhaisu,1.9814,64.5527,1.803,2.4381,52.4624,1.5985,3.0192,42.3651,1.392,5.7339,22.3069,0.9701,2.6766,47.7874,1.3264,3.159,40.4895,1.2342,4.2406,30.1625,1.0518,7.0752,18.0782,0.7858,1.1077,115.4734,3.2045,1.1311,113.0792,3.4477,1.1756,108.8014,3.8035,1.3187,96.993,4.2204,2.377,53.8094,1.4937,2.6848,47.6419,1.4541,3.4398,37.1846,1.3032,5.7129,22.3892,0.9733
nucl1305,kan,kan_Knda,997,,23282397.0,23203388.0,Kannada,Knda,Abugida,3 bytes,Dravidian,Dravidian > South Dravidian > South Dravidian I > Tamil-Kannada > Badaga-Kannada > Kannadoid > Nuclear Kannaoid,Dravidian > South Dravidian I > Badaga-Kannada,2.1481,166.9077,4.6618,2.3667,151.4905,4.6159,2.6514,135.2227,4.443,3.6619,97.9087,4.2578,3.5304,101.5577,2.8188,3.7152,96.5035,2.9415,4.0298,88.9719,3.1026,4.795,74.7733,3.2502,3.0059,119.2758,3.31,3.2141,111.5496,3.4011,3.4409,104.1966,3.6425,3.8741,92.5456,4.0269,2.2867,156.7934,4.3525,2.4686,145.2367,4.4329,2.8475,125.9107,4.4127,3.6278,98.8285,4.2961
kash1277,kas,kas_Arab,997,,6537.0,6503.0,Kashmiri (Arabic script),Arab,Abjad,2 bytes,Indo-European,Indo-European > Classical Indo-European > Indo-Iranian > Indo-Aryan > Middle-Modern Indo-Aryan > Eastern Dardic > Kashmiric,Indo-European > Indo-Iranian > Indo-Aryan > Middle-Modern Indo-Aryan > Eastern Dardic > Kashmiric,1.9496,111.5607,3.1159,2.6004,83.6399,2.5485,3.5242,61.7141,2.0277,8.8841,24.4814,1.0646,3.3782,64.3821,1.7869,3.8967,55.8154,1.7013,4.662,46.653,1.6268,6.4939,33.4925,1.4558,1.189,182.9178,5.0761,1.2845,169.322,5.1625,1.5127,143.7793,5.0262,2.8276,76.9188,3.3469,2.5212,86.2668,2.3947,2.9915,72.7051,2.2191,4.2848,50.7603,1.779,8.8859,24.4764,1.064
kash1277,kas,kas_Deva,997,,6537.0,6503.0,Kashmiri (Devanagari script),Deva,Abugida,3 bytes,Indo-European,Indo-European > Classical Indo-European > Indo-Iranian > Indo-Aryan > Middle-Modern Indo-Aryan > Eastern Dardic > Kashmiric,Indo-European > Indo-Iranian > Indo-Aryan > Middle-Modern Indo-Aryan > Eastern Dardic > Kashmiric,2.3343,129.8034,3.6254,2.5233,120.0802,3.6588,2.7006,112.1946,3.6863,3.5927,84.337,3.6676,3.385,89.5105,2.4844,3.5578,85.1635,2.5959,3.9578,76.5557,2.6696,4.851,62.4604,2.715,3.1157,97.2477,2.6987,3.2265,93.9077,2.8632,3.3694,89.9258,3.1436,3.8765,78.1625,3.401,2.4611,123.1123,3.4175,2.5749,117.673,3.5916,2.8955,104.6419,3.6673,3.5529,85.2798,3.7072
nucl1302,kat,kat_Geor,997,,79782785.0,79423527.0,Georgian,Geor,Alphabet,2 bytes,Kartvelian,Kartvelian > Georgian-Zan > Georgic,Kartvelian,2.995,124.8014,3.4857,3.0368,123.0832,3.7503,3.0664,121.8967,4.0051,3.1399,119.0411,5.1768,3.1559,118.4393,3.2873,3.2232,115.9639,3.5347,3.3527,111.4845,3.8876,3.8482,97.1314,4.222,2.9949,124.8054,3.4634,3.0802,121.348,3.6998,3.1633,118.1605,4.1306,3.3147,112.7643,4.9067,3.0229,123.6489,3.4324,3.0478,122.6399,3.7432,3.0831,121.2357,4.2489,3.1398,119.0461,5.175
kaza1248,kaz,kaz_Cyrl,997,,49599181.0,49321690.0,Kazakh,Cyrl,Alphabet,2 bytes,Turkic,Turkic > Common Turkic > Kipchak-Turkestan > Kipchak > Southeast Kipchak > South Kipchak,Turkic > Common Turkic > Kipchak-Turkestan > Kipchak > Southeast Kipchak > South Kipchak,1.9697,120.664,3.3702,2.3641,100.5316,3.0632,2.9015,81.9117,2.6913,5.8435,40.672,1.7687,2.9947,79.3641,2.2028,3.392,70.0682,2.1357,4.1207,57.676,2.0112,6.2607,37.9619,1.6501,1.3864,171.4313,4.7573,1.5282,155.5256,4.7419,1.8067,131.5517,4.5988,2.7117,87.6439,3.8136,2.311,102.8435,2.8549,2.5992,91.4383,2.7909,3.337,71.2227,2.4961,5.8442,40.667,1.7678
kabi1261,kbp,kbp_Latn,997,,,,Kabiyè,Latn,Alphabet,1 byte,Atlantic-Congo,Atlantic-Congo > Volta-Congo > North Volta-Congo > Gur > Central Gur > Southern Central Gur > Grusi > East-West Grusi > Eastern Grusi > Kabiyeic,Atlantic-Congo > Volta-Congo > North Volta-Congo > Gur > Southern Central Gur,1.9418,89.5908,2.5023,2.5078,69.3691,2.1137,3.2206,54.0171,1.7748,6.3865,27.2397,1.1846,2.4554,70.8506,1.9665,2.8644,60.7342,1.8512,3.839,45.3159,1.5802,8.138,21.3771,0.9292,1.0729,162.1505,4.4998,1.0881,159.8786,4.8746,1.1159,155.8987,5.4499,1.187,146.5567,6.377,2.4377,71.3641,1.981,2.8235,61.6138,1.8806,3.758,46.2919,1.6224,6.3619,27.345,1.1887
kabu1256,kea,kea_Latn,997,,,,Kabuverdianu,Latn,Alphabet,1 byte,Indo-European,Indo-European > Classical Indo-European > Italic > Latino-Faliscan > Latinic > Imperial Latin > Romance > Italo-Western Romance > Western Romance > Shifted Western Romance > Southwestern Shifted Romance > West Ibero-Romance > Galician Romance > Macro-Portuguese > Upper Guinea Portuguese,Indo-European > Italic > Italo-Western Romance > Western Romance > Shifted Western Romance > Southwestern Shifted Romance > West Ibero-Romance > Galician Romance > Macro-Portuguese > Upper Guinea Portuguese,2.0554,62.2608,1.739,2.4496,52.2417,1.5918,2.9361,43.5868,1.4321,5.1075,25.0562,1.0896,2.8275,45.2608,1.2562,3.2876,38.9268,1.1865,4.1767,30.6399,1.0684,5.9955,21.345,0.9278,1.2012,106.5376,2.9565,1.2455,102.7482,3.1327,1.3313,96.1274,3.3604,1.5787,81.0652,3.5273,2.3934,53.4694,1.4843,2.6599,48.1123,1.4685,3.2978,38.8054,1.36,5.1036,25.0752,1.09
halh1238,khk,khk_Cyrl,997,,,,Halh Mongolian (Cyrillic script),Cyrl,Alphabet,2 bytes,Mongolic-Khitan,Mongolic-Khitan > Mongolic > Eastern Mongolic > Khalkha-Buriat > Mongolian,Mongolic-Khitan,2.0033,121.0562,3.3811,2.2896,105.9208,3.2274,2.6468,91.6259,3.0105,4.6381,52.2869,2.2738,2.8809,84.1805,2.3365,3.1775,76.322,2.3264,3.7577,64.5376,2.2505,5.7161,42.4263,1.8441,1.4901,162.7533,4.5165,1.6639,145.7503,4.4438,1.9816,122.3791,4.2781,2.7643,87.7312,3.8174,2.2527,107.653,2.9884,2.4474,99.0913,3.0245,2.9408,82.4654,2.8901,4.639,52.2768,2.2725
cent1989,khm,khm_Khmr,997,,18592345.0,18501397.0,Khmer (Central),Khmr,Abugida,3 bytes,Austroasiatic,Austroasiatic > Khmeric,Austroasiatic > Khmeric,1.9403,220.8355,6.168,2.1291,201.2588,6.1323,2.564,167.1224,5.4911,3.2637,131.2909,5.7095,3.3069,129.5747,3.5964,3.3801,126.7703,3.8641,3.5225,121.6469,4.242,3.8878,110.2146,4.7907,3.0106,142.331,3.9498,3.089,138.7182,4.2294,3.1606,135.5747,4.7394,3.2701,131.0351,5.7017,1.9803,216.3751,6.0064,2.2744,188.4032,5.7504,2.8739,149.0973,5.2253,3.2639,131.2849,5.707
kiku1240,kik,kik_Latn,997,,,,Kikuyu,Latn,Alphabet,1 byte,Atlantic-Congo,Atlantic-Congo > Volta-Congo > Benue-Congo > Bantoid > Southern Bantoid > Narrow Bantu > East Bantu > Northeast Savanna Bantu > Central Kenya Bantu > Gikuyu-Temi,Atlantic-Congo > Volta-Congo > Benue-Congo > Bantoid > East Bantu > Northeast Savanna Bantu > Central Kenya Bantu > Gikuyu-Temi,1.9943,82.2658,2.2977,2.6371,62.2136,1.8956,3.4378,47.7222,1.568,6.8744,23.8656,1.0379,2.7376,59.9278,1.6633,3.3564,48.8796,1.4899,4.7878,34.2668,1.1949,7.7709,21.1123,0.9177,1.1006,149.0702,4.1368,1.1192,146.5898,4.4694,1.1513,142.5065,4.9817,1.2377,132.5527,5.7677,2.5557,64.1946,1.782,2.9903,54.8636,1.6745,4.0197,40.8144,1.4304,6.843,23.9749,1.0422
kiny1244,kin,kin_Latn,997,,3922986.0,3902109.0,Kinyarwanda,Latn,Alphabet,1 byte,Atlantic-Congo,Atlantic-Congo > Volta-Congo > Benue-Congo > Bantoid > Southern Bantoid > Narrow Bantu > East Bantu > Northeast Savanna Bantu > Great Lakes Bantu > Western Lakes Bantu > Kivu > West Highlands Kivu,Atlantic-Congo > Volta-Congo > Benue-Congo > Bantoid > East Bantu > Northeast Savanna Bantu > Great Lakes Bantu > Western Lakes Bantu,1.9689,72.9539,2.0376,2.3418,61.336,1.8689,2.8453,50.4814,1.6586,5.678,25.2969,1.1001,2.6813,53.5697,1.4868,3.1609,45.4413,1.3851,4.2849,33.5216,1.1689,7.3382,19.5737,0.8508,1.1087,129.5527,3.5952,1.1313,126.9609,3.8709,1.174,122.343,4.2769,1.3317,107.8606,4.6933,2.2848,62.8666,1.7451,2.5539,56.2407,1.7166,3.2686,43.9448,1.5401,5.6677,25.343,1.1017
kirg1245,kir,kir_Cyrl,997,,13210321.0,13166423.0,Kyrgyz,Cyrl,Alphabet,2 bytes,Turkic,Turkic > Common Turkic > Kipchak-Turkestan > Kipchak > Southeast Kipchak > East Kipchak,Turkic > Common Turkic > Kipchak-Turkestan > Kipchak > Southeast Kipchak > East Kipchak,1.9791,119.4413,3.336,2.3139,102.1585,3.1127,2.7541,85.8315,2.8201,5.228,45.2156,1.9663,2.9856,79.1755,2.1975,3.362,70.3129,2.1432,4.0801,57.9368,2.0203,6.1974,38.1434,1.658,1.5222,155.2989,4.3097,1.6876,140.0762,4.2708,2.0112,117.5336,4.1087,2.9866,79.1505,3.444,2.2667,104.2899,2.895,2.5063,94.319,2.8788,3.119,75.7904,2.6562,5.2289,45.2086,1.9652
khak1248,kjh,kjh_Cyrl,997,,,,Khakas,Cyrl,Alphabet,2 bytes,Turkic,Turkic > Common Turkic > South Siberian Turkic > Sayan-Yenisei Turkic > Yenisey Turkic,Turkic > Common Turkic > South Siberian Turkic > Yenisey Turkic,1.9804,127.5065,3.5613,2.3629,106.8626,3.2561,2.8938,87.2588,2.867,5.6725,44.5145,1.9358,2.9685,85.0632,2.361,3.3504,75.3661,2.2972,4.0634,62.1424,2.167,5.9795,42.2287,1.8356,1.5261,165.4574,4.5916,1.7028,148.2939,4.5214,2.0309,124.333,4.3464,3.0374,83.1324,3.6173,2.3109,109.2698,3.0332,2.5916,97.4333,2.9739,3.3179,76.1043,2.6672,5.6738,44.5045,1.9346
kimb1241,kmb,kmb_Latn,997,,,,Kimbundu,Latn,Alphabet,1 byte,Atlantic-Congo,Atlantic-Congo > Volta-Congo > Benue-Congo > Bantoid > Southern Bantoid > Narrow Bantu > Central-Western Bantu > Njila > Northern Njila > Mbundu (H.20),Atlantic-Congo > Volta-Congo > Benue-Congo > Bantoid > Central-Western Bantu > Njila > Northern Njila,1.9429,72.1003,2.0138,2.2836,61.343,1.8691,2.7434,51.0622,1.6777,5.299,26.4363,1.1497,2.6613,52.6379,1.461,3.0706,45.6209,1.3906,3.9754,35.2377,1.2288,6.7282,20.8205,0.905,1.1169,125.4213,3.4805,1.1446,122.3932,3.7317,1.1996,116.7773,4.0823,1.4077,99.5135,4.3301,2.2375,62.6078,1.7379,2.4772,56.5496,1.726,3.1045,45.1234,1.5814,5.2905,26.4784,1.151
nort2641,kmr,kmr_Latn,997,,12098280.0,12051123.0,Northern Kurdish,Latn,Alphabet,1 byte,Indo-European,Indo-European > Classical Indo-European > Indo-Iranian > Iranian-Nuristani > Iranian > Central Iranian PBS > Central Iranian PB > Northwestern Iranian > Laki-Kurdish > Kurdish,Indo-European > Indo-Iranian > Iranian-Nuristani > Central Iranian PBS,1.9665,70.8495,1.9788,2.4801,56.1765,1.7117,3.0655,45.4493,1.4933,5.9717,23.331,1.0146,2.8455,48.9629,1.359,3.4369,40.5376,1.2356,4.6713,29.8255,1.04,6.6501,20.9509,0.9107,1.0754,129.5537,3.5952,1.0899,127.8335,3.8976,1.1156,124.8837,4.3657,1.1989,116.2076,5.0565,2.4185,57.6068,1.5991,2.7357,50.9278,1.5544,3.5024,39.7793,1.3941,5.9583,23.3831,1.0165
cent2050,knc,knc_Arab,997,,,,Central Kanuri (Arabic script),Arab,Abjad,2 bytes,Saharan,Saharan > Western Saharan > Kanuri-Kanembu > Kanuric > East Kanuri,Saharan,1.9402,103.9719,2.904,2.1418,94.1866,2.8698,2.3324,86.4895,2.8417,3.1689,63.659,2.7684,2.8578,70.5898,1.9592,3.0797,65.5035,1.9966,3.514,57.4082,2.0019,4.7918,42.0993,1.8299,1.8587,108.5316,3.0118,2.1441,94.0873,2.8687,2.5084,80.4223,2.8114,3.1301,64.4483,2.8043,2.1159,95.341,2.6466,2.2305,90.4413,2.7604,2.4682,81.7312,2.8644,3.1695,63.6469,2.7668
cent2050,knc,knc_Latn,997,,,,Central Kanuri (Latin script),Latn,Alphabet,1 byte,Saharan,Saharan > Western Saharan > Kanuri-Kanembu > Kanuric > East Kanuri,Saharan,2.0161,69.2939,1.9354,2.4924,56.0532,1.7079,3.0564,45.7091,1.5018,5.5288,25.2688,1.0989,2.5369,55.0692,1.5285,3.0278,46.1414,1.4064,4.145,33.7041,1.1753,7.7282,18.0772,0.7858,1.1336,123.2427,3.4201,1.1519,121.2778,3.6977,1.184,117.998,4.125,1.2681,110.1665,4.7936,2.428,57.5396,1.5973,2.7409,50.9709,1.5557,3.4782,40.1655,1.4077,5.5108,25.3511,1.102
kore1280,kor,kor_Hang,997,,1405630472.0,1399528315.0,Korean,Hang,Syllabary,3 bytes,Koreanic,Koreanic,Koreanic,2.0643,73.329,2.0481,2.3902,63.33,1.9296,2.7669,54.7081,1.7975,4.4034,34.3761,1.4949,3.2393,46.7292,1.297,3.7465,40.4032,1.2315,4.5607,33.1906,1.1574,6.071,24.9338,1.0838,1.8445,82.0662,2.2774,2.0792,72.8024,2.2197,2.5729,58.8325,2.0567,3.8292,39.5306,1.7201,2.3045,65.6841,1.8233,2.5378,59.6469,1.8205,3.0574,49.5095,1.7351,4.4048,34.3651,1.4939
kitu1246,ktu,ktu_Latn,997,,,,Kituba (DRC),Latn,Alphabet,1 byte,Atlantic-Congo,Atlantic-Congo > Volta-Congo > Benue-Congo > Bantoid > Southern Bantoid > Narrow Bantu > Central-Western Bantu > West-Coastal Bantu > Nzadic > Lweric > Dingic > Loange-Atlantic > KLC Extended > Kikongo Language Cluster > Nuclear KLC > Kikongoic > Kambakunyic Kikongo > Kilaadic Kikongo > Central-Southern Kikongo > Southeastern Kikongo > Southern Kikongo > Koongo-Kituba,Atlantic-Congo > Volta-Congo > Benue-Congo > Bantoid > Central-Western Bantu > West-Coastal Bantu,1.9015,75.4213,2.1065,2.2244,64.4754,1.9645,2.6718,53.678,1.7637,5.0529,28.3831,1.2343,2.6142,54.8606,1.5227,2.9857,48.0341,1.4641,3.7778,37.9629,1.3238,6.5321,21.9559,0.9544,1.1666,122.9318,3.4114,1.2036,119.1615,3.6331,1.2759,112.4052,3.9295,1.5305,93.7051,4.0773,2.1784,65.8355,1.8275,2.4166,59.347,1.8114,3.0259,47.3962,1.6611,5.0442,28.4323,1.236
laoo1244,lao,lao_Laoo,997,,6916724.0,6876348.0,Lao,Laoo,Abugida,3 bytes,Tai-Kadai,Tai-Kadai > Kam-Tai > Daic-Beic > Daic > Central-Southwestern Tai > Wenma-Southwestern Tai > Sapa-Southwestern Tai > Southwestern Tai > Southwestern Thai PH > Lao-Thai,Tai-Kadai > Southwestern Thai PH,1.8517,186.8084,5.2176,2.0431,169.3129,5.1589,2.354,146.9458,4.8281,2.9628,116.7543,5.0774,3.0692,112.7061,3.1282,3.1425,110.0782,3.3553,3.2491,106.4644,3.7125,3.5634,97.0752,4.2196,2.6579,130.1464,3.6117,2.7809,124.3912,3.7926,2.8875,119.7994,4.1879,3.0049,115.1153,5.009,1.9594,176.5376,4.9005,2.1613,160.0491,4.885,2.5331,136.5577,4.7859,2.9393,117.6861,5.1159
geno1240,lij,lij_Latn,997,,,,Ligurian (Genoese),Latn,Alphabet,1 byte,Indo-European,Indo-European > Classical Indo-European > Italic > Latino-Faliscan > Latinic > Imperial Latin > Romance > Italo-Western Romance > Western Romance > Shifted Western Romance > Northwestern Shifted Romance > Gallo-Italian > Ligurian,Indo-European > Italic > Italo-Western Romance > Western Romance > Shifted Western Romance > Northwestern Shifted Romance > Gallo-Italian > Ligurian,2.147,68.2317,1.9057,2.5669,57.0702,1.7389,3.063,47.8255,1.5714,4.9815,29.4072,1.2789,2.8723,51.002,1.4156,3.2798,44.665,1.3614,4.0353,36.3029,1.2659,5.6323,26.009,1.1305,1.3242,110.6249,3.0699,1.4029,104.4173,3.1836,1.555,94.2046,3.2932,1.9894,73.6369,3.2041,2.484,58.9739,1.6371,2.7627,53.0251,1.6184,3.3862,43.2608,1.5161,4.9467,29.6138,1.2873
limb1263,lim,lim_Latn,997,,,,Limburgish,Latn,Alphabet,1 byte,Indo-European,Indo-European > Classical Indo-European > Germanic > Northwest Germanic > West Germanic > High German > Middle German > West Middle German > Middle Franconian > Ripuarian,Indo-European > Germanic > West Germanic > High German > Middle German > West Middle German > Ripuarian,2.1068,63.7202,1.7797,2.4894,53.9278,1.6432,2.9151,46.0532,1.5132,4.3649,30.7563,1.3375,2.9264,45.8746,1.2733,3.3853,39.656,1.2088,4.2188,31.8215,1.1097,5.7014,23.5466,1.0235,1.267,105.9569,2.9404,1.3257,101.2658,3.0875,1.4403,93.2066,3.2583,1.7809,75.3842,3.2802,2.4168,55.5476,1.542,2.6595,50.4784,1.5407,3.1835,42.1705,1.4779,4.3619,30.7773,1.3379
ling1263,lin,lin_Latn,997,,501902.0,498891.0,Lingala,Latn,Alphabet,1 byte,Atlantic-Congo,Atlantic-Congo > Volta-Congo > Benue-Congo > Bantoid > Southern Bantoid > Narrow Bantu > Central-Western Bantu > North Zaire River > Rivers Bantu > Ngiri > Ngiri Riverain Ubangi > Ngiri Riverain Ubangi-Ripuaire > Bobangic > Bobangic Riverain > Bobangi-Bangala-Lingala > Lingala-Bangala,Atlantic-Congo > Volta-Congo > Benue-Congo > Bantoid > Central-Western Bantu > North Zaire River,1.9377,70.1685,1.9598,2.2722,59.8395,1.8233,2.7326,49.7573,1.6349,5.078,26.7753,1.1644,2.6475,51.3561,1.4254,3.085,44.0722,1.3434,4.0302,33.7362,1.1764,6.6603,20.4142,0.8873,1.1603,117.1846,3.252,1.1931,113.9559,3.4744,1.2575,108.1224,3.7797,1.4722,92.3561,4.0186,2.2241,61.1314,1.697,2.4704,55.0381,1.6799,3.0855,44.0662,1.5444,5.0715,26.8094,1.1654
lith1251,lit,lit_Latn,997,,340817538.0,338435623.0,Lithuanian,Latn,Alphabet,1 byte,Indo-European,Indo-European > Classical Indo-European > Balto-Slavic > Eastern Baltic,Indo-European > Balto-Slavic > Eastern Baltic,2.0574,65.6098,1.8325,2.6037,51.8435,1.5797,3.2955,40.9599,1.3458,6.2603,21.5617,0.9377,2.7361,49.334,1.3693,3.3202,40.655,1.2392,4.6776,28.8576,1.0063,7.7384,17.4433,0.7582,1.1113,121.4664,3.3708,1.1326,119.1755,3.6336,1.1707,115.2999,4.0306,1.2785,105.5817,4.5941,2.5278,53.3992,1.4823,2.908,46.4173,1.4167,3.8112,35.4173,1.2412,6.2525,21.5888,0.9385
ladi1250,lld,lld_Latn,997,,,,Ladin (Val Badia),Latn,Alphabet,1 byte,Indo-European,Indo-European > Classical Indo-European > Italic > Latino-Faliscan > Latinic > Imperial Latin > Romance > Italo-Western Romance > Italo-Dalmatian > Italian Romance,Indo-European > Italic > Italo-Western Romance > Italo-Dalmatian > Italian Romance,2.0869,66.1484,1.8475,2.5493,54.1515,1.65,3.0871,44.7172,1.4693,5.4078,25.5276,1.1101,2.8552,48.349,1.3419,3.3028,41.7974,1.274,4.1673,33.1264,1.1552,5.8843,23.4604,1.0198,1.1854,116.4514,3.2316,1.2279,112.4293,3.4279,1.3077,105.5657,3.6904,1.5447,89.3661,3.8885,2.4752,55.7723,1.5482,2.7635,49.9539,1.5247,3.4802,39.666,1.3902,5.3993,25.5677,1.1114
gard1241,lld,lld_Latn_gard1241,997,,,,Ladin (Gherdëina),Latn,Alphabet,1 byte,Indo-European,Indo-European > Classical Indo-European > Italic > Latino-Faliscan > Latinic > Imperial Latin > Romance > Italo-Western Romance > Italo-Dalmatian > Italian Romance > Ladin,Indo-European > Italic > Italo-Western Romance > Italo-Dalmatian > Italian Romance > Ladin,2.0785,66.7111,1.8633,2.5335,54.7312,1.6676,3.0668,45.2136,1.4856,5.2949,26.1876,1.1388,2.8827,48.1013,1.3351,3.34,41.5155,1.2654,4.163,33.3079,1.1615,5.7679,24.0401,1.0449,1.1747,118.0411,3.2757,1.2145,114.1685,3.4809,1.2899,107.5005,3.758,1.5269,90.8104,3.9514,2.4534,56.5186,1.5689,2.7414,50.5807,1.5438,3.4486,40.2076,1.4091,5.2439,26.4423,1.1495
lomb1257,lmo,lmo_Latn,997,[1],,,Lombard,Latn,Alphabet,1 byte,Indo-European,Indo-European > Classical Indo-European > Italic > Latino-Faliscan > Latinic > Imperial Latin > Romance > Italo-Western Romance > Western Romance > Shifted Western Romance > Northwestern Shifted Romance > Gallo-Italian > Piemontese-Lombard,Indo-European > Italic > Italo-Western Romance > Western Romance > Shifted Western Romance > Northwestern Shifted Romance > Gallo-Italian > Piemontese-Lombard,2.1055,69.3049,1.9357,2.5162,57.994,1.7671,2.9897,48.8074,1.6036,4.8172,30.2919,1.3173,2.8121,51.8907,1.4402,3.2275,45.2126,1.3781,4.0455,36.0702,1.2578,5.7431,25.4082,1.1044,1.2667,115.1966,3.1968,1.3247,110.1515,3.3584,1.4312,101.9589,3.5643,1.7485,83.4554,3.6314,2.4423,59.7472,1.6585,2.7106,53.8345,1.6431,3.3141,44.0301,1.5431,4.815,30.3059,1.3174
east2282,ltg,ltg_Latn,997,,,,Latgalian,Latn,Alphabet,1 byte,Indo-European,Indo-European > Classical Indo-European > Balto-Slavic > Eastern Baltic > Latvian,Indo-European > Balto-Slavic > Eastern Baltic > Latvian,2.0535,64.3581,1.7975,2.6608,49.669,1.5134,3.3403,39.5647,1.3,6.3104,20.9428,0.9108,2.7433,48.1745,1.3371,3.3741,39.1685,1.1939,4.8579,27.2046,0.9487,7.8612,16.8114,0.7307,1.0954,120.652,3.3482,1.1134,118.6941,3.6189,1.1431,115.6148,4.0417,1.2279,107.6329,4.6834,2.5841,51.1434,1.4197,2.9613,44.6279,1.3621,3.8373,34.4403,1.207,6.295,20.994,0.9126
luxe1241,ltz,ltz_Latn,997,,7189640.0,7155303.0,Luxembourgish,Latn,Alphabet,1 byte,Indo-European,Indo-European > Classical Indo-European > Germanic > Northwest Germanic > West Germanic > High German > Middle German > West Middle German > Middle Franconian,Indo-European > Germanic > West Germanic > High German > Middle German > West Middle German,2.1815,66.5858,1.8598,2.6466,54.8847,1.6723,3.1521,46.0832,1.5141,4.6156,31.4714,1.3686,3.0396,47.7884,1.3264,3.6012,40.337,1.2295,4.6717,31.0933,1.0843,6.5139,22.2999,0.9693,1.2396,117.1846,3.252,1.2903,112.5807,3.4325,1.3865,104.7693,3.6625,1.686,86.1575,3.7489,2.5767,56.3741,1.5649,2.8733,50.5557,1.5431,3.4674,41.8927,1.4682,4.6091,31.5155,1.37
luba1249,lua,lua_Latn,997,,,,Luba-Kasai,Latn,Alphabet,1 byte,Atlantic-Congo,Atlantic-Congo > Volta-Congo > Benue-Congo > Bantoid > Southern Bantoid > Narrow Bantu > Central-Western Bantu > Luban > Luba-Kaonde > Lubaic > Bangubangu-Kasai,Atlantic-Congo > Volta-Congo > Benue-Congo > Bantoid > Central-Western Bantu > Luban,1.919,70.5105,1.9694,2.2441,60.2949,1.8372,2.6916,50.2698,1.6517,5.3354,25.3601,1.1029,2.6642,50.7864,1.4096,3.0734,44.0251,1.3419,3.9509,34.2467,1.1942,6.7222,20.1284,0.8749,1.1185,120.9749,3.3571,1.1464,118.0321,3.5987,1.2102,111.8044,3.9085,1.4505,93.2818,4.0589,2.2011,61.4724,1.7064,2.4375,55.5105,1.6943,3.0721,44.0441,1.5436,5.3331,25.3711,1.1029
gand1255,lug,lug_Latn,997,,370540.0,368633.0,Ganda,Latn,Alphabet,1 byte,Atlantic-Congo,Atlantic-Congo > Volta-Congo > Benue-Congo > Bantoid > Southern Bantoid > Narrow Bantu > East Bantu > Northeast Savanna Bantu > Great Lakes Bantu > West Nyanza > North Nyanza,Atlantic-Congo > Volta-Congo > Benue-Congo > Bantoid > East Bantu > Northeast Savanna Bantu > Great Lakes Bantu > West Nyanza,1.9826,65.4925,1.8292,2.3558,55.1163,1.6794,2.8478,45.5938,1.4981,5.8247,22.2919,0.9694,2.6473,49.0471,1.3613,3.1086,41.7683,1.2731,4.2312,30.6871,1.0701,7.6572,16.9569,0.7371,1.0968,118.3831,3.2852,1.1183,116.1023,3.5399,1.1604,111.8937,3.9116,1.3211,98.2808,4.2764,2.3034,56.3691,1.5648,2.5652,50.6179,1.545,3.2679,39.7332,1.3925,5.8173,22.32,0.9703
luok1236,luo,luo_Latn,997,,,,Luo,Latn,Alphabet,1 byte,Nilotic,Nilotic > Western Nilotic > Lwoo > Southern Lwoo > Adhola-Alur-Luo > Adhola-Luo,Nilotic > Lwoo,2.0102,65.8305,1.8387,2.3694,55.8506,1.7018,2.7934,47.3731,1.5565,4.9805,26.5697,1.1555,2.6906,49.1825,1.3651,3.1358,42.1996,1.2863,4.0514,32.663,1.139,6.3341,20.8917,0.9081,1.1098,119.2417,3.309,1.1323,116.8696,3.5633,1.177,112.4273,3.9302,1.3542,97.7182,4.252,2.3191,57.0612,1.584,2.5526,51.8425,1.5823,3.0925,42.7914,1.4997,4.9676,26.6389,1.158
lush1249,lus,lus_Latn,997,,,,Mizo,Latn,Alphabet,1 byte,Sino-Tibetan,Sino-Tibetan > Kuki-Chin-Naga > Kuki-Chin > Central Kuki-Chin > Core Central Kuki-Chin > Mizoic,Sino-Tibetan > Kuki-Chin-Naga > Kuki-Chin,2.0554,66.8225,1.8664,2.4321,56.4724,1.7207,2.8822,47.653,1.5657,5.3116,25.8576,1.1245,2.6666,51.5045,1.4295,3.0552,44.9539,1.3702,3.867,35.5165,1.2385,5.9053,23.2578,1.0109,1.1518,119.2447,3.3091,1.1799,116.4052,3.5491,1.2322,111.4634,3.8965,1.4205,96.6841,4.207,2.3716,57.9117,1.6076,2.6169,52.4845,1.6019,3.2269,42.5627,1.4917,5.3027,25.9007,1.1259
stan1325,lvs,lvs_Latn,997,,187747266.0,186329970.0,Standard Latvian,Latn,Alphabet,1 byte,Indo-European,Indo-European > Classical Indo-European > Balto-Slavic > Eastern Baltic > Latvian > Low Latvian,Indo-European > Balto-Slavic > Eastern Baltic > Latvian > Low Latvian,2.1218,66.3581,1.8534,2.6505,53.1224,1.6186,3.226,43.6459,1.4341,5.7344,24.5537,1.0678,2.6894,52.3531,1.4531,3.3097,42.5416,1.2967,4.7499,29.6429,1.0337,7.8161,18.014,0.783,1.1081,127.0702,3.5263,1.1303,124.5657,3.7979,1.1668,120.671,4.2184,1.2578,111.9408,4.8708,2.5788,54.5988,1.5156,2.8956,48.6249,1.4841,3.6541,38.5326,1.3504,5.7225,24.6048,1.0696
maga1260,mag,mag_Deva,997,,,,Magahi,Deva,Abugida,3 bytes,Indo-European,Indo-European > Classical Indo-European > Indo-Iranian > Indo-Aryan > Middle-Modern Indo-Aryan > Continental Indo-Aryan > Midlands Indo-Aryan > Shaurasenic > Bihari > Magadhan,Indo-European > Indo-Iranian > Indo-Aryan > Middle-Modern Indo-Aryan > Continental Indo-Aryan > Midlands Indo-Aryan > Shaurasenic > Bihari,2.3536,132.2467,3.6937,2.5375,122.662,3.7375,2.7262,114.1715,3.7513,3.7607,82.7653,3.5993,3.4868,89.2658,2.4776,3.6849,84.4674,2.5746,4.1352,75.2688,2.6247,5.0434,61.7151,2.6826,3.2264,96.4714,2.6772,3.3587,92.672,2.8255,3.5533,87.5948,3.0621,4.2257,73.658,3.205,2.4556,126.7503,3.5185,2.586,120.3601,3.6736,2.9227,106.4965,3.7323,3.7187,83.7001,3.6385
mait1250,mai,mai_Deva,997,,,,Maithili,Deva,Abugida,3 bytes,Indo-European,Indo-European > Classical Indo-European > Indo-Iranian > Indo-Aryan > Middle-Modern Indo-Aryan > Continental Indo-Aryan > Midlands Indo-Aryan > Shaurasenic > Bihari > Magadhan,Indo-European > Indo-Iranian > Indo-Aryan > Middle-Modern Indo-Aryan > Continental Indo-Aryan > Midlands Indo-Aryan > Shaurasenic > Bihari,2.3721,134.5416,3.7578,2.5552,124.9037,3.8058,2.7545,115.8666,3.807,3.6693,86.9799,3.7826,3.4723,91.9127,2.5511,3.6434,87.5978,2.6701,4.0094,79.6008,2.7758,4.8232,66.1695,2.8762,3.2063,99.5396,2.7623,3.3299,95.8455,2.9223,3.503,91.1083,3.185,4.0194,79.4032,3.455,2.4752,128.9408,3.5793,2.6116,122.2066,3.73,2.9403,108.5446,3.8041,3.6307,87.9037,3.8212
mala1464,mal,mal_Mlym,997,,42323749.0,42163531.0,Malayalam,Mlym,Abugida,3 bytes,Dravidian,Dravidian > South Dravidian > South Dravidian I > Tamil-Kannada > Tamil-Kota > Tamil-Toda > Tamil-Irula > Tamil-Kodagu > Tamil-Malayalam > Malayalamoid,Dravidian > South Dravidian I > Tamil-Kota > Malayalamoid,2.0527,191.2277,5.341,2.2756,172.4955,5.2559,2.6042,150.7312,4.9525,3.7161,105.6299,4.5936,3.7078,105.8666,2.9384,3.8678,101.4885,3.0935,4.1173,95.337,3.3245,4.6659,84.1284,3.6568,3.2724,119.9539,3.3288,3.4574,113.5336,3.4616,3.6602,107.2427,3.749,4.0178,97.6991,4.2511,2.191,179.1555,4.9732,2.391,164.1715,5.0108,2.8377,138.327,4.8479,3.6865,106.4784,4.6287
mara1378,mar,mar_Deva,997,,39315064.0,39068391.0,Marathi,Deva,Abugida,3 bytes,Indo-European,Indo-European > Classical Indo-European > Indo-Iranian > Indo-Aryan > Middle-Modern Indo-Aryan > Continental Indo-Aryan > Indo-Aryan Southern zone > Marathic > Marathi-Konkani > Old-Modern Marathi > Modern Marathi,Indo-European > Indo-Iranian > Indo-Aryan > Middle-Modern Indo-Aryan > Continental Indo-Aryan > Indo-Aryan Southern zone > Old-Modern Marathi,2.3729,141.8857,3.9629,2.5997,129.5115,3.9462,2.8286,119.0291,3.9109,3.7795,89.0832,3.874,3.4955,96.321,2.6734,3.7179,90.5577,2.7603,4.146,81.2086,2.8318,5.0515,66.651,2.8971,3.152,106.8185,2.9643,3.3116,101.67,3.0998,3.5416,95.0662,3.3233,4.2005,80.1535,3.4877,2.5186,133.679,3.7108,2.6729,125.9649,3.8447,2.9998,112.2367,3.9335,3.7427,89.9589,3.9106
mori1278,mfe,mfe_Latn,997,,234376.0,233209.0,Mauritian Creole,Latn,Alphabet,1 byte,Indo-European,Indo-European > Classical Indo-European > Italic > Latino-Faliscan > Latinic > Imperial Latin > Romance > Italo-Western Romance > Western Romance > Shifted Western Romance > Northwestern Shifted Romance > Gallo-Rhaetian > Oil > Central Oil > Macro-French > Isle-de-France Creole,Indo-European > Italic > Italo-Western Romance > Western Romance > Shifted Western Romance > Northwestern Shifted Romance > Gallo-Rhaetian > Isle-de-France Creole,2.1129,55.9649,1.5631,2.5426,46.5065,1.417,2.9938,39.4975,1.2978,5.0737,23.3059,1.0135,2.8334,41.7332,1.1583,3.3333,35.4744,1.0813,4.2998,27.5005,0.959,5.9299,19.9408,0.8668,1.1342,104.2528,2.8931,1.1601,101.9288,3.1077,1.2061,98.0391,3.4272,1.3614,86.8556,3.7793,2.485,47.5848,1.3209,2.7368,43.2066,1.3187,3.3287,35.5236,1.245,5.0706,23.32,1.0137
gras1239,mhr,mhr_Cyrl,997,,,,Meadow Mari,Cyrl,Alphabet,2 bytes,Uralic,Uralic > Mari > Eastern Mari,Uralic > Mari,2.011,120.2156,3.3577,2.3254,103.9629,3.1677,2.7357,88.3711,2.9036,4.9286,49.0522,2.1332,3.0247,79.9278,2.2184,3.4097,70.9037,2.1612,4.0902,59.1073,2.0611,5.8799,41.1163,1.7872,1.7694,136.6349,3.7917,1.9857,121.7492,3.712,2.4047,100.5376,3.5146,3.5879,67.3821,2.932,2.2769,106.1775,2.9474,2.5024,96.6128,2.9488,3.0667,78.8345,2.7629,4.9297,49.0411,2.1319
mina1268,min,min_Arab,997,,,,Minangkabau (Jawi script),Arab,Abjad,2 bytes,Austronesian,Austronesian > Malayo-Polynesian > Malayo-Chamic > Malayic > Nuclear Malayic > Northern Sumatra Malay > Kerinci-Minangkabau > Minangkabauic,Austronesian > Malayo-Chamic > Malayic > Northern Sumatra Malay,1.9567,111.7984,3.1226,2.3818,91.8415,2.7984,2.945,74.2788,2.4405,6.3487,34.4564,1.4984,2.9587,73.9348,2.0521,3.2673,66.9519,2.0408,3.8562,56.7272,1.9781,5.5543,39.3842,1.7119,1.3168,166.1214,4.61,1.4727,148.5346,4.5287,1.861,117.5466,4.1092,2.8852,75.8175,3.299,2.3306,93.8616,2.6055,2.6326,83.0943,2.5362,3.3946,64.4413,2.2584,6.3262,34.5787,1.5032
mina1268,min,min_Latn,997,,,,Minangkabau (Latin script),Latn,Alphabet,1 byte,Austronesian,Austronesian > Malayo-Polynesian > Malayo-Chamic > Malayic > Nuclear Malayic > Northern Sumatra Malay > Kerinci-Minangkabau > Minangkabauic,Austronesian > Malayo-Chamic > Malayic > Northern Sumatra Malay,2.0954,63.8154,1.7824,2.418,55.3019,1.685,2.7847,48.0191,1.5777,4.5274,29.5356,1.2844,2.7047,49.4383,1.3722,3.1222,42.8285,1.3055,4.032,33.1645,1.1565,6.2755,21.3079,0.9262,1.2539,106.6449,2.9595,1.321,101.2287,3.0864,1.4583,91.6941,3.2054,1.8097,73.8917,3.2152,2.3715,56.3862,1.5652,2.5789,51.8516,1.5826,3.0538,43.7874,1.5346,4.5226,29.5667,1.2853
mace1250,mkd,mkd_Cyrl,997,,60622784.0,60352079.0,Macedonian,Cyrl,Alphabet,2 bytes,Indo-European,Indo-European > Classical Indo-European > Balto-Slavic > Slavic > South Slavic > Eastern South Slavic > Macedo-Bulgarian,Indo-European > Balto-Slavic > Slavic > South Slavic > Eastern South Slavic,2.0944,113.8245,3.1792,2.4497,97.3159,2.9652,2.927,81.4453,2.676,5.4075,44.0853,1.9172,3.5301,67.5306,1.8743,4.0202,59.2979,1.8075,4.8535,49.1174,1.7128,6.5174,36.5777,1.5899,3.1186,76.4423,2.1213,3.7202,64.0802,1.9538,4.7433,50.2588,1.7569,6.9598,34.2528,1.4904,2.3421,101.7854,2.8255,2.6319,90.5767,2.7646,3.3405,71.3631,2.501,5.4126,44.0441,1.9146
malt1254,mlt,mlt_Latn,997,,6964896.0,6886190.0,Maltese,Latn,Alphabet,1 byte,Afro-Asiatic,Afro-Asiatic > Semitic > West Semitic > Central Semitic > Arabian > Arabic > North African Arabic > Western Middle Arabic > Maghrebi > Malta-Tunisian Arabic,Afro-Asiatic > Semitic > Central Semitic > Arabian > North African Arabic > Malta-Tunisian Arabic,2.0384,71.5296,1.9978,2.534,57.5406,1.7532,3.097,47.0812,1.5469,5.9447,24.5276,1.0666,2.7704,52.6309,1.4608,3.3253,43.8485,1.3365,4.4929,32.4534,1.1317,6.8442,21.3039,0.926,1.1049,131.9639,3.6621,1.1221,129.9398,3.9618,1.1495,126.8465,4.4343,1.2355,118.0171,5.1352,2.4651,59.1494,1.6419,2.7785,52.4774,1.6017,3.5206,41.4152,1.4515,5.9053,24.6911,1.0733
mani1292,mni,mni_Beng,997,,,,"Meitei (Manipuri, Bengali script)",Beng,Abugida,3 bytes,Sino-Tibetan,Sino-Tibetan > Kuki-Chin-Naga,Sino-Tibetan > Kuki-Chin-Naga,2.2717,153.4072,4.2847,2.5158,138.5206,4.2207,2.7559,126.4504,4.1547,3.6897,94.4483,4.1073,3.477,100.2257,2.7818,3.6739,94.8566,2.8913,4.0714,85.5948,2.9848,5.0462,69.0602,3.0018,3.0981,112.4835,3.1215,3.2452,107.3862,3.2741,3.418,101.9579,3.5642,3.9192,88.9188,3.8691,2.4342,143.1635,3.9741,2.6015,133.9549,4.0886,2.9236,119.2006,4.1776,3.6537,95.3801,4.1462
mani1292,mni,mni_Mtei,997,dev only,,,"Meitei (Manipuri, Meitei script)",Mtei,Abugida,3 bytes,Sino-Tibetan,Sino-Tibetan > Kuki-Chin-Naga,Sino-Tibetan > Kuki-Chin-Naga,2.5272,128.5055,3.5892,2.7419,118.4403,3.6088,2.9065,111.7352,3.6712,3.28,99.011,4.3058,2.8746,112.9739,3.1356,2.941,110.4253,3.3659,3.0637,106.0,3.6963,3.5255,92.1163,4.004,1.7003,190.999,5.3004,1.8819,172.5677,5.2615,2.1647,150.0271,5.2446,2.5638,126.671,5.5118,2.7038,120.1103,3.3342,2.8,115.9829,3.54,2.9753,109.1525,3.8254,3.28,99.011,4.3041
moss1236,mos,mos_Latn,997,,,,Mossi,Latn,Alphabet,1 byte,Atlantic-Congo,Atlantic-Congo > Volta-Congo > North Volta-Congo > Gur > Central Gur > Northern Central Gur > Bwamu-Oti-Volta > Oti-Volta > Nuclear Oti-Volta > Gurma-Yom-Oti-Volta Occidental > Oti-Volta Occidental > Nuclear Oti-Volta Occidental > Northwest Oti-Volta > Mossi-Farefare > Mossic,Atlantic-Congo > Volta-Congo > North Volta-Congo > Gur > Northern Central Gur,1.9812,66.2718,1.851,2.4419,53.7673,1.6383,3.0425,43.1535,1.4179,5.7921,22.668,0.9858,2.5989,50.5196,1.4022,3.0848,42.5617,1.2973,4.0977,32.0411,1.1173,6.9235,18.9639,0.8243,1.1097,118.317,3.2834,1.127,116.4975,3.5519,1.1569,113.4865,3.9673,1.241,105.8024,4.6037,2.3727,55.335,1.5361,2.6935,48.7462,1.4878,3.4759,37.7733,1.3238,5.7486,22.8395,0.9928
maor1246,mri,mri_Latn,997,,2267801.0,2252745.0,Maori,Latn,Alphabet,1 byte,Austronesian,Austronesian > Malayo-Polynesian > Eastern Malayo-Polynesian > Oceanic > Central Pacific linkage > Tokalau Fijian > Polynesian > Nuclear Polynesian > Northern Outlier Polynesian-East Polynesian > Solomons Northern Outlier Polynesian-East Polynesian > Central Northern Outlier Polynesian-East Polynesian > East Polynesian > East Polynesian Proximal > Southern East Polynesian Proximal > Maoric,Austronesian > Eastern Malayo-Polynesian > Polynesian > Northern Outlier Polynesian-East Polynesian,2.0275,71.8185,2.0059,2.3109,63.009,1.9199,2.69,54.1294,1.7785,4.7484,30.665,1.3336,2.6093,55.8044,1.5489,2.9781,48.8937,1.4903,3.7875,38.4443,1.3406,6.0681,23.996,1.043,1.1722,124.2177,3.4471,1.2029,121.0471,3.6906,1.258,115.7513,4.0464,1.4697,99.0742,4.311,2.2551,64.5677,1.7923,2.4626,59.1284,1.8047,2.9709,49.012,1.7177,4.7407,30.7151,1.3352
nucl1310,mya,mya_Mymr,997,,23624930.0,23532659.0,Burmese,Mymr,Abugida,3 bytes,Sino-Tibetan,Sino-Tibetan > Burmo-Qiangic > Lolo-Burmese > Burmish > Southern Burmish > Mranmaic > Nuclear Mranmaic,Sino-Tibetan > Burmo-Qiangic,2.9353,151.6379,4.2353,2.963,150.2227,4.5772,2.9959,148.5707,4.8815,3.0976,143.6941,6.2489,3.2027,138.9789,3.8574,3.266,136.2849,4.1541,3.3748,131.8927,4.5993,3.6524,121.8676,5.2972,3.0453,146.1645,4.0562,3.0861,144.2327,4.3976,3.1338,142.0361,4.9653,3.2256,137.992,6.0044,2.9374,151.5346,4.2065,2.9689,149.9248,4.576,3.0209,147.346,5.1639,3.0977,143.6901,6.2463
erzy1239,myv,myv_Cyrl,997,,,,Erzya,Cyrl,Alphabet,2 bytes,Uralic,Uralic > Mordvin,Uralic > Mordvin,2.0009,124.5747,3.4794,2.2765,109.4935,3.3362,2.647,94.1685,3.0941,4.8504,51.3902,2.2348,3.025,82.3992,2.287,3.4167,72.9529,2.2237,4.0887,60.9629,2.1258,5.75,43.3501,1.8843,1.9826,125.7262,3.489,2.2586,110.3591,3.3648,2.7833,89.5557,3.1307,4.2557,58.5717,2.5486,2.2322,111.665,3.0997,2.434,102.4072,3.1257,2.9641,84.0923,2.9471,4.8536,51.3561,2.2325
dutc1256,nld,nld_Latn,997,,3610577463.0,3581120841.0,Dutch,Latn,Alphabet,1 byte,Indo-European,Indo-European > Classical Indo-European > Germanic > Northwest Germanic > West Germanic > Macro-Dutch > Middle-Modern Dutch > Modern Dutch > Global Dutch,Indo-European > Germanic > West Germanic > Macro-Dutch,2.484,56.2397,1.5708,2.8288,49.3831,1.5047,3.1951,43.7222,1.4366,4.3474,32.1334,1.3974,3.1044,45.0,1.249,3.4715,40.2407,1.2266,4.076,34.2728,1.1951,5.2356,26.682,1.1598,1.8866,74.0481,2.0549,2.0701,67.4835,2.0575,2.3965,58.2929,2.0378,3.1397,44.4935,1.936,2.7045,51.653,1.4338,2.9544,47.2849,1.4432,3.4461,40.5376,1.4207,4.3455,32.1474,1.3975
norw1262,nno,nno_Latn,997,,32531797.0,32290890.0,Norwegian Nynorsk,Latn,Alphabet,1 byte,Indo-European,Indo-European > Classical Indo-European > Germanic > Northwest Germanic > North Germanic > West Scandinavian > Norwegian,Indo-European > Germanic > North Germanic > West Scandinavian > Norwegian,2.3069,56.7653,1.5855,2.7273,48.015,1.463,3.1878,41.0792,1.3497,4.5717,28.6439,1.2457,2.9347,44.6219,1.2385,3.3947,38.5757,1.1758,4.1773,31.349,1.0932,5.6317,23.2528,1.0107,1.4753,88.7613,2.4632,1.5692,83.4493,2.5443,1.7415,75.1966,2.6287,2.2443,58.348,2.5389,2.6233,49.9198,1.3857,2.9055,45.0712,1.3757,3.4747,37.6871,1.3208,4.5684,28.665,1.2461
norw1259,nob,nob_Latn,997,,649813400.0,644493173.0,"Norwegian Bokmål, moderate variety",Latn,Alphabet,1 byte,Indo-European,Indo-European > Classical Indo-European > Germanic > Northwest Germanic > North Germanic > West Scandinavian > Norwegian,Indo-European > Germanic > North Germanic > West Scandinavian > Norwegian,2.4169,52.8104,1.475,2.8357,45.011,1.3715,3.2891,38.8054,1.275,4.5732,27.9097,1.2137,2.966,43.0331,1.1944,3.4024,37.5135,1.1434,4.1644,30.6489,1.0688,5.5774,22.8847,0.9947,1.5847,80.5416,2.2351,1.6962,75.2487,2.2943,1.9048,67.008,2.3425,2.4901,51.2568,2.2303,2.7141,47.0271,1.3054,3.0069,42.4473,1.2956,3.5714,35.7382,1.2525,4.5682,27.9398,1.2146
norw1259 (with variant=radical),nob,nob_Latn_radical,997,,649813400.0,644493173.0,"Norwegian Bokmål, radical variety",Latn,Alphabet,1 byte,Indo-European,Indo-European > Classical Indo-European > Germanic > Northwest Germanic > North Germanic > West Scandinavian > Norwegian,Indo-European > Germanic > North Germanic > West Scandinavian > Norwegian,2.393,53.2839,1.4882,2.81,45.3761,1.3826,3.2639,39.0662,1.2836,4.5728,27.8837,1.2126,2.9539,43.1665,1.1981,3.393,37.5797,1.1455,4.1554,30.6851,1.07,5.5759,22.8676,0.994,1.5635,81.5517,2.2631,1.6722,76.2518,2.3249,1.8708,68.1565,2.3826,2.4356,52.3511,2.2779,2.6908,47.3872,1.3154,2.9803,42.7834,1.3058,3.5425,35.994,1.2615,4.5681,27.9127,1.2134
nepa1254,npi,npi_Deva,997,,,,Nepali,Deva,Abugida,3 bytes,Indo-European,Indo-European > Classical Indo-European > Indo-Iranian > Indo-Aryan > Middle-Modern Indo-Aryan > Continental Indo-Aryan > Midlands Indo-Aryan > Indo-Aryan Northern zone > Eastern Pahari,Indo-European > Indo-Iranian > Indo-Aryan > Middle-Modern Indo-Aryan > Continental Indo-Aryan > Midlands Indo-Aryan > Indo-Aryan Northern zone,2.3342,138.8275,3.8775,2.5641,126.3791,3.8507,2.7971,115.8546,3.8066,3.766,86.0471,3.742,3.4633,93.5677,2.597,3.6987,87.6128,2.6705,4.1564,77.9649,2.7187,5.053,64.1304,2.7876,3.1277,103.6078,2.8752,3.2825,98.7212,3.0099,3.5161,92.1615,3.2218,4.22,76.7894,3.3413,2.4797,130.681,3.6276,2.6342,123.016,3.7547,2.9775,108.8355,3.8143,3.726,86.9709,3.7807
nkoa1234,nqo,nqo_Nkoo,997,,,,Nko,Nkoo,Alphabet,2 bytes,Artificial Language,Artificial Language,Artificial Language,2.0185,143.3611,4.0041,3.1243,92.6229,2.8222,5.0375,57.4453,1.8875,17.8699,16.1936,0.7042,3.4473,83.9438,2.3299,3.9466,73.324,2.235,4.7952,60.348,2.1044,7.0762,40.8947,1.7776,1.0012,289.0171,8.0204,1.0017,288.8887,8.808,1.0026,288.6289,10.0899,1.0053,287.8405,12.5247,2.9771,97.2026,2.6983,3.8885,74.4193,2.2714,7.0327,41.1474,1.4421,17.8291,16.2307,0.7056
pedi1238,nso,nso_Latn,997,,206600.0,205851.0,Northern Sotho,Latn,Alphabet,1 byte,Atlantic-Congo,Atlantic-Congo > Volta-Congo > Benue-Congo > Bantoid > Southern Bantoid > Narrow Bantu > East Bantu > Southern Bantu > Nuclear Southern Bantu > Dimsuffix Southern Bantu > Sotho-Tswana (S.30) > Northern Sotho > Sepedic,Atlantic-Congo > Volta-Congo > Benue-Congo > Bantoid > East Bantu > Southern Bantu > Nuclear Southern Bantu > Sotho-Tswana (S.30) > Northern Sotho,1.9321,76.9428,2.149,2.3954,62.0622,1.891,2.9935,49.662,1.6317,5.8909,25.2357,1.0974,2.7751,53.5687,1.4868,3.2549,45.673,1.3922,4.1986,35.4072,1.2347,6.4126,23.1825,1.0077,1.1122,133.669,3.7094,1.1351,130.9669,3.9931,1.1783,126.1665,4.4105,1.3135,113.1825,4.9249,2.3358,63.6439,1.7667,2.6603,55.8806,1.7056,3.4521,43.0642,1.5092,5.8769,25.2959,1.0996
nuer1246,nus,nus_Latn,997,,,,Nuer,Latn,Alphabet,1 byte,Nilotic,Nilotic > Western Nilotic > Dinka-Nuer > Nuer-Reel,Nilotic > Dinka-Nuer > Nuer-Reel,1.9572,84.8977,2.3712,2.457,67.6299,2.0607,3.1109,53.4132,1.755,6.0724,27.3641,1.19,2.4519,67.7693,1.881,2.8824,57.6489,1.7572,3.9215,42.3731,1.4776,8.5281,19.4845,0.8469,1.0708,155.1825,4.3064,1.0827,153.4654,4.6791,1.1026,150.7031,5.2683,1.1511,144.3561,6.2813,2.3945,69.3942,1.9263,2.7467,60.4955,1.8464,3.5869,46.326,1.6236,6.061,27.4152,1.1918
nyan1308,nya,nya_Latn,997,,928706.0,925245.0,Nyanja,Latn,Alphabet,1 byte,Atlantic-Congo,Atlantic-Congo > Volta-Congo > Benue-Congo > Bantoid > Southern Bantoid > Narrow Bantu > East Bantu > Tumbuka-Sena-Nyanja > Sena-Nyanja > Nyanjaic,Atlantic-Congo > Volta-Congo > Benue-Congo > Bantoid > East Bantu > Tumbuka-Sena-Nyanja > Sena-Nyanja,1.9895,71.4754,1.9963,2.405,59.1284,1.8016,2.9689,47.8977,1.5738,5.9678,23.8285,1.0362,2.7409,51.8826,1.44,3.2037,44.3872,1.353,4.2603,33.3791,1.164,7.3315,19.3962,0.8431,1.1124,127.8345,3.5475,1.1357,125.2166,3.8178,1.1823,120.2728,4.2045,1.3508,105.2768,4.5809,2.3463,60.6088,1.6825,2.6518,53.6259,1.6368,3.4117,41.681,1.4608,5.9653,23.8385,1.0363
occi1239,oci,oci_Latn,997,,6366886.0,6339942.0,Occitan,Latn,Alphabet,1 byte,Indo-European,Indo-European > Classical Indo-European > Italic > Latino-Faliscan > Latinic > Imperial Latin > Romance > Italo-Western Romance > Western Romance > Shifted Western Romance > Southwestern Shifted Romance > Occitanic,Indo-European > Italic > Italo-Western Romance > Western Romance > Shifted Western Romance > Southwestern Shifted Romance > Occitanic,2.294,64.2166,1.7936,2.7146,54.2668,1.6535,3.1853,46.2467,1.5195,4.9287,29.8887,1.2998,2.9655,49.675,1.3787,3.3782,43.6068,1.3292,4.0871,36.0431,1.2569,5.5993,26.3089,1.1436,1.6528,89.1294,2.4734,1.8052,81.6038,2.488,2.0701,71.1625,2.4877,2.8082,52.4584,2.2826,2.6003,56.651,1.5726,2.8954,50.8776,1.5529,3.5362,41.658,1.46,4.9252,29.9097,1.3002
aran1260,oci,oci_Latn_aran1260,997,,6366886.0,6339942.0,Aranese,Latn,Alphabet,1 byte,Indo-European,Indo-European > Classical Indo-European > Italic > Latino-Faliscan > Latinic > Imperial Latin > Romance > Italo-Western Romance > Western Romance > Shifted Western Romance > Southwestern Shifted Romance > Occitanic > Occitan > Gascon,Indo-European > Italic > Italo-Western Romance > Western Romance > Shifted Western Romance > Southwestern Shifted Romance > Occitanic > Occitan,2.1618,68.6048,1.9162,2.5909,57.2407,1.7441,3.0895,48.003,1.5772,4.9606,29.8967,1.3001,2.959,50.1214,1.3911,3.3882,43.7713,1.3342,4.1343,35.8726,1.2509,5.7382,25.8455,1.1234,1.3906,106.6459,2.9595,1.4865,99.7673,3.0418,1.6656,89.0431,3.1128,2.1891,67.7472,2.9479,2.5226,58.7924,1.632,2.8063,52.8485,1.613,3.4443,43.0592,1.5091,4.9605,29.8977,1.2997
oriy1255,ory,ory_Orya,997,,8341478.0,8321756.0,Odia,Orya,Abugida,3 bytes,Indo-European,Indo-European > Classical Indo-European > Indo-Iranian > Indo-Aryan > Middle-Modern Indo-Aryan > Continental Indo-Aryan > Indo-Aryan Eastern zone > Oriya-Gauda-Kamrupa > Macro-Oriya,Indo-European > Indo-Iranian > Indo-Aryan > Middle-Modern Indo-Aryan > Continental Indo-Aryan > Indo-Aryan Eastern zone > Macro-Oriya,2.401,144.4594,4.0348,2.6092,132.9318,4.0504,2.8605,121.2548,3.984,3.6039,96.2427,4.1854,3.6433,95.2016,2.6424,3.8269,90.6349,2.7626,4.1595,83.3862,2.9078,4.9112,70.6229,3.0698,3.1278,110.8917,3.0773,3.3187,104.5125,3.1865,3.5398,97.986,3.4254,3.94,88.0321,3.8305,2.5109,138.1344,3.8345,2.6872,129.0742,3.9396,3.0139,115.0832,4.0333,3.5693,97.1755,4.2243
pang1290,pag,pag_Latn,997,,,,Pangasinan,Latn,Alphabet,1 byte,Austronesian,Austronesian > Malayo-Polynesian > Northern Luzon > Meso-Cordilleran > South-Central Cordilleran > Southern Cordilleran > West Southern Cordilleran,Austronesian > Northern Luzon > Meso-Cordilleran,2.072,61.0943,1.7064,2.4291,52.1123,1.5878,2.8653,44.1795,1.4516,4.8604,26.0441,1.1326,2.6563,47.655,1.3227,3.1041,40.7803,1.243,4.0806,31.0211,1.0817,6.3302,19.997,0.8692,1.1712,108.0863,2.9995,1.2068,104.8957,3.1982,1.2717,99.5416,3.4798,1.4714,86.0301,3.7434,2.3817,53.1484,1.4754,2.6281,48.1665,1.4701,3.176,39.8566,1.3968,4.8599,26.0471,1.1323
panj1256,pan,pan_Guru,997,,11640973.0,11593313.0,Eastern Panjabi,Guru,Abugida,3 bytes,Indo-European,Indo-European > Classical Indo-European > Indo-Iranian > Indo-Aryan > Middle-Modern Indo-Aryan > Continental Indo-Aryan > Indo-Aryan Northwestern zone > Sindhi-Lahnda > Greater Panjabic > Eastern Panjabic,Indo-European > Indo-Iranian > Indo-Aryan > Middle-Modern Indo-Aryan > Continental Indo-Aryan > Indo-Aryan Northwestern zone > Greater Panjabic,2.1652,151.0411,4.2186,2.3521,139.0371,4.2364,2.5622,127.6399,4.1938,3.257,100.4092,4.3666,3.3397,97.9218,2.7179,3.4339,95.2377,2.9029,3.6316,90.0522,3.1402,4.2787,76.4333,3.3223,2.8866,113.2939,3.144,3.0716,106.4704,3.2462,3.2056,102.0191,3.5664,3.3903,96.4614,4.1973,2.281,143.3711,3.9799,2.4236,134.9368,4.1185,2.69,121.5757,4.2608,3.2274,101.33,4.4049
papi1253,pap,pap_Latn,997,,,,Papiamento,Latn,Alphabet,1 byte,Indo-European,Indo-European > Classical Indo-European > Italic > Latino-Faliscan > Latinic > Imperial Latin > Romance > Italo-Western Romance > Western Romance > Shifted Western Romance > Southwestern Shifted Romance > West Ibero-Romance > Galician Romance > Macro-Portuguese > Upper Guinea Portuguese,Indo-European > Italic > Italo-Western Romance > Western Romance > Shifted Western Romance > Southwestern Shifted Romance > West Ibero-Romance > Galician Romance > Macro-Portuguese > Upper Guinea Portuguese,2.063,65.8766,1.84,2.4578,55.2959,1.6848,2.9324,46.345,1.5227,5.1884,26.1936,1.1391,2.7917,48.682,1.3512,3.2396,41.9509,1.2787,4.1339,32.8756,1.1464,5.8674,23.1625,1.0068,1.2123,112.1013,3.1109,1.2567,108.1394,3.2971,1.3388,101.5135,3.5487,1.5762,86.2227,3.7518,2.3922,56.8104,1.577,2.6548,51.1916,1.5625,3.286,41.3581,1.4495,5.149,26.3942,1.1474
sout2649,pbt,pbt_Arab,997,,6367306.0,6336284.0,Southern Pashto,Arab,Abjad,2 bytes,Indo-European,Indo-European > Classical Indo-European > Indo-Iranian > Iranian-Nuristani > Iranian > Pashto > Nuclear Pashto,Indo-European > Indo-Iranian > Iranian-Nuristani > Pashto,1.9232,111.2407,3.107,2.5941,82.4724,2.5129,3.539,60.4534,1.9863,9.1754,23.317,1.014,3.4219,62.5216,1.7353,3.8858,55.0572,1.6782,4.5827,46.6851,1.628,6.2018,34.4965,1.4995,1.2088,176.993,4.9117,1.326,161.345,4.9193,1.6479,129.8295,4.5386,3.2005,66.8455,2.9086,2.5152,85.0612,2.3612,2.9994,71.328,2.1771,4.3459,49.2287,1.7253,9.1762,23.3149,1.0135
west2369,pes,pes_Arab,997,,1271707294.0,1264171685.0,Western Persian,Arab,Abjad,2 bytes,Indo-European,Indo-European > Classical Indo-European > Indo-Iranian > Iranian-Nuristani > Iranian > Southwestern Iranian > Middle-Modern Persian > Modern Southwestern Iranian > Farsic-Caucasian Tat > Farsic,Indo-European > Indo-Iranian > Iranian-Nuristani > Southwestern Iranian,1.9384,111.0662,3.1021,2.5035,85.997,2.6203,3.24,66.4473,2.1832,6.8356,31.4955,1.3697,3.0163,71.3761,1.9811,3.6506,58.9749,1.7976,4.6942,45.8636,1.5993,6.9783,30.8516,1.341,1.332,161.6339,4.4855,1.4779,145.672,4.4414,1.7894,120.3129,4.2059,3.355,64.1695,2.7922,2.4307,88.5737,2.4587,2.819,76.3721,2.331,3.8344,56.1474,1.9678,6.8369,31.4895,1.3689
plat1254,plt,plt_Latn,997,,6431320.0,6401178.0,Plateau Malagasy,Latn,Alphabet,1 byte,Austronesian,Austronesian > Malayo-Polynesian > Basap-Greater Barito > Greater Barito linkage > Southeast Barito > Malagasic > North-Central Malagasic > Central-Eastern Malagasic,Austronesian > Basap-Greater Barito,2.0542,77.2708,2.1582,2.5296,62.7482,1.9119,3.1167,50.9288,1.6733,5.6028,28.33,1.232,2.5946,61.1755,1.6979,3.1055,51.1123,1.558,4.2909,36.992,1.29,7.6207,20.8285,0.9054,1.1297,140.5065,3.8992,1.1549,137.4443,4.1906,1.2033,131.9127,4.6114,1.3537,117.2548,5.102,2.4521,64.7322,1.7969,2.778,57.1374,1.7439,3.5105,45.2146,1.5846,5.5927,28.3811,1.2337
poli1260,pol,pol_Latn,997,,3430605391.0,3408199823.0,Polish,Latn,Alphabet,1 byte,Indo-European,Indo-European > Classical Indo-European > Balto-Slavic > Slavic > West Slavic > Lechitic > Polish-Silesian,Indo-European > Balto-Slavic > Slavic > West Slavic > Lechitic,2.4888,57.1595,1.5965,2.883,49.343,1.5035,3.2876,43.2708,1.4217,4.814,29.5507,1.2851,2.9846,47.663,1.3229,3.369,42.2257,1.2871,4.0638,35.006,1.2207,5.5984,25.4102,1.1045,1.902,74.7944,2.0756,2.0692,68.7513,2.0962,2.3526,60.4684,2.1139,3.0233,47.0532,2.0474,2.7133,52.4303,1.4554,3.0129,47.2166,1.4411,3.5969,39.5496,1.3861,4.7976,29.652,1.289
braz1246,por,por_Latn,997,,4099018104.0,4074503096.0,Portuguese (Brazilian),Latn,Alphabet,1 byte,Indo-European,Indo-European > Classical Indo-European > Italic > Latino-Faliscan > Latinic > Imperial Latin > Romance > Italo-Western Romance > Western Romance > Shifted Western Romance > Southwestern Shifted Romance > West Ibero-Romance > Galician Romance > Macro-Portuguese > Brazil-Portugal Portuguese > Portuguese,Indo-European > Italic > Italo-Western Romance > Western Romance > Shifted Western Romance > Southwestern Shifted Romance > West Ibero-Romance > Galician Romance > Macro-Portuguese > Brazil-Portugal Portuguese,2.7018,51.9358,1.4506,3.1166,45.0241,1.3719,3.5707,39.2979,1.2912,5.1154,27.4313,1.1929,3.1244,44.9117,1.2465,3.5109,39.9669,1.2182,4.1277,33.995,1.1854,5.3303,26.325,1.1443,2.1476,65.34,1.8132,2.3662,59.3029,1.8081,2.7439,51.1384,1.7877,3.6257,38.7021,1.684,2.905,48.3029,1.3408,3.2366,43.3541,1.3233,3.9006,35.9739,1.2608,5.0862,27.5888,1.1993
dari1249,prs,prs_Arab,997,,,,Dari,Arab,Abjad,2 bytes,Indo-European,Indo-European > Classical Indo-European > Indo-Iranian > Iranian-Nuristani > Iranian > Southwestern Iranian > Middle-Modern Persian > Modern Southwestern Iranian > Farsic-Caucasian Tat > Farsic > Eastern Farsic,Indo-European > Indo-Iranian > Iranian-Nuristani > Southwestern Iranian > Eastern Farsic,1.9063,107.8415,3.012,2.4686,83.2788,2.5375,3.2536,63.1846,2.076,7.1773,28.6429,1.2456,3.1445,65.3781,1.8146,3.7567,54.7242,1.668,4.6764,43.9609,1.533,6.7473,30.4684,1.3244,1.3222,155.4875,4.3149,1.4722,139.6429,4.2576,1.7969,114.4102,3.9995,3.4513,59.5657,2.5919,2.4026,85.5647,2.3752,2.8095,73.1725,2.2334,3.8792,52.995,1.8573,7.1796,28.6339,1.2447
ayac1239,quy,quy_Latn,997,,,,Ayacucho Quechua,Latn,Alphabet,1 byte,Quechuan,Quechuan > Southern Quechua > Ayacuchan Quechua,Quechuan,2.0159,67.0652,1.8732,2.435,55.5236,1.6918,2.9651,45.5968,1.4982,5.3409,25.3139,1.1008,2.5638,52.7342,1.4637,3.0063,44.9719,1.3708,4.1322,32.7182,1.1409,7.9127,17.0863,0.7427,1.1496,117.6018,3.2635,1.1812,114.4634,3.4899,1.2405,108.988,3.81,1.429,94.6118,4.1168,2.3724,56.987,1.5819,2.6628,50.7723,1.5497,3.3318,40.5787,1.4221,5.315,25.4373,1.1058
roma1327,ron,ron_Latn,997,,1125558850.0,1119333515.0,Romanian,Latn,Alphabet,1 byte,Indo-European,Indo-European > Classical Indo-European > Italic > Latino-Faliscan > Latinic > Imperial Latin > Romance > Eastern Romance > Northern Romanian > Eastern Romanian,Indo-European > Italic > Eastern Romance,2.472,60.4152,1.6874,2.8468,52.4604,1.5985,3.2655,45.7332,1.5026,4.683,31.8907,1.3869,2.8977,51.5396,1.4305,3.3154,45.0461,1.373,4.0189,37.1605,1.2958,5.4852,27.2267,1.1835,1.7672,84.5075,2.3451,1.9021,78.5165,2.3939,2.1335,69.999,2.447,2.7659,53.995,2.3495,2.7058,55.1936,1.5321,2.9938,49.8837,1.5225,3.5616,41.9318,1.4696,4.6792,31.9168,1.3874
rund1242,run,run_Latn,997,,172804.0,171267.0,Rundi,Latn,Alphabet,1 byte,Atlantic-Congo,Atlantic-Congo > Volta-Congo > Benue-Congo > Bantoid > Southern Bantoid > Narrow Bantu > East Bantu > Northeast Savanna Bantu > Great Lakes Bantu > Western Lakes Bantu > Kivu > West Highlands Kivu > Rundic,Atlantic-Congo > Volta-Congo > Benue-Congo > Bantoid > East Bantu > Northeast Savanna Bantu > Great Lakes Bantu > Western Lakes Bantu > Rundic,1.9681,71.5236,1.9977,2.3418,60.1123,1.8316,2.8418,49.5346,1.6275,5.6667,24.8415,1.0803,2.6895,52.339,1.4527,3.1565,44.5958,1.3593,4.2254,33.3149,1.1617,7.1383,19.7202,0.8572,1.0944,128.6219,3.5694,1.1174,125.984,3.8412,1.1607,121.2778,4.2396,1.32,106.6429,4.6403,2.2928,61.3952,1.7043,2.5568,55.0562,1.6804,3.2631,43.1394,1.5119,5.6507,24.9117,1.0829
russ1263,rus,rus_Cyrl,997,,13473783858.0,13397737772.0,Russian,Cyrl,Alphabet,2 bytes,Indo-European,Indo-European > Classical Indo-European > Balto-Slavic > Slavic > East Slavic,Indo-European > Balto-Slavic > Slavic > East Slavic,2.5938,97.5607,2.7249,2.9783,84.9669,2.5889,3.5343,71.5998,2.3525,7.1527,35.3791,1.5386,3.9365,64.2849,1.7842,4.4496,56.8716,1.7335,5.3356,47.4283,1.6539,6.9553,36.3831,1.5815,4.9521,51.1013,1.4181,5.8053,43.5908,1.3291,7.0059,36.1204,1.2627,9.4352,26.8205,1.167,2.7252,92.8596,2.5777,3.1243,80.996,2.4722,4.1598,60.8345,2.132,7.1576,35.3551,1.5369
sang1328,sag,sag_Latn,997,,363372.0,363127.0,Sango,Latn,Alphabet,1 byte,Atlantic-Congo,Atlantic-Congo > Volta-Congo > North Volta-Congo > Cameroun-Ubangian > Ubangi > Ngbandi-Mongoba-Kazibati > Ngbandic > Nuclear Ngbandic > Sangoic,Atlantic-Congo > Volta-Congo > North Volta-Congo > Cameroun-Ubangian,2.0053,70.3701,1.9655,2.3866,59.1254,1.8015,2.8751,49.0812,1.6126,5.2655,26.7994,1.1654,2.6157,53.9468,1.4973,2.9865,47.2497,1.4402,3.7512,37.6179,1.3118,6.2015,22.7543,0.9891,1.1462,123.1093,3.4164,1.1786,119.7312,3.6505,1.2438,113.4534,3.9661,1.4442,97.7061,4.2514,2.3288,60.5948,1.6821,2.5964,54.349,1.6588,3.2418,43.5286,1.5255,5.259,26.8325,1.1664
sans1269,san,san_Deva,997,,5674920.0,5648368.0,Sanskrit,Deva,Abugida,3 bytes,Indo-European,Indo-European > Classical Indo-European > Indo-Iranian > Indo-Aryan,Indo-European > Indo-Iranian > Indo-Aryan,2.3376,143.0271,3.9948,2.5927,128.9569,3.9293,2.8659,116.661,3.8331,3.7967,88.0602,3.8295,3.4962,95.6299,2.6542,3.7068,90.1966,2.7493,4.1162,81.2257,2.8324,5.0527,66.1715,2.8763,3.1689,105.5065,2.9279,3.3423,100.0321,3.0499,3.5864,93.2247,3.2589,4.2512,78.6469,3.4221,2.5,133.7372,3.7124,2.6784,124.8285,3.81,3.0556,109.4203,3.8348,3.7573,88.985,3.8682
sant1410,sat,sat_Olck,997,,,,Santali,Olck,Abugida,3 bytes,Austroasiatic,Austroasiatic > Mundaic > North Munda > Kherwarian > Santalic,Austroasiatic > Mundaic,2.1589,163.6158,4.5698,2.3042,153.2969,4.6709,2.5136,140.5266,4.6172,2.9294,120.5797,5.2437,2.9499,119.7432,3.3235,2.9974,117.8465,3.5921,3.0739,114.9107,4.0071,3.3092,106.7412,4.6397,2.4013,147.1003,4.0821,2.5482,138.6179,4.2264,2.6933,131.1515,4.5848,2.8387,124.4343,5.4144,2.225,158.7513,4.4068,2.3698,149.0512,4.5493,2.6426,133.665,4.6845,2.9294,120.5807,5.2417
sici1248,scn,scn_Latn,997,,,,Sicilian,Latn,Alphabet,1 byte,Indo-European,Indo-European > Classical Indo-European > Italic > Latino-Faliscan > Latinic > Imperial Latin > Romance > Italo-Western Romance > Italo-Dalmatian > Italian Romance > Southern Italian Romance,Indo-European > Italic > Italo-Western Romance > Italo-Dalmatian > Italian Romance > Southern Italian Romance,2.0729,67.5697,1.8872,2.486,56.342,1.7167,2.9928,46.8024,1.5378,5.2499,26.68,1.1603,2.8298,49.4975,1.3738,3.2604,42.9609,1.3095,4.1005,34.1585,1.1911,6.1059,22.9398,0.9971,1.2727,110.0572,3.0542,1.3388,104.6249,3.1899,1.4588,96.014,3.3565,1.8262,76.6991,3.3374,2.412,58.0712,1.612,2.6939,51.994,1.587,3.3616,41.667,1.4603,5.2478,26.6911,1.1603
shan1277,shn,shn_Mymr,997,,,,Shan,Mymr,Abugida,3 bytes,Tai-Kadai,Tai-Kadai > Kam-Tai > Daic-Beic > Daic > Central-Southwestern Tai > Wenma-Southwestern Tai > Sapa-Southwestern Tai > Southwestern Tai > Southwestern Tai P > Shanic > Southern Shanic,Tai-Kadai > Southwestern Tai P,1.7807,279.67,7.8113,1.8483,269.4323,8.2095,2.0,248.998,8.1812,2.7849,178.8215,7.7765,3.3309,149.5105,4.1497,3.4283,145.2598,4.4277,3.6063,138.0903,4.8154,4.0927,121.68,5.2891,2.6223,189.9097,5.2701,2.9535,168.6118,5.1409,3.1316,159.0251,5.5592,3.2907,151.337,6.5851,1.7785,280.004,7.7727,1.8938,262.9619,8.0261,2.1316,233.6269,8.1878,2.7859,178.7593,7.7708
sinh1246,sin,sin_Sinh,997,,15218821.0,15163617.0,Sinhala,Sinh,Abugida,3 bytes,Indo-European,Indo-European > Classical Indo-European > Indo-Iranian > Indo-Aryan > Middle-Modern Indo-Aryan > Dhivehi-Sinhala > Sinhalaic,Indo-European > Indo-Iranian > Indo-Aryan > Middle-Modern Indo-Aryan > Dhivehi-Sinhala,1.8998,177.2166,4.9497,2.1816,154.326,4.7023,2.4983,134.7643,4.4279,3.2369,104.013,4.5233,3.3443,100.674,2.7942,3.4398,97.8776,2.9834,3.6383,92.5386,3.2269,4.2818,78.6309,3.4178,2.845,118.344,3.2841,3.0158,111.6409,3.4039,3.1748,106.0502,3.7073,3.3783,99.66,4.3365,2.1254,158.4062,4.3972,2.3183,145.2297,4.4327,2.6565,126.7392,4.4418,3.209,104.9188,4.5609
slov1269,slk,slk_Latn,997,,696039997.0,691361945.0,Slovak,Latn,Alphabet,1 byte,Indo-European,Indo-European > Classical Indo-European > Balto-Slavic > Slavic > West Slavic > Czech-Slovak,Indo-European > Balto-Slavic > Slavic > West Slavic > Czech-Slovak,2.1913,63.0291,1.7604,2.6479,52.1605,1.5893,3.1163,44.321,1.4562,4.6441,29.7402,1.2933,2.7585,50.0682,1.3897,3.2067,43.0702,1.3128,4.1359,33.3942,1.1645,6.1958,22.2919,0.969,1.3727,100.6128,2.7921,1.4544,94.9659,2.8954,1.5874,87.006,3.0416,1.9335,71.4343,3.1083,2.5574,54.007,1.4992,2.8522,48.4243,1.478,3.3973,40.654,1.4248,4.6255,29.8596,1.298
slov1268,slv,slv_Latn,997,,295443845.0,293532981.0,Slovenian,Latn,Alphabet,1 byte,Indo-European,Indo-European > Classical Indo-European > Balto-Slavic > Slavic > South Slavic > Western South Slavic,Indo-European > Balto-Slavic > Slavic > South Slavic > Western South Slavic,2.1573,59.6409,1.6658,2.6027,49.4353,1.5063,3.0941,41.5838,1.3663,4.6504,27.667,1.2032,2.9104,44.2076,1.227,3.345,38.4644,1.1724,4.1588,30.9378,1.0788,5.8924,21.8355,0.9491,1.3455,95.6279,2.6537,1.4326,89.8114,2.7383,1.5907,80.8847,2.8276,2.0091,64.0401,2.7865,2.5286,50.8837,1.4125,2.8217,45.5978,1.3917,3.4006,37.8355,1.326,4.6367,27.7492,1.2063
samo1305,smo,smo_Latn,997,,982573.0,978614.0,Samoan,Latn,Alphabet,1 byte,Austronesian,Austronesian > Malayo-Polynesian > Eastern Malayo-Polynesian > Oceanic > Central Pacific linkage > Tokalau Fijian > Polynesian > Nuclear Polynesian > Ellicean > Pukapukic > Samoan-Tokelauan,Austronesian > Eastern Malayo-Polynesian > Polynesian > Ellicean,1.9274,79.7613,2.2278,2.2777,67.4945,2.0565,2.755,55.8014,1.8334,5.0769,30.2808,1.3168,2.5286,60.7984,1.6875,2.9567,51.996,1.5849,3.959,38.8315,1.3541,7.1636,21.4604,0.9328,1.1517,133.4845,3.7043,1.1781,130.4975,3.9788,1.2274,125.2528,4.3786,1.3746,111.8425,4.8665,2.1981,69.9398,1.9415,2.4491,62.7723,1.9159,3.0912,49.7322,1.7429,4.9774,30.8867,1.3427
shon1251,sna,sna_Latn,997,,1015714.0,1010485.0,Shona,Latn,Alphabet,1 byte,Atlantic-Congo,Atlantic-Congo > Volta-Congo > Benue-Congo > Bantoid > Southern Bantoid > Narrow Bantu > East Bantu > Southern Bantu > Shona (S.10) > Core Shona > Plateau Shona > Central Shona,Atlantic-Congo > Volta-Congo > Benue-Congo > Bantoid > East Bantu > Southern Bantu > Shona (S.10),1.9848,71.0532,1.9845,2.458,57.3741,1.7482,3.0657,46.001,1.5114,6.1129,23.0702,1.0033,2.6406,53.4062,1.4823,3.1365,44.9619,1.3705,4.2894,32.8776,1.1465,7.7118,18.2869,0.7949,1.1036,127.7894,3.5462,1.1258,125.2708,3.8194,1.1667,120.8786,4.2257,1.3138,107.338,4.6705,2.4014,58.7252,1.6302,2.7272,51.7111,1.5783,3.5364,39.8786,1.3976,6.1052,23.0993,1.0041
sind1272,snd,snd_Arab,997,,2500046.0,2476633.0,Sindhi (Arabic script),Arab,Abjad,2 bytes,Indo-European,Indo-European > Classical Indo-European > Indo-Iranian > Indo-Aryan > Middle-Modern Indo-Aryan > Continental Indo-Aryan > Indo-Aryan Northwestern zone > Sindhi-Lahnda > Sindhic > Sindhi-Kachchi,Indo-European > Indo-Iranian > Indo-Aryan > Middle-Modern Indo-Aryan > Continental Indo-Aryan > Indo-Aryan Northwestern zone > Sindhic,1.9347,104.1645,2.9093,2.3514,85.7041,2.6114,2.8144,71.6058,2.3527,5.4848,36.7422,1.5978,2.9469,68.3852,1.8981,3.2363,62.2698,1.898,3.7839,53.2588,1.8572,5.3487,37.677,1.6377,1.2734,158.2538,4.3917,1.4211,141.8114,4.3237,1.8068,111.5366,3.8991,2.7155,74.2126,3.2292,2.3074,87.337,2.4244,2.56,78.7192,2.4027,3.1711,63.5496,2.2272,5.4847,36.7432,1.5973
sind1272,snd,snd_Deva,997,dev only,2500046.0,2476633.0,Sindhi (Devanagari script),Deva,Abugida,3 bytes,Indo-European,Indo-European > Classical Indo-European > Indo-Iranian > Indo-Aryan > Middle-Modern Indo-Aryan > Continental Indo-Aryan > Indo-Aryan Northwestern zone > Sindhi-Lahnda > Sindhic > Sindhi-Kachchi,Indo-European > Indo-Iranian > Indo-Aryan > Middle-Modern Indo-Aryan > Continental Indo-Aryan > Indo-Aryan Northwestern zone > Sindhic,2.3924,140.2678,3.9177,2.5888,129.6279,3.9497,2.7791,120.7482,3.9674,3.6833,91.1073,3.962,3.4852,96.2849,2.6724,3.6836,91.1003,2.7768,4.1001,81.8455,2.854,4.9856,67.3089,2.9257,3.1982,104.9278,2.9118,3.3237,100.9639,3.0783,3.4922,96.0943,3.3593,4.0724,82.4022,3.5855,2.52,133.1645,3.6965,2.6447,126.8847,3.8728,2.9762,112.7533,3.9516,3.6458,92.0451,4.0013
soma1255,som,som_Latn,997,,8811562.0,8782377.0,Somali,Latn,Alphabet,1 byte,Afro-Asiatic,Afro-Asiatic > Cushitic > East Cushitic > Lowland East Cushitic > Southern Lowland East Cushitic > Mainstream Lowland East Cushitic > Omo-Tana > Eastern Omo-Tana,Afro-Asiatic > Cushitic > Omo-Tana,2.0046,71.2588,1.9903,2.435,58.664,1.7875,2.9417,48.5597,1.5955,5.3185,26.8586,1.168,2.6594,53.7151,1.4909,3.1719,45.0361,1.3727,4.3345,32.9559,1.1492,6.8222,20.9388,0.9101,1.0864,131.4845,3.6488,1.1065,129.0983,3.9361,1.1492,124.3019,4.3453,1.3004,109.8455,4.7797,2.3769,60.0983,1.6683,2.6573,53.7563,1.6407,3.3162,43.0762,1.5097,5.3059,26.9228,1.1704
sout2807,sot,sot_Latn,997,,952169.0,947711.0,Southern Sotho,Latn,Alphabet,1 byte,Atlantic-Congo,Atlantic-Congo > Volta-Congo > Benue-Congo > Bantoid > Southern Bantoid > Narrow Bantu > East Bantu > Southern Bantu > Nuclear Southern Bantu > Dimsuffix Southern Bantu > Sotho-Tswana (S.30) > Western Sotho-Tswana > Central Sotho-Tswana > Sesotho-Lozi,Atlantic-Congo > Volta-Congo > Benue-Congo > Bantoid > East Bantu > Southern Bantu > Nuclear Southern Bantu > Sotho-Tswana (S.30) > Western Sotho-Tswana > Sesotho-Lozi,1.9277,78.9268,2.2044,2.341,64.992,1.9803,2.8874,52.6921,1.7313,5.6959,26.7111,1.1616,2.7014,56.32,1.5632,3.1234,48.7111,1.4848,3.9986,38.0491,1.3268,6.3359,24.013,1.0438,1.1103,137.0241,3.8025,1.1359,133.9458,4.0839,1.1885,128.01,4.475,1.3563,112.1785,4.8812,2.2816,66.6841,1.8511,2.5731,59.1284,1.8047,3.3072,46.003,1.6122,5.6691,26.8375,1.1666
amer1254,spa,spa_Latn,997,,8721329091.0,8661896197.0,Spanish (Latin American),Latn,Alphabet,1 byte,Indo-European,Indo-European > Classical Indo-European > Italic > Latino-Faliscan > Latinic > Imperial Latin > Romance > Italo-Western Romance > Western Romance > Shifted Western Romance > Southwestern Shifted Romance > West Ibero-Romance > Castilic > Spanish,Indo-European > Italic > Italo-Western Romance > Western Romance > Shifted Western Romance > Southwestern Shifted Romance > West Ibero-Romance > Castilic,2.7706,55.0552,1.5377,3.1367,48.6289,1.4817,3.5536,42.9248,1.4104,5.1454,29.6449,1.2892,3.1794,47.9759,1.3316,3.5394,43.0963,1.3136,4.148,36.7733,1.2823,5.2459,29.0772,1.2639,2.4764,61.5948,1.7093,2.728,55.9147,1.7048,3.1469,48.4714,1.6945,4.1183,37.0381,1.6116,2.9135,52.3551,1.4533,3.2374,47.1174,1.4381,3.914,38.9719,1.3658,5.1435,29.656,1.2892
sard1257,srd,srd_Latn,997,[1],,,Sardinian,Latn,Alphabet,1 byte,Indo-European,Indo-European > Classical Indo-European > Italic > Latino-Faliscan > Latinic > Imperial Latin > Romance,Indo-European > Italic,2.1234,70.9629,1.982,2.5805,58.3952,1.7793,3.1174,48.337,1.5882,5.231,28.8064,1.2527,2.8764,52.3862,1.454,3.3098,45.5276,1.3877,4.1328,36.4614,1.2715,5.9292,25.4142,1.1047,1.2637,119.2457,3.3092,1.3318,113.1474,3.4498,1.4597,103.2337,3.6088,1.8314,82.2788,3.5802,2.5141,59.9358,1.6638,2.816,53.5115,1.6333,3.5141,42.8806,1.5028,5.2306,28.8084,1.2523
serb1264,srp,srp_Cyrl,997,,428606923.0,426190099.0,Serbian,Cyrl,Alphabet,2 bytes,Indo-European,Indo-European > Classical Indo-European > Balto-Slavic > Slavic > South Slavic > Western South Slavic > Serbian-Croatian-Bosnian > Shtokavski > New Shtokavian > Eastern Herzegovinian Shtokavian,Indo-European > Balto-Slavic > Slavic > South Slavic > Western South Slavic > Serbian-Croatian-Bosnian,2.172,104.5657,2.9206,2.5235,90.002,2.7423,3.0248,75.0853,2.467,5.7415,39.5567,1.7202,3.6404,62.3872,1.7316,4.13,54.992,1.6762,4.9825,45.5827,1.5895,6.6103,34.3581,1.4934,3.5582,63.8285,1.7713,4.2278,53.7192,1.6379,5.3505,42.4473,1.4839,7.601,29.8796,1.3001,2.3891,95.0652,2.6389,2.7033,84.015,2.5643,3.4998,64.8937,2.2743,5.7456,39.5286,1.7183
swat1243,ssw,ssw_Latn,997,,76074.0,74395.0,Swati,Latn,Alphabet,1 byte,Atlantic-Congo,Atlantic-Congo > Volta-Congo > Benue-Congo > Bantoid > Southern Bantoid > Narrow Bantu > East Bantu > Southern Bantu > Nuclear Southern Bantu > Dimsuffix Southern Bantu > Nguni-Tsonga-Copi > Nguni (S.40) > Nuclear Nguni > Southern Ndebele-Lowland > Swatic,Atlantic-Congo > Volta-Congo > Benue-Congo > Bantoid > East Bantu > Southern Bantu > Nuclear Southern Bantu > Nguni-Tsonga-Copi > Nguni (S.40) > Swatic,2.0079,70.3581,1.9651,2.4764,57.0461,1.7382,3.0844,45.8024,1.5049,6.2641,22.5527,0.9808,2.6601,53.1083,1.474,3.1556,44.7683,1.3646,4.3378,32.5677,1.1357,7.9805,17.7021,0.7695,1.091,129.4935,3.5935,1.1123,127.013,3.8725,1.1566,122.1444,4.2699,1.3076,108.0351,4.7009,2.4115,58.5817,1.6262,2.736,51.6339,1.576,3.5704,39.5677,1.3867,6.2607,22.5647,0.9809
sund1252,sun,sun_Latn,997,,2136693.0,2127295.0,Sundanese,Latn,Alphabet,1 byte,Austronesian,Austronesian > Malayo-Polynesian,Austronesian,2.0536,64.6229,1.8049,2.4143,54.9699,1.6749,2.8445,46.656,1.533,4.8941,27.1163,1.1792,2.6897,49.341,1.3695,3.1361,42.317,1.2899,4.1676,31.8435,1.1104,6.6805,19.8656,0.8635,1.1749,112.9549,3.1346,1.2136,109.3531,3.3341,1.297,102.322,3.577,1.5603,85.0572,3.7011,2.3593,56.2497,1.5614,2.6004,51.0341,1.5577,3.1531,42.0893,1.4751,4.8871,27.1555,1.1805
swed1254,swe,swe_Latn,997,,1409838855.0,1398770001.0,Swedish,Latn,Alphabet,1 byte,Indo-European,Indo-European > Classical Indo-European > Germanic > Northwest Germanic > North Germanic > North Scandinavian > East-Central Swedic > East Swedic,Indo-European > Germanic > North Germanic > North Scandinavian,2.494,52.9358,1.4785,2.8938,45.6219,1.3901,3.3222,39.7392,1.3057,4.5924,28.7472,1.2502,2.9596,44.6078,1.2381,3.3839,39.014,1.1892,4.1318,31.9519,1.1142,5.5477,23.7974,1.0344,1.7459,75.6189,2.0985,1.8835,70.0913,2.137,2.1276,62.0502,2.1691,2.7714,47.6359,2.0728,2.7701,47.659,1.323,3.0493,43.2959,1.3215,3.5973,36.7001,1.2862,4.5886,28.7713,1.2507
swah1253,swh,swh_Latn,997,,16167752.0,16103776.0,Swahili,Latn,Alphabet,1 byte,Atlantic-Congo,Atlantic-Congo > Volta-Congo > Benue-Congo > Bantoid > Southern Bantoid > Narrow Bantu > East Bantu > Northeast Savanna Bantu > Northeast Coastal Bantu > Coastal NEC Bantu > Sabaki-Swahili > Swahili (G.40) > Mombasa-Lamu-Inland Swahili,Atlantic-Congo > Volta-Congo > Benue-Congo > Bantoid > East Bantu > Northeast Savanna Bantu > Northeast Coastal Bantu,1.9203,68.8666,1.9235,2.2304,59.2919,1.8066,2.6457,49.984,1.6423,4.8639,27.1886,1.1824,2.6619,49.68,1.3789,3.0888,42.8134,1.305,4.0288,32.8245,1.1446,6.6588,19.8596,0.8632,1.113,118.8144,3.2972,1.1387,116.1304,3.5407,1.1892,111.2016,3.8874,1.3876,95.3009,4.1468,2.1868,60.4734,1.6787,2.4034,55.0221,1.6794,2.9622,44.6429,1.5646,4.8481,27.2768,1.1857
sile1253,szl,szl_Latn,997,,,,Silesian,Latn,Alphabet,1 byte,Indo-European,Indo-European > Classical Indo-European > Balto-Slavic > Slavic > West Slavic > Lechitic > Polish-Silesian,Indo-European > Balto-Slavic > Slavic > West Slavic > Lechitic,2.169,63.9609,1.7864,2.6227,52.8957,1.6117,3.1129,44.5657,1.4643,4.739,29.2738,1.2731,2.7889,49.7432,1.3806,3.2521,42.658,1.3003,4.148,33.4443,1.1662,6.2124,22.331,0.9707,1.3218,104.9549,2.9126,1.3881,99.9378,3.047,1.5036,92.2628,3.2253,1.8182,76.2979,3.3199,2.5463,54.4814,1.5124,2.8332,48.9649,1.4945,3.422,40.5396,1.4208,4.7264,29.3521,1.276
tami1289,tam,tam_Taml,997,,85165919.0,84823478.0,Tamil,Taml,Abugida,3 bytes,Dravidian,Dravidian > South Dravidian > South Dravidian I > Tamil-Kannada > Tamil-Kota > Tamil-Toda > Tamil-Irula > Tamil-Kodagu > Tamil-Malayalam > Tamiloid > Tamil-Paliyan,Dravidian > South Dravidian I > Tamil-Kota > Tamiloid,2.0959,190.8516,5.3305,2.3129,172.9428,5.2695,2.7391,146.0351,4.7982,4.261,93.8746,4.0824,3.8141,104.8756,2.9109,4.0589,98.5486,3.0039,4.3462,92.0341,3.2093,4.8178,83.0251,3.6088,3.5169,113.7382,3.1563,3.8483,103.9428,3.1691,4.1853,95.5737,3.3411,4.6545,85.9388,3.7394,2.1855,183.0261,5.0807,2.4398,163.9478,5.004,3.1349,127.5948,4.4717,4.2616,93.8616,4.0802
tama1365,taq,taq_Latn,997,,,,Tamasheq (Latin script),Latn,Alphabet,1 byte,Afro-Asiatic,Afro-Asiatic > Berber > Tuareg > Southern Tuareg,Afro-Asiatic > Berber > Tuareg,2.0988,60.8816,1.7004,2.6194,48.7813,1.4864,3.2032,39.8907,1.3107,5.4856,23.2929,1.013,2.6231,48.7121,1.352,3.1358,40.7482,1.242,4.2257,30.2377,1.0544,7.0042,18.2427,0.793,1.1026,115.8847,3.2159,1.1195,114.1384,3.48,1.1494,111.1715,3.8863,1.2185,104.8596,4.5627,2.5515,50.0782,1.3901,2.8736,44.4654,1.3572,3.6062,35.4323,1.2418,5.4612,23.3972,1.0171
tama1365,taq,taq_Tfng,997,,,,Tamasheq (Tifinagh script),Tfng,Alphabet,2 bytes,Afro-Asiatic,Afro-Asiatic > Berber > Tuareg > Southern Tuareg,Afro-Asiatic > Berber > Tuareg,2.2591,128.1394,3.579,2.5826,112.0893,3.4153,2.887,100.2708,3.2946,3.4286,84.4293,3.6716,3.1425,92.1174,2.5567,3.2631,88.7121,2.704,3.467,83.4945,2.9115,3.9591,73.1174,3.1782,1.9916,145.347,4.0335,2.2134,130.7834,3.9875,2.5192,114.9067,4.0169,2.9351,98.6269,4.2915,2.5254,114.6259,3.1819,2.7129,106.7041,3.2568,3.0233,95.7482,3.3556,3.3922,85.337,3.7097
tata1255,tat,tat_Cyrl,997,,13992169.0,13955010.0,Tatar,Cyrl,Alphabet,2 bytes,Turkic,Turkic > Common Turkic > Kipchak-Turkestan > Kipchak > Northwest Kipchak > North Kipchak > Bashkiric,Turkic > Common Turkic > Kipchak-Turkestan > Kipchak > Northwest Kipchak > North Kipchak,1.9726,118.5517,3.3112,2.363,98.9659,3.0155,2.8939,80.8084,2.6551,5.7576,40.6158,1.7663,2.9393,79.5607,2.2082,3.3432,69.9478,2.1321,4.1094,56.9067,1.9844,6.2988,37.1264,1.6138,1.408,166.0853,4.609,1.5469,151.1745,4.6092,1.8121,129.0491,4.5113,2.6271,89.016,3.8733,2.3102,101.2247,2.8099,2.5928,90.1926,2.7529,3.3244,70.343,2.4653,5.7581,40.6128,1.7655
telu1262,tel,tel_Telu,997,,34841942.0,34709401.0,Telugu,Telu,Abugida,3 bytes,Dravidian,Dravidian > South Dravidian > South Dravidian II > Teluguic,Dravidian > South Dravidian II,2.1048,161.4554,4.5095,2.255,150.7001,4.5918,2.5572,132.8917,4.3664,3.6066,94.2267,4.0977,3.4046,99.8154,2.7704,3.606,94.2427,2.8726,3.973,85.5366,2.9828,4.8478,70.1013,3.0471,3.0121,112.8235,3.1309,3.1671,107.3029,3.2716,3.3607,101.1194,3.5349,3.8406,88.4845,3.8502,2.1874,155.3581,4.3126,2.3567,144.1996,4.4013,2.7994,121.3962,4.2545,3.5746,95.0702,4.1328
taji1245,tgk,tgk_Cyrl,997,,10533180.0,10506081.0,Tajik,Cyrl,Alphabet,2 bytes,Indo-European,Indo-European > Classical Indo-European > Indo-Iranian > Iranian-Nuristani > Iranian > Southwestern Iranian > Middle-Modern Persian > Modern Southwestern Iranian > Farsic-Caucasian Tat > Farsic > Eastern Farsic > Tajikic,Indo-European > Indo-Iranian > Iranian-Nuristani > Southwestern Iranian > Eastern Farsic > Tajikic,1.9565,130.0261,3.6317,2.3283,109.2628,3.3292,2.8319,89.8345,2.9517,5.5695,45.677,1.9864,3.1269,81.3581,2.2581,3.5349,71.9679,2.1936,4.2377,60.0321,2.0934,6.0341,42.1605,1.8326,1.4705,173.006,4.801,1.6385,155.2648,4.7339,1.9767,128.7001,4.4991,3.0935,82.2357,3.5783,2.2823,111.4654,3.0942,2.5514,99.7091,3.0433,3.2348,78.6449,2.7562,5.5716,45.66,1.9849
thai1261,tha,tha_Thai,997,,745804664.0,741927782.0,Thai,Thai,Abugida,3 bytes,Tai-Kadai,Tai-Kadai > Kam-Tai > Daic-Beic > Daic > Central-Southwestern Tai > Wenma-Southwestern Tai > Sapa-Southwestern Tai > Southwestern Tai > Southwestern Thai PH > Lao-Thai,Tai-Kadai > Southwestern Thai PH,2.5328,137.2166,3.8325,2.704,128.5296,3.9163,2.9374,118.318,3.8875,3.3326,104.2859,4.5352,3.3248,104.5306,2.9013,3.4496,100.7503,3.071,3.7058,93.7834,3.2703,4.3782,79.3811,3.4505,3.0986,112.1615,3.1126,3.1846,109.1344,3.3274,3.3002,105.3089,3.6814,3.6035,96.4463,4.1966,2.4693,140.7452,3.907,2.7452,126.6008,3.8641,3.0771,112.9468,3.9584,3.3114,104.9539,4.5624
tigr1271,tir,tir_Ethi,997,,1422770.0,1408041.0,Tigrinya,Ethi,Abugida,3 bytes,Afro-Asiatic,Afro-Asiatic > Semitic > West Semitic > Ethiosemitic,Afro-Asiatic > Semitic > Ethiosemitic,1.6305,135.5386,3.7856,1.6593,133.1916,4.0583,1.6916,130.6469,4.2926,1.9463,113.5517,4.9381,3.1649,69.8295,1.9381,3.2718,67.5476,2.0589,3.4419,64.2086,2.239,3.9265,56.2849,2.4465,1.584,139.5216,3.8718,1.6179,136.5938,4.1646,1.6699,132.347,4.6266,2.0711,106.7071,4.6431,1.6516,133.8084,3.7144,1.6697,132.3591,4.0399,1.7193,128.5426,4.505,1.9465,113.5366,4.9355
tokp1240,tpi,tpi_Latn,997,,,,Tok Pisin,Latn,Alphabet,1 byte,Indo-European,Indo-European > Classical Indo-European > Germanic > Northwest Germanic > West Germanic > North Sea Germanic > Anglo-Frisian > Anglic > Later Anglic > Middle-Modern English > Macro-English > Pacific Creole English > Early Melanesian Pidgin,Indo-European > Germanic > West Germanic > North Sea Germanic > Pacific Creole English,2.1335,75.3601,2.1048,2.5123,63.998,1.95,2.9654,54.2207,1.7815,4.9083,32.7573,1.4245,2.6805,59.9829,1.6648,3.0986,51.8887,1.5816,3.9464,40.7422,1.4207,5.9413,27.0622,1.1763,1.2567,127.9448,3.5506,1.3,123.679,3.7709,1.3762,116.8305,4.0842,1.6088,99.9408,4.3487,2.4427,65.8215,1.8272,2.7075,59.3842,1.8125,3.295,48.7964,1.7101,4.9049,32.7803,1.425
tswa1253,tsn,tsn_Latn,997,,386856.0,383554.0,Tswana,Latn,Alphabet,1 byte,Atlantic-Congo,Atlantic-Congo > Volta-Congo > Benue-Congo > Bantoid > Southern Bantoid > Narrow Bantu > East Bantu > Southern Bantu > Nuclear Southern Bantu > Dimsuffix Southern Bantu > Sotho-Tswana (S.30) > Western Sotho-Tswana > Central Sotho-Tswana,Atlantic-Congo > Volta-Congo > Benue-Congo > Bantoid > East Bantu > Southern Bantu > Nuclear Southern Bantu > Sotho-Tswana (S.30) > Western Sotho-Tswana,1.9243,82.3521,2.3001,2.3663,66.9679,2.0405,2.9588,53.5587,1.7598,6.048,26.2016,1.1394,2.7442,57.7462,1.6028,3.1649,50.0712,1.5262,3.9855,39.7613,1.3865,6.362,24.9087,1.0827,1.1056,143.333,3.9776,1.1295,140.3009,4.2777,1.1747,134.8967,4.7157,1.3263,119.4804,5.1989,2.3092,68.6259,1.905,2.6206,60.4704,1.8457,3.4164,46.3852,1.6256,6.0335,26.2648,1.1417
tson1249,tso,tso_Latn,997,,127912.0,127165.0,Tsonga,Latn,Alphabet,1 byte,Atlantic-Congo,Atlantic-Congo > Volta-Congo > Benue-Congo > Bantoid > Southern Bantoid > Narrow Bantu > East Bantu > Southern Bantu > Nuclear Southern Bantu > Dimsuffix Southern Bantu > Nguni-Tsonga-Copi > Tsonga-Copi > Tswa-Ronga (S.50) > Tsongan,Atlantic-Congo > Volta-Congo > Benue-Congo > Bantoid > East Bantu > Southern Bantu > Nuclear Southern Bantu > Nguni-Tsonga-Copi > Tsonga-Copi,1.9351,78.3561,2.1885,2.3265,65.1745,1.9858,2.8459,53.2778,1.7505,5.4715,27.7121,1.2051,2.6678,56.8355,1.5775,3.0828,49.1846,1.4992,3.9581,38.3079,1.3358,6.3611,23.8365,1.0361,1.116,135.8696,3.7705,1.143,132.661,4.0447,1.1957,126.8044,4.4328,1.3817,109.7362,4.7749,2.2682,66.8495,1.8557,2.5463,59.5476,1.8175,3.2357,46.8606,1.6423,5.4468,27.8375,1.2101
turk1304,tuk,tuk_Latn,997,,3821690.0,3808159.0,Turkmen,Latn,Alphabet,1 byte,Turkic,Turkic > Common Turkic > Oghuz > Nuclear Oghuz > East Oghuz,Turkic > Common Turkic > Oghuz > East Oghuz,2.0126,72.9609,2.0378,2.6268,55.8997,1.7032,3.2892,44.6429,1.4668,6.3007,23.3049,1.0135,2.6951,54.4835,1.5122,3.3583,43.7232,1.3327,4.9465,29.6851,1.0352,8.19,17.9288,0.7793,1.0927,134.3831,3.7292,1.1099,132.2999,4.0337,1.1408,128.7131,4.4995,1.2382,118.5928,5.1603,2.5568,57.4313,1.5942,2.9352,50.0271,1.5269,3.7653,38.998,1.3667,6.2812,23.3771,1.0162
tumb1250,tum,tum_Latn,997,,,,Tumbuka,Latn,Alphabet,1 byte,Atlantic-Congo,Atlantic-Congo > Volta-Congo > Benue-Congo > Bantoid > Southern Bantoid > Narrow Bantu > East Bantu > Tumbuka-Sena-Nyanja > Tumbukic,Atlantic-Congo > Volta-Congo > Benue-Congo > Bantoid > East Bantu > Tumbuka-Sena-Nyanja > Tumbukic,1.9595,84.7392,2.3668,2.3646,70.2217,2.1396,2.9142,56.9799,1.8722,5.8459,28.4042,1.2352,2.7111,61.2477,1.7,3.1715,52.3561,1.5959,4.1645,39.8726,1.3904,7.0381,23.5928,1.0255,1.1289,147.0943,4.082,1.1552,143.7442,4.3827,1.2059,137.6921,4.8134,1.3818,120.1645,5.2287,2.3075,71.9609,1.9976,2.5994,63.8786,1.9497,3.3525,49.5296,1.7358,5.8405,28.4303,1.2359
nucl1301,tur,tur_Latn,997,,1975738495.0,1964050769.0,Turkish,Latn,Alphabet,1 byte,Turkic,Turkic > Common Turkic > Oghuz > Nuclear Oghuz > West Oghuz,Turkic > Common Turkic > Oghuz > West Oghuz,2.065,67.992,1.899,2.427,57.8485,1.7626,2.7871,50.3751,1.6552,4.1966,33.4554,1.4549,2.7198,51.6219,1.4328,3.2281,43.4935,1.3257,4.4028,31.8887,1.112,7.2675,19.319,0.8397,1.2904,108.8054,3.0194,1.3392,104.8385,3.1965,1.4303,98.1595,3.4315,1.7253,81.3781,3.541,2.3699,59.2427,1.6445,2.5822,54.3721,1.6595,3.0375,46.2217,1.6199,4.1861,33.5396,1.458
akua1239,twi,twi_Latn_akua1239,997,,,,Akuapem Twi,Latn,Alphabet,1 byte,Atlantic-Congo,Atlantic-Congo > Volta-Congo > Kwa Volta-Congo > Nyo > Potou-Tano > Tano > Central Tano > Akanic > Akan > Twi,Atlantic-Congo > Volta-Congo > Kwa Volta-Congo > Nyo,2.0384,65.1825,1.8206,2.644,50.2528,1.5312,3.4198,38.8526,1.2766,6.7506,19.682,0.8559,2.5353,52.4072,1.4546,2.9878,44.4694,1.3555,3.9844,33.347,1.1628,7.4349,17.8706,0.7768,1.0971,121.1023,3.3607,1.1146,119.2056,3.6345,1.142,116.349,4.0673,1.2136,109.4855,4.764,2.565,51.8004,1.4379,2.9852,44.5085,1.3585,3.9821,33.3661,1.1694,6.7407,19.7111,0.8569
asan1239,twi,twi_Latn_asan1239,997,,,,Asante Twi,Latn,Alphabet,1 byte,Atlantic-Congo,Atlantic-Congo > Volta-Congo > Kwa Volta-Congo > Nyo > Potou-Tano > Tano > Central Tano > Akanic > Akan > Twi,Atlantic-Congo > Volta-Congo > Kwa Volta-Congo > Nyo,2.0296,67.8656,1.8955,2.6086,52.8024,1.6089,3.3527,41.0832,1.3499,6.4997,21.1916,0.9216,2.5146,54.7743,1.5203,2.9686,46.3982,1.4143,3.965,34.7382,1.2114,7.4062,18.5978,0.8084,1.1033,124.8365,3.4643,1.1195,123.0351,3.7513,1.146,120.1876,4.2015,1.2127,113.5838,4.9423,2.5267,54.5125,1.5132,2.9317,46.9819,1.434,3.8971,35.344,1.2387,6.4776,21.2638,0.9244
tuvi1240,tyv,tyv_Cyrl,997,,,,Tuvan,Cyrl,Alphabet,2 bytes,Turkic,Turkic > Common Turkic > South Siberian Turkic > Sayan-Yenisei Turkic > Sayan,Turkic > Common Turkic > South Siberian Turkic > Sayan,2.0003,132.6158,3.704,2.3209,114.2989,3.4827,2.7372,96.9147,3.1843,4.9901,53.1605,2.3118,2.9417,90.1765,2.5029,3.3014,80.3521,2.4492,3.9256,67.5757,2.3564,5.7259,46.329,2.0138,1.5808,167.8144,4.657,1.7551,151.1464,4.6083,2.0942,126.669,4.4281,3.0775,86.1986,3.7507,2.2765,116.5286,3.2347,2.5003,106.0953,3.2382,3.0691,86.4353,3.0292,4.9921,53.1394,2.31
uigh1240,uig,uig_Arab,997,,2481026.0,2473081.0,Uyghur,Arab,Abjad,2 bytes,Turkic,Turkic > Common Turkic > Kipchak-Turkestan > Turkestan > Modern Turkestan > Uyghuric,Turkic > Common Turkic > Kipchak-Turkestan > Turkestan > Uyghuric,2.0039,124.1936,3.4688,2.6212,94.9468,2.893,3.5557,69.993,2.2997,10.6518,23.3641,1.0161,3.0657,81.1795,2.2532,3.4894,71.321,2.1739,4.2244,58.9127,2.0544,6.3318,39.3049,1.7085,1.1431,217.7232,6.042,1.2151,204.8205,6.2448,1.3845,179.7563,6.2839,2.2282,111.6931,4.86,2.5439,97.8305,2.7157,3.0069,82.7673,2.5262,4.4256,56.2347,1.9708,10.6327,23.4062,1.0175
ukra1253,ukr,ukr_Cyrl,997,,911455063.0,899679131.0,Ukrainian,Cyrl,Alphabet,2 bytes,Indo-European,Indo-European > Classical Indo-European > Balto-Slavic > Slavic > East Slavic > Ukrainian-Rusyn,Indo-European > Balto-Slavic > Slavic > East Slavic > Ukrainian-Rusyn,2.3536,100.3531,2.8029,2.7572,85.661,2.6101,3.3344,70.8335,2.3273,6.7802,34.8345,1.5149,3.8154,61.9027,1.7181,4.3333,54.5055,1.6614,5.2008,45.4132,1.5836,6.7863,34.8034,1.5128,4.2729,55.2748,1.5339,5.0723,46.5637,1.4197,6.2561,37.7533,1.3198,8.4135,28.0722,1.2215,2.5633,92.1414,2.5578,2.9446,80.2106,2.4482,3.9029,60.5155,2.1209,6.7849,34.8104,1.5132
umbu1257,umb,umb_Latn,997,,,,Umbundu,Latn,Alphabet,1 byte,Atlantic-Congo,Atlantic-Congo > Volta-Congo > Benue-Congo > Bantoid > Southern Bantoid > Narrow Bantu > Central-Western Bantu > Njila > Southern Njila > Kunene,Atlantic-Congo > Volta-Congo > Benue-Congo > Bantoid > Central-Western Bantu > Njila > Southern Njila > Kunene,1.9948,65.4965,1.8293,2.408,54.2588,1.6532,2.9507,44.2788,1.4549,5.6935,22.9478,0.9979,2.6634,49.0562,1.3616,3.19,40.9579,1.2484,4.436,29.4534,1.0271,7.5187,17.3771,0.7553,1.117,116.9699,3.246,1.1391,114.7011,3.4972,1.1814,110.5938,3.8661,1.3116,99.6108,4.3343,2.3523,55.5436,1.5418,2.645,49.3962,1.5077,3.3891,38.5517,1.3511,5.6848,22.9829,0.9991
urdu1245,urd,urd_Arab,997,,52677605.0,52410770.0,Urdu,Arab,Abjad,2 bytes,Indo-European,Indo-European > Classical Indo-European > Indo-Iranian > Indo-Aryan > Middle-Modern Indo-Aryan > Continental Indo-Aryan > Midlands Indo-Aryan > Shaurasenic > Indo-Aryan Central zone > Western Hindi > Hindustani,Indo-European > Indo-Iranian > Indo-Aryan > Middle-Modern Indo-Aryan > Continental Indo-Aryan > Midlands Indo-Aryan > Shaurasenic > Indo-Aryan Central zone,1.9317,115.2568,3.2192,2.6118,85.2437,2.5973,3.5917,61.986,2.0366,9.653,23.0642,1.003,3.3208,67.0441,1.8608,4.0268,55.2889,1.6853,5.0212,44.34,1.5462,6.9104,32.2177,1.4004,1.2669,175.7402,4.8769,1.397,159.3671,4.859,1.7308,128.6349,4.4968,3.6314,61.3099,2.6677,2.5287,88.0431,2.444,3.0311,73.4514,2.2419,4.4542,49.984,1.7518,9.6546,23.0602,1.0024
nort2690,uzn,uzn_Latn,997,,36822402.0,36635418.0,Northern Uzbek,Latn,Alphabet,1 byte,Turkic,Turkic > Common Turkic > Kipchak-Turkestan > Turkestan > Modern Turkestan > Uzbek,Turkic > Common Turkic > Kipchak-Turkestan > Turkestan > Uzbek,2.0335,70.0331,1.956,2.5289,56.3159,1.7159,3.0715,46.3671,1.5235,5.68,25.0732,1.0904,2.7129,52.4955,1.457,3.2589,43.7001,1.332,4.5543,31.2708,1.0904,7.6929,18.5125,0.8047,1.0816,131.674,3.654,1.0987,129.6179,3.952,1.1348,125.5035,4.3873,1.2657,112.5165,4.8959,2.4669,57.7312,1.6026,2.7768,51.2879,1.5654,3.4592,41.1695,1.4428,5.6639,25.1444,1.093
sout2699,uzs,uzs_Arab,997,dev only,36822402.0,36635418.0,Southern Uzbek,Arab,Abjad,2 bytes,Turkic,Turkic > Common Turkic > Kipchak-Turkestan > Turkestan > Modern Turkestan > Uzbek,Turkic > Common Turkic > Kipchak-Turkestan > Turkestan > Uzbek,1.9871,120.6449,3.3696,2.6828,89.3571,2.7227,3.5845,66.8796,2.1974,7.719,31.0572,1.3506,2.8045,85.4794,2.3725,3.5717,67.1184,2.0458,5.0977,47.0271,1.6399,8.2055,29.2156,1.2699,1.268,189.0572,5.2465,1.3735,174.5336,5.3214,1.5964,150.1705,5.2497,2.8563,83.9288,3.652,2.5877,92.6409,2.5716,3.0795,77.8455,2.376,4.2976,55.7823,1.955,7.722,31.0451,1.3496
vene1259,vec,vec_Latn,997,,,,Venetian,Latn,Alphabet,1 byte,Indo-European,Indo-European > Classical Indo-European > Italic > Latino-Faliscan > Latinic > Imperial Latin > Romance > Italo-Western Romance > Italo-Dalmatian > Dalmatian Romance > Venetian,Indo-European > Italic > Italo-Western Romance > Italo-Dalmatian > Dalmatian Romance,2.1423,61.8756,1.7282,2.5479,52.0261,1.5852,3.0066,44.0893,1.4486,4.7862,27.6961,1.2044,2.8949,45.7904,1.2709,3.3024,40.1394,1.2235,4.0576,32.669,1.1392,5.6411,23.4985,1.0214,1.3378,99.0883,2.7498,1.4171,93.5426,2.852,1.5619,84.8706,2.9669,1.9667,67.4022,2.9328,2.4775,53.5045,1.4852,2.7393,48.3912,1.477,3.3367,39.7272,1.3923,4.7855,27.7001,1.2041
viet1252,vie,vie_Latn,997,,1815676717.0,1803286122.0,Vietnamese,Latn,Alphabet,1 byte,Austroasiatic,Austroasiatic > Vietic > Viet-Muong,Austroasiatic > Vietic,2.8496,61.5326,1.7186,3.1956,54.8706,1.6719,3.5442,49.4744,1.6256,4.6602,37.6259,1.6363,3.2062,54.6891,1.5179,3.6221,48.4092,1.4756,4.361,40.2076,1.4021,5.5721,31.4684,1.3678,2.4864,70.5206,1.957,2.7485,63.7974,1.9451,3.2377,54.1565,1.8932,4.4308,39.5737,1.722,2.9771,58.8987,1.635,3.2863,53.3561,1.6285,3.8,46.1434,1.6172,4.656,37.66,1.6371
cent2033,vmw,vmw_Latn,997,,,,Emakhuwa (Central),Latn,Alphabet,1 byte,Atlantic-Congo,Atlantic-Congo > Volta-Congo > Benue-Congo > Bantoid > Southern Bantoid > Narrow Bantu > East Bantu > North Mozambique Bantu > Makua-Lomwe > Makhuwa,Atlantic-Congo > Volta-Congo > Benue-Congo > Bantoid > East Bantu > North Mozambique Bantu,1.9592,75.7202,2.1149,2.3603,62.8506,1.915,2.9137,50.9137,1.6729,6.1488,24.1264,1.0492,2.5566,58.0261,1.6105,3.02,49.1224,1.4973,4.2359,35.0221,1.2213,8.1625,18.1745,0.79,1.0817,137.1384,3.8057,1.1026,134.5466,4.1022,1.1444,129.6339,4.5317,1.2786,116.0231,5.0485,2.3109,64.1956,1.782,2.5994,57.0712,1.7419,3.3869,43.8004,1.535,6.1435,24.1474,1.0497
wara1300,war,war_Latn,997,,5160491.0,5140938.0,Waray,Latn,Alphabet,1 byte,Austronesian,Austronesian > Malayo-Polynesian > Greater Central Philippine > Central Philippine > Bisayan > Central Bisayan > Warayan > Samar-Waray,Austronesian > Greater Central Philippine > Bisayan > Central Bisayan,2.0846,75.2598,2.102,2.3708,66.1745,2.0163,2.7068,57.9609,1.9044,4.3079,36.4193,1.5838,2.5615,61.2487,1.7,2.8851,54.3801,1.6576,3.5684,43.9669,1.5332,5.8571,26.7864,1.1643,1.2653,123.995,3.441,1.3367,117.3681,3.5785,1.4753,106.343,3.7175,1.8012,87.1043,3.7901,2.3254,67.4684,1.8729,2.5164,62.348,1.903,2.9557,53.0812,1.8603,4.2966,36.5145,1.5873
nucl1347,wol,wol_Latn,997,,301486.0,299205.0,Wolof,Latn,Alphabet,1 byte,Atlantic-Congo,Atlantic-Congo > North-Central Atlantic > Wolof-BKK > Wolofic,Atlantic-Congo > North-Central Atlantic > Wolof-BKK,2.012,62.1093,1.7347,2.4053,51.9539,1.583,2.8736,43.4875,1.4289,5.3659,23.2889,1.0128,2.7491,45.4564,1.2617,3.2353,38.6249,1.1773,4.1971,29.7743,1.0383,5.8991,21.1836,0.9208,1.0949,114.1364,3.1674,1.1125,112.326,3.4247,1.1447,109.1685,3.8163,1.2489,100.0592,4.3538,2.3472,53.2397,1.4779,2.6066,47.9408,1.4632,3.2401,38.5677,1.3517,5.3566,23.329,1.0141
suhu1238,wuu,wuu_Hans,997,dev only,,,Wu Chinese,Hans,Logographic,3 bytes,Sino-Tibetan,Sino-Tibetan > Sinitic > Classical-Middle-Modern Sinitic > Middle-Modern Sinitic > Wu-Hui Chinese > Wuic > Wu Chinese > Taihu,Sino-Tibetan > Sinitic > Wu-Hui Chinese,2.0462,57.5697,1.6079,2.2672,51.9589,1.5832,2.4844,47.4152,1.5579,3.4317,34.327,1.4928,2.9955,39.325,1.0915,3.4013,34.6339,1.0557,4.1041,28.7031,1.0009,5.5391,21.2668,0.9244,1.2778,92.1876,2.5583,1.3249,88.9147,2.7109,1.4143,83.2939,2.9118,1.7585,66.99,2.9149,2.2085,53.34,1.4807,2.3482,50.1665,1.5312,2.6421,44.5858,1.5626,3.4184,34.4604,1.498
xhos1239,xho,xho_Latn,997,,2214453.0,2207154.0,Xhosa,Latn,Alphabet,1 byte,Atlantic-Congo,Atlantic-Congo > Volta-Congo > Benue-Congo > Bantoid > Southern Bantoid > Narrow Bantu > East Bantu > Southern Bantu > Nuclear Southern Bantu > Dimsuffix Southern Bantu > Nguni-Tsonga-Copi > Nguni (S.40) > Nuclear Nguni > Southern Ndebele-Lowland,Atlantic-Congo > Volta-Congo > Benue-Congo > Bantoid > East Bantu > Southern Bantu > Nuclear Southern Bantu > Nguni-Tsonga-Copi > Nguni (S.40),2.0505,65.4975,1.8294,2.5014,53.6911,1.636,3.0903,43.4604,1.428,6.1649,21.7854,0.9474,2.6377,50.9178,1.4132,3.1284,42.9308,1.3086,4.2842,31.349,1.0932,7.8535,17.1013,0.7433,1.0938,122.7834,3.4073,1.1137,120.5928,3.6768,1.1487,116.9198,4.0873,1.2763,105.2287,4.5788,2.4408,55.0261,1.5275,2.7532,48.7813,1.4889,3.5578,37.7492,1.323,6.1462,21.8516,0.9499
east2295,ydd,ydd_Hebr,997,,,,Eastern Yiddish,Hebr,Abjad,2 bytes,Indo-European,Indo-European > Classical Indo-European > Germanic > Northwest Germanic > West Germanic > High German > Middle German > East Middle German > Schlesisch-Wilmesau,Indo-European > Germanic > West Germanic > High German > Middle German > East Middle German,2.0885,117.1715,3.2726,2.1261,115.1013,3.5071,2.1648,113.0451,3.7143,2.2589,108.334,4.7112,2.2826,107.2116,2.9757,2.3276,105.1364,3.2047,2.4714,99.0191,3.4529,3.51,69.7202,3.0305,1.9698,124.2357,3.4476,2.0887,117.1615,3.5722,2.179,112.3079,3.9261,2.2434,109.0832,4.7465,2.1146,115.7262,3.2125,2.1431,114.1876,3.4852,2.1853,111.984,3.9246,2.2589,108.335,4.7094
yoru1245,yor,yor_Latn,997,,1746642.0,1741768.0,Yoruba,Latn,Alphabet,1 byte,Atlantic-Congo,Atlantic-Congo > Volta-Congo > Benue-Congo > Defoid > Yoruboid > Edekiri > Ede > Eastern Ede > Southeastern Ede > Nuclear Yoruba > Lucumi-Yoruba,Atlantic-Congo > Volta-Congo > Benue-Congo > Defoid,2.008,80.5858,2.2508,2.5323,63.9017,1.9471,3.2088,50.4303,1.657,5.6353,28.7151,1.2488,2.5222,64.1585,1.7807,2.9837,54.2347,1.6531,3.9743,40.7161,1.4198,7.1327,22.6871,0.9861,1.1295,143.2678,3.9758,1.1498,140.7422,4.2911,1.1822,136.8847,4.7852,1.2663,127.7874,5.5603,2.4566,65.8706,1.8285,2.8243,57.2959,1.7488,3.6854,43.9087,1.5388,5.6279,28.7533,1.2499
xian1255,yue,yue_Hant,997,,,,Yue Chinese (Hong Kong Cantonese),Hant,Logographic,3 bytes,Sino-Tibetan,Sino-Tibetan > Sinitic > Classical-Middle-Modern Sinitic > Middle-Modern Sinitic > Yue-Pinghua > Yue Chinese > Yuehai > Cantonese,Sino-Tibetan > Sinitic > Yue-Pinghua,1.9445,57.1354,1.5958,2.1582,51.4784,1.5685,2.3712,46.8536,1.5394,3.2163,34.5426,1.5022,3.0596,36.3109,1.0078,3.4653,32.0602,0.9772,4.0977,27.1123,0.9454,5.1993,21.3681,0.9288,1.2615,88.0702,2.444,1.3017,85.3501,2.6023,1.3783,80.6068,2.8178,1.6821,66.0491,2.874,2.1146,52.5376,1.4584,2.2465,49.4544,1.5094,2.5198,44.0903,1.5452,3.209,34.6209,1.505
stan1324,zgh,zgh_Tfng,997,,,,Standard Moroccan Tamazight,Tfng,Alphabet,2 bytes,Afro-Asiatic,Afro-Asiatic > Berber > Kabyle-Atlas Berber > Atlas Berber > Central Moroccan Berber,Afro-Asiatic > Berber > Kabyle-Atlas Berber > Atlas Berber,2.101,136.6259,3.816,2.4008,119.5617,3.643,2.691,106.67,3.5048,3.219,89.1735,3.878,3.029,94.7673,2.6303,3.0991,92.6229,2.8232,3.2134,89.328,3.115,3.5772,80.2447,3.488,2.3213,123.661,3.4317,2.5276,113.5677,3.4626,2.712,105.8455,3.7001,2.9024,98.9017,4.3035,2.3486,122.2217,3.3928,2.5263,113.6249,3.4681,2.8238,101.652,3.5625,3.1841,90.1515,3.9189
stan1306,zsm,zsm_Latn,997,,180337405.0,179648747.0,Standard Malay,Latn,Alphabet,1 byte,Austronesian,Austronesian > Malayo-Polynesian > Malayo-Chamic > Malayic > Nuclear Malayic > Standard Malay-Indonesian,Austronesian > Malayo-Chamic > Malayic > Standard Malay-Indonesian,2.3786,59.4664,1.6609,2.7394,51.6329,1.5732,3.1657,44.68,1.468,4.7472,29.7954,1.2957,2.9757,47.5336,1.3193,3.3126,42.6991,1.3015,3.9418,35.8837,1.2513,5.4729,25.8445,1.1234,1.8138,77.9809,2.164,2.0012,70.679,2.155,2.3209,60.9438,2.1305,2.9711,47.6068,2.0715,2.6102,54.1896,1.5043,2.8923,48.9037,1.4926,3.4738,40.7182,1.427,4.7434,29.8195,1.2963
zulu1248,zul,zul_Latn,997,,2742378.0,2735836.0,Zulu,Latn,Alphabet,1 byte,Atlantic-Congo,Atlantic-Congo > Volta-Congo > Benue-Congo > Bantoid > Southern Bantoid > Narrow Bantu > East Bantu > Southern Bantu > Nuclear Southern Bantu > Dimsuffix Southern Bantu > Nguni-Tsonga-Copi > Nguni (S.40) > Nuclear Nguni > Southern Ndebele-Lowland,Atlantic-Congo > Volta-Congo > Benue-Congo > Bantoid > East Bantu > Southern Bantu > Nuclear Southern Bantu > Nguni-Tsonga-Copi > Nguni (S.40),2.0532,68.5727,1.9153,2.4997,56.322,1.7161,3.07,45.8606,1.5068,6.1163,23.0191,1.001,2.6431,53.2668,1.4784,3.1182,45.1515,1.3763,4.2581,33.0642,1.153,7.9,17.8215,0.7746,1.0926,128.8526,3.5758,1.1132,126.4714,3.856,1.1507,122.3561,4.2773,1.2845,109.6058,4.7692,2.4451,57.5817,1.5984,2.7552,51.0993,1.5597,3.5244,39.9478,1.4,6.1125,23.0331,1.0013
