Glottocode,Code,Code_Orig,Sentences,Notes,CC_Pages,CC_Urls,Name,Script,Script_Type,Bytes_Per_Char,Family,Full_Classification,Minimal_Full_Classification,combined_t_0.0000_bpp,combined_t_0.0000_pps,combined_t_0.0000_pps_premium,combined_t_0.2578_bpp,combined_t_0.2578_pps,combined_t_0.2578_pps_premium,combined_t_0.4688_bpp,combined_t_0.4688_pps,combined_t_0.4688_pps_premium,combined_t_0.9375_bpp,combined_t_0.9375_pps,combined_t_0.9375_pps_premium,norm_entropy_t_0.4072_bpp,norm_entropy_t_0.4072_pps,norm_entropy_t_0.4072_pps_premium,norm_entropy_t_0.5293_bpp,norm_entropy_t_0.5293_pps,norm_entropy_t_0.5293_pps_premium,norm_entropy_t_0.7222_bpp,norm_entropy_t_0.7222_pps,norm_entropy_t_0.7222_pps_premium,norm_entropy_t_1.0371_bpp,norm_entropy_t_1.0371_pps,norm_entropy_t_1.0371_pps_premium,raw_entropy_t_1.1904_bpp,raw_entropy_t_1.1904_pps,raw_entropy_t_1.1904_pps_premium,raw_entropy_t_1.3340_bpp,raw_entropy_t_1.3340_pps,raw_entropy_t_1.3340_pps_premium,raw_entropy_t_1.4946_bpp,raw_entropy_t_1.4946_pps,raw_entropy_t_1.4946_pps_premium,raw_entropy_t_1.7988_bpp,raw_entropy_t_1.7988_pps,raw_entropy_t_1.7988_pps_premium,raw_monotonicity_t_0.2359_bpp,raw_monotonicity_t_0.2359_pps,raw_monotonicity_t_0.2359_pps_premium,raw_monotonicity_t_0.3662_bpp,raw_monotonicity_t_0.3662_pps,raw_monotonicity_t_0.3662_pps_premium,raw_monotonicity_t_0.5928_bpp,raw_monotonicity_t_0.5928_pps,raw_monotonicity_t_0.5928_pps_premium,raw_monotonicity_t_0.9496_bpp,raw_monotonicity_t_0.9496_pps,raw_monotonicity_t_0.9496_pps_premium
achi1257,ace,ace_Arab,997,,,,Acehnese (Jawi script),Arab,Abjad,2 bytes,Austronesian,Austronesian > Malayo-Polynesian > Malayo-Chamic > Aceh-Chamic,Austronesian > Malayo-Chamic > Aceh-Chamic,1.9623,96.9007,2.0487,2.2782,83.4654,2.0023,2.6458,71.8686,1.9291,4.2856,44.3691,1.5991,2.8929,65.7292,1.6308,3.1508,60.349,1.6685,3.6807,51.661,1.6866,5.2286,36.3671,1.5355,1.8994,100.1103,1.6776,2.1815,87.1635,1.61,2.5341,75.0361,1.5805,3.4665,54.8536,1.4928,2.238,84.9659,1.9107,2.4432,77.8285,1.9327,2.9348,64.7904,1.883,4.3523,43.6891,1.584
achi1257,ace,ace_Latn,997,,,,Acehnese (Latin script),Latn,Alphabet,1 byte,Austronesian,Austronesian > Malayo-Polynesian > Malayo-Chamic > Aceh-Chamic,Austronesian > Malayo-Chamic > Aceh-Chamic,2.099,65.3821,1.3823,2.5126,54.6209,1.3103,2.9993,45.7563,1.2282,4.6775,29.34,1.0574,3.0159,45.5045,1.129,3.4978,39.2357,1.0848,4.4923,30.5496,0.9973,6.3635,21.5667,0.9106,1.219,112.5858,1.8867,1.2818,107.0652,1.9776,1.3742,99.8666,2.1035,1.6763,81.8696,2.228,2.454,55.9238,1.2576,2.7391,50.1043,1.2442,3.3613,40.8285,1.1866,4.728,29.0271,1.0524
meso1252,acm,acm_Arab,997,,,,Mesopotamian Arabic,Arab,Abjad,2 bytes,Afro-Asiatic,Afro-Asiatic > Semitic > West Semitic > Central Semitic > Arabian > Arabic > Eastern Arabic,Afro-Asiatic > Semitic > Central Semitic > Arabian > Eastern Arabic,2.1441,91.9298,1.9436,2.4422,80.7101,1.9362,2.8857,68.3069,1.8335,5.2073,37.8526,1.3642,3.614,54.5406,1.3532,3.8601,51.0632,1.4118,4.2846,46.004,1.5019,5.2462,37.5717,1.5864,3.6082,54.6289,0.9155,4.0402,48.7874,0.9012,4.5843,42.997,0.9057,6.4826,30.4062,0.8275,2.3167,85.0832,1.9133,2.5976,75.8826,1.8844,3.3723,58.4493,1.6987,5.2997,37.1926,1.3485
taiz1242,acq,acq_Arab,997,,,,Taʽizzi-Adeni Arabic,Arab,Abjad,2 bytes,Afro-Asiatic,Afro-Asiatic > Semitic > West Semitic > Central Semitic > Arabian > Arabic > Arabian Peninsula Arabic,Afro-Asiatic > Semitic > Central Semitic > Arabian > Arabian Peninsula Arabic,2.151,92.4664,1.955,2.4573,80.9418,1.9417,2.9085,68.3862,1.8356,5.2826,37.652,1.357,3.6355,54.7111,1.3574,3.8835,51.2166,1.416,4.3035,46.2187,1.5089,5.2379,37.9729,1.6033,3.6641,54.2839,0.9097,4.0823,48.7222,0.9,4.6343,42.9188,0.904,6.6451,29.9318,0.8146,2.3266,85.4895,1.9225,2.6168,76.008,1.8875,3.4123,58.2899,1.6941,5.3685,37.0491,1.3433
tuni1259,aeb,aeb_Arab,997,,,,Tunisian Arabic,Arab,Abjad,2 bytes,Afro-Asiatic,Afro-Asiatic > Semitic > West Semitic > Central Semitic > Arabian > Arabic > North African Arabic > Western Middle Arabic > Maghrebi > Malta-Tunisian Arabic,Afro-Asiatic > Semitic > Central Semitic > Arabian > North African Arabic > Malta-Tunisian Arabic,2.1045,92.3561,1.9526,2.4112,80.6078,1.9337,2.8544,68.0913,1.8277,5.1459,37.7703,1.3613,3.548,54.7813,1.3592,3.7868,51.326,1.419,4.1981,46.2979,1.5115,5.1676,37.6118,1.5881,3.502,55.5005,0.9301,3.9089,49.7232,0.9184,4.4338,43.8365,0.9234,6.3804,30.4624,0.829,2.2967,84.6259,1.9031,2.5743,75.5015,1.8749,3.3322,58.329,1.6952,5.229,37.1705,1.3477
afri1274,afr,afr_Latn,997,,20215994.0,20131887.0,Afrikaans,Latn,Alphabet,1 byte,Indo-European,Indo-European > Classical Indo-European > Germanic > Northwest Germanic > West Germanic > Macro-Dutch > Middle-Modern Dutch > Modern Dutch > Global Dutch > Afrikaansic,Indo-European > Germanic > West Germanic > Macro-Dutch > Afrikaansic,2.1385,63.0491,1.333,2.5107,53.7021,1.2883,2.9234,46.1204,1.238,4.263,31.6279,1.1399,3.1734,42.4875,1.0542,3.6343,37.0993,1.0257,4.469,30.1695,0.9849,5.7717,23.3601,0.9863,1.3253,101.7372,1.7049,1.4169,95.1575,1.7577,1.5618,86.327,1.8184,2.0281,66.4814,1.8092,2.45,55.0311,1.2375,2.696,50.011,1.2419,3.2151,41.9358,1.2188,4.2983,31.3681,1.1373
tosk1239,als,als_Latn,997,,84761612.0,84375408.0,Albanian (Tosk),Latn,Alphabet,1 byte,Indo-European,Indo-European > Classical Indo-European > Albanian > Albanian-Tosk,Indo-European > Albanian,2.0721,73.5346,1.5547,2.469,61.7131,1.4805,2.9328,51.9529,1.3945,4.5791,33.2748,1.1993,3.1049,49.0742,1.2176,3.5933,42.4032,1.1723,4.4768,34.0351,1.1111,6.0361,25.2427,1.0658,1.2107,125.8556,2.1091,1.2722,119.7663,2.2122,1.3681,111.3681,2.3458,1.6755,90.9398,2.4748,2.4184,63.004,1.4168,2.6824,56.8024,1.4105,3.262,46.7101,1.3575,4.6351,32.8726,1.1919
amha1245,amh,amh_Ethi,997,,5733709.0,5702512.0,Amharic,Ethi,Abugida,3 bytes,Afro-Asiatic,Afro-Asiatic > Semitic > West Semitic > Ethiosemitic > South Ethiopic > Amharic-Argobba,Afro-Asiatic > Semitic > Ethiosemitic > South Ethiopic,2.3916,91.5928,1.9365,2.6896,81.4433,1.9538,3.0141,72.675,1.9508,4.7279,46.332,1.6699,2.9805,73.4945,1.8235,3.1979,68.4995,1.8938,3.6572,59.8967,1.9554,5.4643,40.0883,1.6926,3.2781,66.8225,1.1198,3.7924,57.7613,1.0669,4.8385,45.2728,0.9536,10.7898,20.3019,0.5525,2.4487,89.4554,2.0117,2.7359,80.0662,1.9882,3.328,65.8205,1.9129,4.7667,45.9549,1.6662
nort3139,apc,apc_Arab_nort3139,997,,,,Levantine Arabic (North),Arab,Abjad,2 bytes,Afro-Asiatic,Afro-Asiatic > Semitic > West Semitic > Central Semitic > Arabian > Arabic > Levantine-Cypriot Arabic,Afro-Asiatic > Semitic > Central Semitic > Arabian > Levantine-Cypriot Arabic,2.1117,88.7834,1.8771,2.4085,77.8425,1.8674,2.8445,65.9117,1.7692,5.0554,37.0863,1.3366,3.5066,53.4664,1.3265,3.7551,49.9278,1.3804,4.1764,44.8917,1.4656,5.1984,36.0662,1.5228,3.4249,54.7422,0.9174,3.8321,48.9248,0.9037,4.3529,43.0712,0.9072,6.2072,30.2046,0.822,2.2931,81.7593,1.8386,2.5606,73.2187,1.8182,3.3124,56.6018,1.645,5.1453,36.4383,1.3212
sout3123,apc,apc_Arab_sout3123,997,,,,Levantine Arabic (South),Arab,Abjad,2 bytes,Afro-Asiatic,Afro-Asiatic > Semitic > West Semitic > Central Semitic > Arabian > Arabic > Levantine-Cypriot Arabic > Levantine Arabic,Afro-Asiatic > Semitic > Central Semitic > Arabian > Levantine-Cypriot Arabic > Levantine Arabic,2.1084,88.8536,1.8786,2.4158,77.5476,1.8603,2.8706,65.2628,1.7518,5.2057,35.988,1.297,3.5363,52.9769,1.3144,3.7837,49.5135,1.3689,4.209,44.5105,1.4531,5.2051,35.992,1.5197,3.4868,53.7292,0.9004,3.8978,48.0642,0.8878,4.4411,42.1836,0.8885,6.389,29.323,0.798,2.2913,81.7643,1.8387,2.5765,72.7131,1.8056,3.345,56.007,1.6277,5.3082,35.2929,1.2796
stan1318,arb,arb_Arab,997,,1258479625.0,1251265891.0,Modern Standard Arabic,Arab,Abjad,2 bytes,Afro-Asiatic,Afro-Asiatic > Semitic > West Semitic > Central Semitic > Arabian > Arabic,Afro-Asiatic > Semitic > Central Semitic > Arabian,2.1712,92.657,1.959,2.4698,81.4574,1.9541,2.9243,68.7964,1.8466,5.3963,37.2808,1.3436,3.685,54.5948,1.3545,3.9407,51.0522,1.4115,4.3508,46.2397,1.5096,5.2754,38.1354,1.6102,3.7724,53.329,0.8937,4.1998,47.9027,0.8848,4.7616,42.2508,0.89,6.8929,29.1866,0.7943,2.3333,86.2217,1.9389,2.6262,76.6038,1.9023,3.4445,58.4052,1.6974,5.4909,36.6389,1.3284
stan1318,arb,arb_Latn,997,,1258479625.0,1251265891.0,Modern Standard Arabic (Romanized),Latn,Alphabet,1 byte,Afro-Asiatic,Afro-Asiatic > Semitic > West Semitic > Central Semitic > Arabian > Arabic,Afro-Asiatic > Semitic > Central Semitic > Arabian,2.0581,71.348,1.5085,2.4321,60.3771,1.4484,2.849,51.5426,1.3835,4.4048,33.337,1.2015,2.8135,52.1926,1.2949,3.2436,45.2718,1.2517,4.0814,35.9789,1.1746,5.9475,24.6901,1.0425,1.1724,125.2467,2.0989,1.2231,120.0562,2.2176,1.2956,113.341,2.3874,1.4986,97.988,2.6666,2.3779,61.7523,1.3887,2.6216,56.013,1.3909,3.1531,46.5717,1.3535,4.4493,33.004,1.1966
arag1245,arg,arg_Latn,997,,,,Aragonese,Latn,Alphabet,1 byte,Indo-European,Indo-European > Classical Indo-European > Italic > Latino-Faliscan > Latinic > Imperial Latin > Romance > Italo-Western Romance > Western Romance > Unshifted Western Romance,Indo-European > Italic > Italo-Western Romance > Western Romance > Unshifted Western Romance,2.3706,62.7061,1.3258,2.7552,53.9539,1.2943,3.1814,46.7262,1.2542,4.7372,31.3801,1.131,3.0349,48.9819,1.2153,3.4327,43.3049,1.1973,4.108,36.1866,1.1814,5.3389,27.8435,1.1756,1.8548,80.1464,1.3431,2.0599,72.1665,1.333,2.3492,63.2798,1.3329,3.2172,46.2066,1.2575,2.6163,56.8175,1.2777,2.9051,51.1695,1.2707,3.5156,42.2839,1.2289,4.7817,31.0883,1.1272
najd1235,ars,ars_Arab,997,,,,Najdi Arabic,Arab,Abjad,2 bytes,Afro-Asiatic,Afro-Asiatic > Semitic > West Semitic > Central Semitic > Arabian > Arabic > Arabian Peninsula Arabic > North Arabian Beduin Arabic,Afro-Asiatic > Semitic > Central Semitic > Arabian > Arabian Peninsula Arabic > North Arabian Beduin Arabic,2.1713,92.7874,1.9618,2.4705,81.5486,1.9563,2.9268,68.8355,1.8477,5.397,37.33,1.3454,3.6787,54.7663,1.3588,3.9407,51.1254,1.4135,4.35,46.3149,1.512,5.2791,38.1635,1.6114,3.7645,53.5176,0.8968,4.1972,48.001,0.8866,4.7621,42.3069,0.8911,6.8881,29.2487,0.796,2.3347,86.2939,1.9406,2.6276,76.675,1.904,3.4451,58.4794,1.6996,5.4902,36.6961,1.3305
moro1292,ary,ary_Arab,997,,,,Moroccan Arabic,Arab,Abjad,2 bytes,Afro-Asiatic,Afro-Asiatic > Semitic > West Semitic > Central Semitic > Arabian > Arabic > North African Arabic > Western Middle Arabic > Maghrebi,Afro-Asiatic > Semitic > Central Semitic > Arabian > North African Arabic,2.0746,94.4835,1.9976,2.3968,81.7823,1.9619,2.8437,68.9288,1.8502,5.0442,38.8586,1.4005,3.4792,56.338,1.3978,3.7241,52.6329,1.4552,4.1384,47.3641,1.5463,5.1499,38.0612,1.607,3.3535,58.4493,0.9795,3.7724,51.9599,0.9598,4.2933,45.655,0.9617,6.1898,31.667,0.8618,2.2906,85.5727,1.9243,2.5659,76.3912,1.897,3.3007,59.3852,1.7259,5.1322,38.1926,1.3848
egyp1253,arz,arz_Arab,997,,,,Egyptian Arabic,Arab,Abjad,2 bytes,Afro-Asiatic,Afro-Asiatic > Semitic > West Semitic > Central Semitic > Arabian > Arabic > Egyptic Arabic > Egypto-Sudanic Arabic,Afro-Asiatic > Semitic > Central Semitic > Arabian > Egyptic Arabic,2.1008,93.6259,1.9795,2.4183,81.332,1.9511,2.8723,68.4784,1.8381,5.2028,37.8044,1.3625,3.5452,55.4804,1.3765,3.7909,51.8847,1.4345,4.2066,46.7573,1.5265,5.1828,37.9498,1.6023,3.5042,56.1294,0.9406,3.9294,50.0552,0.9246,4.4722,43.9799,0.9264,6.4521,30.4845,0.8296,2.3031,85.4032,1.9205,2.5851,76.0863,1.8894,3.3526,58.668,1.7051,5.2981,37.1244,1.346
assa1263,asm,asm_Beng,997,,3459776.0,3447449.0,Assamese,Beng,Abugida,3 bytes,Indo-European,Indo-European > Classical Indo-European > Indo-Iranian > Indo-Aryan > Middle-Modern Indo-Aryan > Continental Indo-Aryan > Indo-Aryan Eastern zone > Oriya-Gauda-Kamrupa > Gauda-Kamrupa > Kamrupa > Eastern Kamrupa,Indo-European > Indo-Iranian > Indo-Aryan > Middle-Modern Indo-Aryan > Continental Indo-Aryan > Indo-Aryan Eastern zone > Gauda-Kamrupa > Kamrupa,2.0927,154.2849,3.262,2.2998,140.3902,3.3679,2.5313,127.5507,3.4237,3.3006,97.8215,3.5256,2.602,124.0863,3.0787,2.8228,114.3811,3.1624,3.3012,97.8044,3.193,4.7096,68.5567,2.8946,1.7606,183.3902,3.0733,1.8704,172.6199,3.1885,2.0037,161.1394,3.3942,2.2978,140.5155,3.8239,2.227,144.9789,3.2603,2.3922,134.9679,3.3516,2.7034,119.4323,3.471,3.3216,97.2046,3.5244
astu1245,ast,ast_Latn,997,,,,Asturian,Latn,Alphabet,1 byte,Indo-European,Indo-European > Classical Indo-European > Italic > Latino-Faliscan > Latinic > Imperial Latin > Romance > Italo-Western Romance > Western Romance > Shifted Western Romance > Southwestern Shifted Romance > West Ibero-Romance > Asturo-Leonese,Indo-European > Italic > Italo-Western Romance > Western Romance > Shifted Western Romance > Southwestern Shifted Romance > West Ibero-Romance > Asturo-Leonese,2.4277,54.8495,1.1597,2.8135,47.329,1.1354,3.239,41.1113,1.1035,4.7231,28.1936,1.0161,3.0717,43.3511,1.0756,3.4703,38.3711,1.0609,4.1766,31.8826,1.0409,5.3959,24.678,1.042,1.9327,68.8997,1.1546,2.1503,61.9258,1.1438,2.4547,54.2477,1.1426,3.3501,39.7482,1.0817,2.6584,50.0903,1.1264,2.955,45.0632,1.119,3.5811,37.1846,1.0807,4.7608,27.9699,1.0141
awad1243,awa,awa_Deva,997,,,,Awadhi,Deva,Abugida,3 bytes,Indo-European,Indo-European > Classical Indo-European > Indo-Iranian > Indo-Aryan > Middle-Modern Indo-Aryan > Continental Indo-Aryan > Midlands Indo-Aryan > Shaurasenic > Eastern Hindi > Awadhic,Indo-European > Indo-Iranian > Indo-Aryan > Middle-Modern Indo-Aryan > Continental Indo-Aryan > Midlands Indo-Aryan > Shaurasenic > Eastern Hindi > Awadhic,2.4311,130.3561,2.7561,2.597,122.0271,2.9274,2.805,112.9789,3.0326,4.0909,77.4654,2.7919,3.725,85.0752,2.1108,3.9454,80.324,2.2208,4.353,72.8024,2.3768,5.1669,61.334,2.5897,3.5336,89.6841,1.5029,3.7705,84.0481,1.5525,4.0813,77.6489,1.6356,4.8097,65.8897,1.7931,2.4579,128.9348,2.8995,2.6274,120.6158,2.9952,3.0087,105.329,3.0612,4.066,77.9408,2.8259
cent2142,ayr,ayr_Latn,997,,,,Central Aymara,Latn,Alphabet,1 byte,Aymaran,Aymaran > Central-Southern Aymara,Aymaran,2.0625,65.3621,1.3819,2.4848,54.2548,1.3015,2.9596,45.5517,1.2227,4.6716,28.8576,1.0401,2.8222,47.7693,1.1852,3.2692,41.2377,1.1401,4.2824,31.4804,1.0277,6.9104,19.5085,0.8237,1.2993,103.7563,1.7387,1.3845,97.3731,1.7986,1.5095,89.3089,1.8812,1.878,71.7844,1.9535,2.4209,55.6861,1.2523,2.6939,50.0441,1.2427,3.3,40.8526,1.1873,4.7302,28.5005,1.0333
sout2697,azb,azb_Arab,997,,101494110.0,101070335.0,South Azerbaijani,Arab,Abjad,2 bytes,Turkic,Turkic > Common Turkic > Oghuz > Nuclear Oghuz > Central Oghuz,Turkic > Common Turkic > Oghuz > Central Oghuz,2.0005,102.4504,2.1661,2.3332,87.8415,2.1073,2.7169,75.4363,2.0249,4.569,44.8566,1.6167,3.0649,66.8696,1.6591,3.3898,60.4604,1.6716,3.9809,51.4835,1.6808,5.4571,37.5567,1.5857,2.0019,102.3791,1.7157,2.39,85.7543,1.584,2.9009,70.652,1.4882,4.227,48.4865,1.3195,2.2846,89.7091,2.0174,2.5033,81.8736,2.0331,3.0289,67.665,1.9665,4.6478,44.0963,1.5988
nort2697,azj,azj_Latn,997,,101494110.0,101070335.0,North Azerbaijani,Latn,Alphabet,1 byte,Turkic,Turkic > Common Turkic > Oghuz > Nuclear Oghuz > Central Oghuz,Turkic > Common Turkic > Oghuz > Central Oghuz,2.0325,78.1635,1.6526,2.5542,62.1986,1.4921,3.17,50.1163,1.3452,5.4397,29.2056,1.0526,2.6678,59.5517,1.4775,3.1201,50.9188,1.4078,4.092,38.8245,1.2675,6.7173,23.651,0.9986,1.1048,143.8024,2.4098,1.1314,140.4243,2.5938,1.1685,135.9599,2.8638,1.2723,124.8686,3.3981,2.4919,63.7543,1.4337,2.8336,56.0662,1.3923,3.6208,43.8776,1.2752,5.5071,28.8485,1.046
bash1264,bak,bak_Cyrl,997,,3656842.0,3651302.0,Bashkir,Cyrl,Alphabet,2 bytes,Turkic,Turkic > Common Turkic > Kipchak-Turkestan > Kipchak > Northwest Kipchak > North Kipchak > Bashkiric,Turkic > Common Turkic > Kipchak-Turkestan > Kipchak > Northwest Kipchak > North Kipchak,2.0266,115.6008,2.4441,2.3909,97.988,2.3507,2.8066,83.4734,2.2406,4.612,50.7984,1.8308,3.2888,71.2367,1.7674,3.6919,63.4574,1.7544,4.4501,52.6459,1.7187,6.1397,38.1585,1.6111,1.9824,118.1825,1.9805,2.3029,101.7322,1.8791,2.7708,84.5527,1.781,4.0504,57.8405,1.5741,2.3402,100.1103,2.2513,2.5813,90.7603,2.2538,3.1335,74.7663,2.1729,4.6811,50.0481,1.8146
bamb1269,bam,bam_Latn,997,,,,Bambara,Latn,Alphabet,1 byte,Mande,Mande > Western Mande > Manding-Kpelle > Central Mande > Manding-Jogo > Manding-Vai > Manding-Mokole > Manding > East Manding,Mande,1.9978,65.8255,1.3917,2.4641,53.3671,1.2802,3.0503,43.1113,1.1572,5.2786,24.9127,0.8979,2.687,48.9408,1.2143,3.0636,42.9248,1.1868,3.8379,34.2648,1.1186,6.1389,21.4213,0.9045,1.1098,118.4965,1.9858,1.1397,115.3882,2.1314,1.1832,111.1464,2.3411,1.3074,100.5878,2.7374,2.3983,54.8325,1.2331,2.72,48.347,1.2006,3.4852,37.7322,1.0966,5.3505,24.5777,0.8911
bali1278,ban,ban_Latn,997,,,,Balinese,Latn,Alphabet,1 byte,Austronesian,Austronesian > Malayo-Polynesian > Bali-Sasak-Sumbawa,Austronesian > Bali-Sasak-Sumbawa,2.1024,67.1214,1.4191,2.5246,55.8957,1.3409,3.0029,46.992,1.2614,4.7731,29.5647,1.0655,2.962,47.6419,1.182,3.4244,41.2086,1.1393,4.3764,32.2447,1.0527,6.3791,22.1214,0.934,1.2536,112.5687,1.8864,1.3327,105.8847,1.9558,1.4515,97.2227,2.0479,1.8232,77.3992,2.1063,2.4648,57.2518,1.2875,2.7358,51.5797,1.2809,3.3633,41.9569,1.2194,4.8324,29.2016,1.0588
bela1254,bel,bel_Cyrl,997,,33213142.0,33052697.0,Belarusian,Cyrl,Alphabet,2 bytes,Indo-European,Indo-European > Classical Indo-European > Balto-Slavic > Slavic > East Slavic,Indo-European > Balto-Slavic > Slavic > East Slavic,2.013,130.8295,2.7661,2.3471,112.2086,2.6918,2.7444,95.9629,2.5759,4.5735,57.5848,2.0754,3.3474,78.677,1.952,3.7639,69.9709,1.9345,4.5464,57.9278,1.8912,6.307,41.7573,1.7631,2.4326,108.2648,1.8143,2.9108,90.4784,1.6712,3.6083,72.989,1.5374,5.5694,47.2879,1.2869,2.2997,114.5226,2.5754,2.5251,104.2999,2.59,3.0672,85.8656,2.4955,4.6474,56.669,2.0547
bemb1257,bem,bem_Latn,997,,,,Bemba,Latn,Alphabet,1 byte,Atlantic-Congo,Atlantic-Congo > Volta-Congo > Benue-Congo > Bantoid > Southern Bantoid > Narrow Bantu > East Bantu > Sabi > Malungu-Central Sabi > Central Sabi > Bemba (M.40),Atlantic-Congo > Volta-Congo > Benue-Congo > Bantoid > East Bantu > Sabi,2.0933,74.6138,1.5775,2.4746,63.1174,1.5141,2.8957,53.9388,1.4478,4.4889,34.7954,1.2541,2.7662,56.4644,1.4009,3.1051,50.3019,1.3907,3.8406,40.669,1.3277,6.069,25.7362,1.0866,1.5247,102.4383,1.7167,1.6783,93.0662,1.719,1.8818,83.0,1.7483,2.4109,64.7854,1.7631,2.4112,64.7783,1.4567,2.6589,58.7442,1.4588,3.2125,48.6209,1.4131,4.542,34.3882,1.2468
beng1280,ben,ben_Beng,997,,177892101.0,177246797.0,Bengali,Beng,Abugida,3 bytes,Indo-European,Indo-European > Classical Indo-European > Indo-Iranian > Indo-Aryan > Middle-Modern Indo-Aryan > Continental Indo-Aryan > Indo-Aryan Eastern zone > Oriya-Gauda-Kamrupa > Gauda-Kamrupa > Gauda-Banga,Indo-European > Indo-Iranian > Indo-Aryan > Middle-Modern Indo-Aryan > Continental Indo-Aryan > Indo-Aryan Eastern zone > Gauda-Kamrupa > Gauda-Banga,2.1317,155.0732,3.2786,2.349,140.7252,3.3759,2.584,127.9278,3.4339,3.3448,98.8295,3.5619,2.6767,123.4945,3.064,2.9117,113.5296,3.1388,3.3829,97.7172,3.1902,4.7026,70.2939,2.968,1.8167,181.9579,3.0493,1.9415,170.2588,3.1449,2.0931,157.9318,3.3266,2.4263,136.2417,3.7076,2.2765,145.2056,3.2654,2.4461,135.1364,3.3558,2.7596,119.7874,3.4814,3.3684,98.1354,3.5581
bhoj1244,bho,bho_Deva,997,,,,Bhojpuri,Deva,Abugida,3 bytes,Indo-European,Indo-European > Classical Indo-European > Indo-Iranian > Indo-Aryan > Middle-Modern Indo-Aryan > Continental Indo-Aryan > Midlands Indo-Aryan > Shaurasenic > Bihari > Magadhan > Bhojpuric,Indo-European > Indo-Iranian > Indo-Aryan > Middle-Modern Indo-Aryan > Continental Indo-Aryan > Midlands Indo-Aryan > Shaurasenic > Bihari > Bhojpuric,2.4428,127.4684,2.695,2.6266,118.5466,2.8439,2.8588,108.9178,2.9236,4.2367,73.4955,2.6488,3.823,81.4493,2.0208,4.0601,76.6931,2.1204,4.4735,69.6048,2.2724,5.2239,59.6068,2.5167,3.6599,85.0772,1.4257,3.9302,79.2277,1.4634,4.2784,72.7793,1.533,4.9954,62.333,1.6963,2.4745,125.8345,2.8298,2.6567,117.2046,2.9105,3.1088,100.1615,2.911,4.2081,73.995,2.6829
banj1239,bjn,bjn_Arab,997,,,,Banjar (Jawi script),Arab,Abjad,2 bytes,Austronesian,Austronesian > Malayo-Polynesian > Malayo-Chamic > Malayic > Nuclear Malayic > East Borneo Malay > Banjar-Berau-Brunei Malay > Banjar-Bukit Malay,Austronesian > Malayo-Chamic > Malayic > East Borneo Malay,1.9895,106.8375,2.2588,2.3355,91.011,2.1833,2.7234,78.0461,2.0949,4.516,47.0672,1.6963,3.0228,70.317,1.7446,3.2857,64.6911,1.7886,3.783,56.1866,1.8343,5.1985,40.8877,1.7264,2.129,99.8355,1.673,2.5016,84.9679,1.5695,2.939,72.322,1.5234,4.1568,51.1334,1.3915,2.2903,92.8044,2.087,2.5134,84.5687,2.1001,3.0293,70.1665,2.0392,4.5878,46.33,1.6798
banj1239,bjn,bjn_Latn,997,,,,Banjar (Latin script),Latn,Alphabet,1 byte,Austronesian,Austronesian > Malayo-Polynesian > Malayo-Chamic > Malayic > Nuclear Malayic > East Borneo Malay > Banjar-Berau-Brunei Malay > Banjar-Bukit Malay,Austronesian > Malayo-Chamic > Malayic > East Borneo Malay,2.0781,63.7964,1.3488,2.4746,53.5737,1.2852,2.9364,45.1494,1.2119,4.6323,28.6199,1.0315,2.852,46.4855,1.1533,3.2896,40.3009,1.1142,4.2119,31.4764,1.0276,6.4546,20.5396,0.8672,1.2478,106.2427,1.7804,1.3213,100.339,1.8534,1.4314,92.6169,1.9508,1.7641,75.1494,2.0451,2.4179,54.8315,1.233,2.6832,49.4092,1.227,3.2826,40.3872,1.1738,4.6921,28.2548,1.0244
utsa1239,bod,bod_Tibt,997,,2687733.0,2676577.0,Lhasa Tibetan,Tibt,Abugida,3 bytes,Sino-Tibetan,Sino-Tibetan > Bodic > Bodish > Early Old Tibetan > Middle Old Tibetan > Late Old Tibetan > Central Tibetan > Tibetan > Ü,Sino-Tibetan > Bodic > Central Tibetan,2.0335,206.5426,4.3668,2.2324,188.1444,4.5135,2.4433,171.9017,4.6142,3.079,136.4102,4.9164,2.3697,177.2457,4.3976,2.6128,160.7513,4.4444,3.1921,131.5777,4.2956,5.1555,81.4684,3.4398,1.5835,265.2427,4.4449,1.6546,253.8516,4.6889,1.7378,241.6931,5.0909,1.9328,217.3039,5.9136,2.2024,190.7111,4.2887,2.3302,180.2447,4.4759,2.591,162.1023,4.7112,3.0979,135.5797,4.9157
bosn1245,bos,bos_Latn,997,,89749135.0,89368171.0,Bosnian,Latn,Alphabet,1 byte,Indo-European,Indo-European > Classical Indo-European > Balto-Slavic > Slavic > South Slavic > Western South Slavic > Serbian-Croatian-Bosnian > Shtokavski > New Shtokavian > Eastern Herzegovinian Shtokavian,Indo-European > Balto-Slavic > Slavic > South Slavic > Western South Slavic > Serbian-Croatian-Bosnian,2.4288,53.7202,1.1358,2.7975,46.6389,1.1188,3.19,40.9017,1.0979,4.5058,28.9569,1.0436,3.1488,41.4363,1.0281,3.5114,37.1575,1.0273,4.1303,31.5898,1.0313,5.3265,24.4955,1.0343,1.9123,68.2277,1.1434,2.1473,60.7613,1.1223,2.464,52.9529,1.1154,3.2075,40.678,1.107,2.6624,49.006,1.102,2.9487,44.2487,1.0988,3.4799,37.4935,1.0897,4.5358,28.7653,1.043
bodo1269,brx,brx_Deva,997,dev only,,,Bodo,Deva,Abugida,3 bytes,Sino-Tibetan,Sino-Tibetan > Brahmaputran > Bodo-Garo > Boroic > Tiwa-Boro > Bodo-Mech-Kachari,Sino-Tibetan > Brahmaputran > Bodo-Garo,2.412,146.5226,3.0979,2.6369,134.0231,3.2151,2.911,121.4052,3.2588,4.1537,85.0822,3.0664,3.7729,93.669,2.324,4.026,87.7813,2.4269,4.4642,79.1655,2.5845,5.2982,66.7031,2.8164,3.5761,98.8235,1.6561,3.871,91.2959,1.6863,4.2384,83.3821,1.7563,5.0597,69.8475,1.9008,2.4901,141.9238,3.1916,2.6951,131.1314,3.2563,3.1535,112.0672,3.257,4.1326,85.5165,3.1006
bugi1244,bug,bug_Latn,997,,,,Buginese,Latn,Alphabet,1 byte,Austronesian,Austronesian > Malayo-Polynesian > Greater South Sulawesi > South Sulawesi > Tamanic-Bugis > Bugis,Austronesian > Greater South Sulawesi,2.0504,67.6459,1.4302,2.4498,56.6179,1.3582,2.9137,47.6028,1.2778,4.7678,29.0913,1.0485,2.9745,46.6299,1.1569,3.4345,40.3852,1.1166,4.3992,31.5286,1.0293,6.4883,21.3771,0.9026,1.2505,110.9198,1.8588,1.3266,104.5507,1.9312,1.4422,96.1715,2.0257,1.8125,76.5256,2.0825,2.3894,58.0491,1.3054,2.6576,52.1906,1.296,3.2774,42.321,1.23,4.8373,28.673,1.0396
bulg1262,bul,bul_Cyrl,997,,565391748.0,562504908.0,Bulgarian,Cyrl,Alphabet,2 bytes,Indo-European,Indo-European > Classical Indo-European > Balto-Slavic > Slavic > South Slavic > Eastern South Slavic > Macedo-Bulgarian,Indo-European > Balto-Slavic > Slavic > South Slavic > Eastern South Slavic,2.111,112.7492,2.3838,2.4875,95.683,2.2954,2.9526,80.6108,2.1638,5.4479,43.6881,1.5746,3.7575,63.342,1.5716,4.274,55.6881,1.5396,5.2639,45.2156,1.4761,7.2223,32.9549,1.3914,3.5717,66.6369,1.1167,4.4122,53.9438,0.9964,5.6287,42.2849,0.8907,8.4213,28.2628,0.7691,2.3795,100.0261,2.2494,2.6699,89.1464,2.2137,3.3814,70.3882,2.0457,5.5462,42.9137,1.5559
stan1289,cat,cat_Latn,997,,437938570.0,434641260.0,Catalan,Latn,Alphabet,1 byte,Indo-European,Indo-European > Classical Indo-European > Italic > Latino-Faliscan > Latinic > Imperial Latin > Romance > Italo-Western Romance > Western Romance > Shifted Western Romance > Southwestern Shifted Romance,Indo-European > Italic > Italo-Western Romance > Western Romance > Shifted Western Romance > Southwestern Shifted Romance,2.3272,60.7492,1.2844,2.7267,51.8495,1.2438,3.1545,44.8175,1.203,4.6835,30.1866,1.088,3.0755,45.9689,1.1405,3.4863,40.5527,1.1212,4.1598,33.987,1.1096,5.4201,26.0843,1.1013,1.7269,81.8676,1.3719,1.9153,73.8164,1.3635,2.1903,64.5486,1.3596,3.0191,46.8285,1.2744,2.616,54.0431,1.2153,2.8975,48.7924,1.2116,3.4849,40.5687,1.179,4.7329,29.8716,1.0831
cebu1242,ceb,ceb_Latn,997,,4026407.0,4021798.0,Cebuano,Latn,Alphabet,1 byte,Austronesian,Austronesian > Malayo-Polynesian > Greater Central Philippine > Central Philippine > Bisayan,Austronesian > Greater Central Philippine > Bisayan,2.119,71.1254,1.5038,2.5052,60.1615,1.4432,2.9668,50.8004,1.3636,4.7483,31.7412,1.144,2.8152,53.5366,1.3283,3.2131,46.9067,1.2969,4.0588,37.1334,1.2123,5.8987,25.5507,1.0788,1.2268,122.8546,2.0588,1.2946,116.4203,2.1504,1.3952,108.0261,2.2754,1.6895,89.2086,2.4277,2.4531,61.4383,1.3816,2.7154,55.5035,1.3783,3.3205,45.3902,1.3192,4.8081,31.346,1.1365
czec1258,ces,ces_Latn,997,,2097546956.0,2080674183.0,Czech,Latn,Alphabet,1 byte,Indo-European,Indo-European > Classical Indo-European > Balto-Slavic > Slavic > West Slavic > Czech-Slovak,Indo-European > Balto-Slavic > Slavic > West Slavic > Czech-Slovak,2.1041,64.8195,1.3705,2.5118,54.2999,1.3026,2.9453,46.3079,1.243,4.4396,30.7212,1.1072,3.0502,44.7141,1.1094,3.5254,38.6881,1.0696,4.4777,30.4594,0.9944,6.3939,21.331,0.9006,1.2938,105.4213,1.7666,1.3761,99.1153,1.8308,1.5028,90.7583,1.9117,1.8778,72.6339,1.9766,2.443,55.8285,1.2555,2.7033,50.4534,1.2529,3.2596,41.8425,1.2161,4.4798,30.4453,1.1039
chuv1255,chv,chv_Cyrl,997,,,,Chuvash,Cyrl,Alphabet,2 bytes,Turkic,Turkic > Bolgar,Turkic > Bolgar,2.0244,119.5256,2.5271,2.4194,100.014,2.3993,2.9086,83.1926,2.2331,5.125,47.2136,1.7016,3.377,71.653,1.7778,3.8192,63.3561,1.7516,4.637,52.1825,1.7036,6.4719,37.3882,1.5786,2.3338,103.68,1.7375,2.7659,87.4835,1.6159,3.3921,71.333,1.5025,5.0995,47.4504,1.2913,2.3468,103.1063,2.3186,2.6323,91.9228,2.2827,3.2918,73.5075,2.1363,5.2153,46.3962,1.6822
chok1245,cjk,cjk_Latn,997,,,,Chokwe,Latn,Alphabet,1 byte,Atlantic-Congo,Atlantic-Congo > Volta-Congo > Benue-Congo > Bantoid > Southern Bantoid > Narrow Bantu > Central-Western Bantu > Njila > Southern Njila > Chokwe-Lunda > Chokwe-Ngangela-Nyemba (K.20) > Chokwe-Lwena,Atlantic-Congo > Volta-Congo > Benue-Congo > Bantoid > Central-Western Bantu > Njila > Southern Njila > Chokwe-Lunda,2.0453,66.8325,1.413,2.4013,56.9258,1.3656,2.8102,48.6429,1.3057,4.4562,30.675,1.1056,2.7348,49.9829,1.2401,3.0666,44.5757,1.2324,3.7983,35.988,1.1749,6.0215,22.7011,0.9585,1.4588,93.7061,1.5703,1.6007,85.3972,1.5774,1.7901,76.3631,1.6085,2.2794,59.9699,1.632,2.338,58.4674,1.3148,2.5735,53.1153,1.319,3.1326,43.6359,1.2682,4.5175,30.2588,1.0971
cent1972,ckb,ckb_Arab,997,,12098280.0,12051123.0,Central Kurdish,Arab,Abjad,2 bytes,Indo-European,Indo-European > Classical Indo-European > Indo-Iranian > Iranian-Nuristani > Iranian > Central Iranian PBS > Central Iranian PB > Northwestern Iranian > Laki-Kurdish > Kurdish,Indo-European > Indo-Iranian > Iranian-Nuristani > Central Iranian PBS,2.0397,114.2116,2.4147,2.3333,99.8415,2.3951,2.6588,87.6189,2.3519,4.0262,57.8606,2.0854,2.9992,77.674,1.9272,3.3076,70.4313,1.9473,3.9192,59.4413,1.9406,5.4611,42.658,1.8011,1.6516,141.0552,2.3638,1.9111,121.8997,2.2516,2.2815,102.1083,2.1508,3.1585,73.7573,2.0072,2.3013,101.2317,2.2765,2.4803,93.9228,2.3323,2.9022,80.2718,2.3329,4.0766,57.1464,2.072
beij1234,cmn,cmn_Hans,997,,10899511187.0,10856245131.0,Mandarin Chinese (Standard Beijing),Hans,Logographic,3 bytes,Sino-Tibetan,Sino-Tibetan > Sinitic > Classical-Middle-Modern Sinitic > Middle-Modern Sinitic > Northern Chinese > Mandarinic > Mandarin Chinese > Beijingic,Sino-Tibetan > Sinitic > Northern Chinese,1.9907,59.0782,1.2491,2.2231,52.9027,1.2691,2.4677,47.659,1.2793,3.4251,34.337,1.2375,3.1005,37.9318,0.9411,3.6907,31.8656,0.881,4.6269,25.4183,0.8298,6.114,19.2357,0.8122,1.4176,82.9599,1.3902,1.4981,78.5035,1.4501,1.6305,72.1314,1.5193,2.1251,55.342,1.5061,2.153,54.6239,1.2284,2.3143,50.8175,1.2619,2.6624,44.1725,1.2838,3.459,34.0,1.2327
taib1240,cmn,cmn_Hant,997,,10899511187.0,10856245131.0,Mandarin Chinese (Taiwanese),Hant,Logographic,3 bytes,Sino-Tibetan,Sino-Tibetan > Sinitic > Classical-Middle-Modern Sinitic > Middle-Modern Sinitic > Northern Chinese > Mandarinic > Mandarin Chinese > Beijingic,Sino-Tibetan > Sinitic > Northern Chinese,1.9498,57.337,1.2123,2.1709,51.4965,1.2354,2.4036,46.5115,1.2485,3.2816,34.0672,1.2278,3.1263,35.7593,0.8872,3.7418,29.8766,0.826,4.6967,23.8024,0.7771,6.0846,18.3731,0.7758,1.4304,78.1565,1.3097,1.5116,73.9569,1.3661,1.6464,67.8997,1.4302,2.1447,52.1254,1.4185,2.1078,53.0391,1.1927,2.2616,49.4303,1.2275,2.5839,43.2648,1.2574,3.3146,33.7272,1.2229
crim1257,crh,crh_Latn,997,,,,Crimean Tatar,Latn,Alphabet,1 byte,Turkic,Turkic > Common Turkic > Kipchak-Turkestan > Kipchak > Northwest Kipchak > West Kipchak > Crimean Tatar-Urum > Crimeaic,Turkic > Common Turkic > Kipchak-Turkestan > Kipchak > Northwest Kipchak > West Kipchak,2.0628,68.9679,1.4582,2.4627,57.7683,1.3858,2.9169,48.7733,1.3092,4.4628,31.8786,1.1489,2.9683,47.9288,1.1892,3.4822,40.8556,1.1296,4.5578,31.2146,1.0191,6.8689,20.7121,0.8745,1.2652,112.4483,1.8844,1.3333,106.7071,1.971,1.4328,99.2939,2.0915,1.7335,82.0712,2.2335,2.407,59.1063,1.3292,2.6696,53.2919,1.3234,3.2324,44.014,1.2792,4.5121,31.5306,1.1432
wels1247,cym,cym_Latn,997,,20737905.0,20624391.0,Welsh,Latn,Alphabet,1 byte,Indo-European,Indo-European > Classical Indo-European > Celtic > Nuclear Celtic > Core Celtic > Insular Celtic > Brythonic > Old-Modern Welsh,Indo-European > Celtic > Brythonic,2.1042,63.9298,1.3516,2.5,53.8084,1.2908,2.9331,45.8626,1.2311,4.3786,30.7222,1.1073,3.1325,42.9438,1.0655,3.6055,37.3099,1.0315,4.4628,30.1424,0.9841,5.6449,23.8305,1.0062,1.2093,111.2407,1.8642,1.2784,105.2227,1.9436,1.3872,96.9729,2.0426,1.7269,77.8967,2.1199,2.4357,55.2287,1.242,2.6852,50.0963,1.244,3.2505,41.3842,1.2027,4.42,30.4343,1.1035
dani1285,dan,dan_Latn,997,,880593500.0,873291872.0,Danish,Latn,Alphabet,1 byte,Indo-European,Indo-European > Classical Indo-European > Germanic > Northwest Germanic > North Germanic > South Scandinavian,Indo-European > Germanic > North Germanic > South Scandinavian,2.1709,60.8495,1.2865,2.5824,51.1525,1.2271,3.0285,43.6179,1.1708,4.4759,29.5125,1.0637,3.1775,41.5727,1.0315,3.6818,35.8786,0.992,4.6136,28.6319,0.9347,6.0516,21.8285,0.9217,1.2987,101.7131,1.7045,1.3817,95.6028,1.7659,1.5106,87.4463,1.8419,1.9336,68.317,1.8592,2.5109,52.6088,1.1831,2.7882,47.3761,1.1765,3.353,39.3962,1.145,4.5236,29.2016,1.0588
darg1241,dar,dar_Cyrl,997,dev only,,,Dargwa,Cyrl,Alphabet,2 bytes,Nakh-Daghestanian,Nakh-Daghestanian > Daghestanian > Dargwic,Nakh-Daghestanian,2.0148,133.6158,2.825,2.4163,111.4132,2.6727,2.9048,92.677,2.4877,5.4047,49.8094,1.7952,3.4015,79.1424,1.9636,3.8995,69.0351,1.9087,4.8761,55.2086,1.8024,7.0046,38.4323,1.6227,2.6163,102.8947,1.7243,3.244,82.984,1.5328,4.2275,63.679,1.3413,7.0603,38.1294,1.0376,2.3461,114.7452,2.5804,2.6308,102.328,2.5411,3.3244,80.9789,2.3535,5.5043,48.9077,1.7733
stan1295,deu,deu_Latn,997,,11072171606.0,10978241043.0,German,Latn,Alphabet,1 byte,Indo-European,Indo-European > Classical Indo-European > Germanic > Northwest Germanic > West Germanic > High German > Upper German > Middle-Modern High German > Modern High German > Upper Franconian > Global German,Indo-European > Germanic > West Germanic > High German > Upper German,2.6908,55.5176,1.1738,3.0256,49.3741,1.1845,3.3689,44.342,1.1902,4.5666,32.7121,1.179,3.3406,44.7182,1.1095,3.7403,39.9388,1.1042,4.4388,33.654,1.0987,5.7164,26.1324,1.1034,2.294,65.1194,1.0913,2.5793,57.9168,1.0698,2.9665,50.3571,1.0607,3.8678,38.6229,1.0511,2.8357,52.68,1.1847,3.1266,47.7783,1.1865,3.6452,40.9809,1.191,4.5985,32.4855,1.1778
dogr1250,dgo,dgo_Deva,997,dev only,,,Dogri,Deva,Abugida,3 bytes,Indo-European,Indo-European > Classical Indo-European > Indo-Iranian > Indo-Aryan > Middle-Modern Indo-Aryan > Eastern Dardic > Himachali > Kangric-Chamealic-Bhattiyali > Kangri-Dogri,Indo-European > Indo-Iranian > Indo-Aryan > Middle-Modern Indo-Aryan > Eastern Dardic > Himachali,2.396,142.8847,3.021,2.5891,132.2297,3.1721,2.8359,120.7192,3.2404,4.2286,80.9609,2.9179,3.7379,91.5908,2.2724,4.0385,84.7723,2.3438,4.5856,74.658,2.4373,5.5245,61.9699,2.6165,3.489,98.1234,1.6444,3.8183,89.662,1.6562,4.2544,80.4694,1.695,5.1898,65.9659,1.7952,2.4414,140.2267,3.1534,2.6298,130.1846,3.2328,3.0892,110.8215,3.2208,4.21,81.319,2.9484
sout2832,dik,dik_Latn,997,,,,Southwestern Dinka,Latn,Alphabet,1 byte,Nilotic,Nilotic > Western Nilotic > Dinka-Nuer > Dinka,Nilotic > Dinka-Nuer > Dinka,2.0768,58.7242,1.2416,2.4899,48.9829,1.1751,2.9588,41.2197,1.1064,4.6595,26.1745,0.9434,2.757,44.2367,1.0976,3.1516,38.6981,1.0699,3.9106,31.1876,1.0182,5.7289,21.2889,0.8989,1.1309,107.8415,1.8072,1.1626,104.9027,1.9377,1.2089,100.8877,2.1251,1.3486,90.4323,2.461,2.433,50.1274,1.1273,2.7022,45.1344,1.1208,3.3052,36.8997,1.0724,4.7084,25.9027,0.9392
dyul1238,dyu,dyu_Latn,997,,,,Dyula,Latn,Alphabet,1 byte,Mande,Mande > Western Mande > Manding-Kpelle > Central Mande > Manding-Jogo > Manding-Vai > Manding-Mokole > Manding > East Manding,Mande,2.0361,66.2628,1.401,2.4101,55.9819,1.343,2.8665,47.0682,1.2634,4.6765,28.8506,1.0398,2.9837,45.2187,1.1219,3.4227,39.4193,1.0898,4.2524,31.7282,1.0358,5.8391,23.1063,0.9756,1.2237,110.2578,1.8477,1.2874,104.8004,1.9358,1.3837,97.5055,2.0538,1.6949,79.6028,2.1663,2.3541,57.3129,1.2888,2.613,51.6339,1.2822,3.2296,41.7763,1.2141,4.7403,28.4624,1.032
dzon1239,dzo,dzo_Tibt,997,,208006.0,207770.0,Dzongkha,Tibt,Abugida,3 bytes,Sino-Tibetan,Sino-Tibetan > Bodic > Bodish > Early Old Tibetan > Middle Old Tibetan > Late Old Tibetan > Southern Tibetic > Dzongkhic > Nuclear Dzongkhic,Sino-Tibetan > Bodic > Southern Tibetic,2.052,226.5757,4.7904,2.2665,205.1324,4.921,2.4982,186.1043,4.9954,3.1826,146.0843,5.265,2.3426,198.4674,4.9242,2.5666,181.1444,5.0082,3.1247,148.7904,4.8575,5.2196,89.0732,3.7609,1.6074,289.2377,4.847,1.6818,276.4504,5.1064,1.7659,263.2728,5.5455,1.9531,238.0441,6.4781,2.2302,208.4674,4.688,2.3742,195.8265,4.8629,2.6602,174.7723,5.0794,3.2029,145.1595,5.2631
esto1258,ekk,ekk_Latn,997,,270383021.0,268165050.0,Estonian,Latn,Alphabet,1 byte,Uralic,Uralic > Finnic > Coastal Finnic > Neva > Central Finnic,Uralic > Finnic > Central Finnic,2.1664,58.7533,1.2422,2.584,49.2598,1.1817,3.0568,41.6399,1.1177,4.552,27.9629,1.0078,3.0465,41.7813,1.0366,3.5674,35.68,0.9865,4.6043,27.6449,0.9025,6.6227,19.2197,0.8115,1.3796,92.2608,1.5461,1.4782,86.1083,1.5905,1.6246,78.349,1.6503,2.105,60.4684,1.6456,2.5177,50.5557,1.1369,2.7978,45.4945,1.1297,3.394,37.5035,1.09,4.5941,27.7061,1.0045
mode1248,ell,ell_Grek,997,,1086923125.0,1081601897.0,Greek,Grek,Alphabet,2 bytes,Indo-European,Indo-European > Classical Indo-European > Graeco-Phrygian > Greek > South Greek > Central Greek > Koineic Greek > Modern Koineic Greek > Nuclear Modern Greek,Indo-European > Graeco-Phrygian,2.0604,133.0411,2.8128,2.1823,125.6068,3.0132,2.2984,119.2608,3.2012,2.7444,99.8816,3.5998,2.6954,101.6971,2.5232,2.9583,92.657,2.5617,3.4547,79.344,2.5903,5.3166,51.5577,2.1769,1.6632,164.8074,2.7618,1.8063,151.7503,2.803,1.971,139.0692,2.9293,2.3122,118.5517,3.2262,2.1712,126.2467,2.839,2.2384,122.4594,3.041,2.3838,114.989,3.3419,2.7639,99.1765,3.5959
stan1293,eng,eng_Latn,997,,88502069080.0,87766779120.0,English,Latn,Alphabet,1 byte,Indo-European,Indo-European > Classical Indo-European > Germanic > Northwest Germanic > West Germanic > North Sea Germanic > Anglo-Frisian > Anglic > Later Anglic > Middle-Modern English > Macro-English,Indo-European > Germanic > West Germanic > North Sea Germanic,2.6569,47.2979,1.0,3.0147,41.6851,1.0,3.3732,37.2548,1.0,4.5292,27.7462,1.0,3.1179,40.3049,1.0,3.4744,36.1695,1.0,4.1026,30.6309,1.0,5.306,23.6841,1.0,2.1059,59.673,1.0,2.3212,54.1384,1.0,2.647,47.4754,1.0,3.4199,36.7462,1.0,2.826,44.4684,1.0,3.1206,40.2698,1.0,3.6522,34.4082,1.0,4.5563,27.5807,1.0
espe1235,epo,epo_Latn,997,,16488806.0,16428426.0,Esperanto,Latn,Alphabet,1 byte,Artificial Language,Artificial Language > Esperantic,Artificial Language > Esperantic,2.1461,59.6429,1.261,2.5217,50.7603,1.2177,2.9406,43.5296,1.1684,4.4076,29.0411,1.0467,3.0338,42.1916,1.0468,3.4378,37.2337,1.0294,4.2385,30.1996,0.9859,5.795,22.0883,0.9326,1.3568,94.344,1.581,1.4582,87.7834,1.6215,1.62,79.012,1.6643,2.1036,60.8495,1.6559,2.4524,52.1946,1.1737,2.7046,47.328,1.1753,3.2424,39.4774,1.1473,4.4465,28.7874,1.0438
basq1248,eus,eus_Latn,997,,64561327.0,63938667.0,Basque,Latn,Alphabet,1 byte,Isolate,Isolate,Isolate,2.0987,64.015,1.3534,2.5431,52.8305,1.2674,3.0541,43.99,1.1808,4.9238,27.2859,0.9834,2.9905,44.9258,1.1146,3.4704,38.7131,1.0703,4.4511,30.1836,0.9854,6.5926,20.3791,0.8605,1.2696,105.8245,1.7734,1.3561,99.0702,1.8299,1.4862,90.4002,1.9041,1.8862,71.2267,1.9383,2.4774,54.2307,1.2195,2.7719,48.4694,1.2036,3.4269,39.2046,1.1394,4.9854,26.9488,0.9771
ewee1241,ewe,ewe_Latn,997,,,,Ewe,Latn,Alphabet,1 byte,Atlantic-Congo,Atlantic-Congo > Volta-Congo > Kwa Volta-Congo > Gbe > Western Gbe > Eweic,Atlantic-Congo > Volta-Congo > Kwa Volta-Congo > Gbe > Western Gbe,2.0301,66.5617,1.4073,2.4586,54.9599,1.3185,2.9847,45.2728,1.2152,4.9471,27.3139,0.9844,2.6576,50.8455,1.2615,3.0438,44.3932,1.2274,3.8471,35.1244,1.1467,6.1178,22.0873,0.9326,1.1195,120.7031,2.0227,1.1494,117.5577,2.1714,1.1921,113.3521,2.3876,1.3161,102.67,2.794,2.4063,56.1555,1.2628,2.6962,50.1163,1.2445,3.3714,40.0802,1.1648,5.0134,26.9529,0.9772
faro1244,fao,fao_Latn,997,,8203838.0,8160846.0,Faroese,Latn,Alphabet,1 byte,Indo-European,Indo-European > Classical Indo-European > Germanic > Northwest Germanic > North Germanic > West Scandinavian > Icelandic-Faroese,Indo-European > Germanic > North Germanic > West Scandinavian > Icelandic-Faroese,2.1175,65.1274,1.377,2.5466,54.1535,1.2991,3.0295,45.5226,1.2219,4.6192,29.8556,1.076,3.1477,43.8124,1.087,3.6763,37.5135,1.0372,4.6701,29.5306,0.9641,6.3506,21.7161,0.9169,1.2309,112.0431,1.8776,1.3001,106.0792,1.9594,1.403,98.2929,2.0704,1.7479,78.9017,2.1472,2.4894,55.3992,1.2458,2.772,49.7503,1.2354,3.3641,40.995,1.1914,4.6713,29.5226,1.0704
fiji1243,fij,fij_Latn,997,,191398.0,189932.0,Fijian,Latn,Alphabet,1 byte,Austronesian,Austronesian > Malayo-Polynesian > Eastern Malayo-Polynesian > Oceanic > Central Pacific linkage > Tokalau Fijian > Eastern Fijian > Nuclear Eastern Fijian > Viwa-Lomaiviti-East Viti Levu,Austronesian > Eastern Malayo-Polynesian > Eastern Fijian,1.9358,75.8245,1.6031,2.2485,65.2818,1.5661,2.6625,55.1304,1.4798,4.627,31.7232,1.1433,2.7951,52.5145,1.3029,3.1659,46.3641,1.2819,3.891,37.7242,1.2316,5.537,26.5095,1.1193,1.1693,125.5276,2.1036,1.2238,119.9458,2.2155,1.3091,112.1294,2.3618,1.593,92.1444,2.5076,2.2014,66.679,1.4995,2.4283,60.4483,1.5011,2.9822,49.2207,1.4305,4.702,31.2177,1.1319
fili1244,fil,fil_Latn,997,,,,Filipino,Latn,Alphabet,1 byte,Austronesian,Austronesian > Malayo-Polynesian > Greater Central Philippine > Central Philippine > Tagalogic > Tagalog-Filipino,Austronesian > Greater Central Philippine > Tagalogic,2.1402,73.9208,1.5629,2.5398,62.2889,1.4943,3.0045,52.655,1.4134,4.7188,33.5256,1.2083,2.8503,55.5035,1.3771,3.2841,48.1725,1.3319,4.1986,37.68,1.2301,6.168,25.6489,1.083,1.206,131.1836,2.1984,1.2665,124.9117,2.3073,1.357,116.5797,2.4556,1.6316,96.9629,2.6387,2.4895,63.5466,1.429,2.7494,57.5396,1.4289,3.35,47.2237,1.3725,4.7774,33.1143,1.2006
finn1318,fin,fin_Latn,997,,754585351.0,748584150.0,Finnish,Latn,Alphabet,1 byte,Uralic,Uralic > Finnic > Coastal Finnic > Neva > North Finnic > Nuclear Finnish,Uralic > Finnic > North Finnic,2.5159,55.4814,1.173,2.9439,47.4152,1.1375,3.3964,41.0973,1.1031,5.0197,27.8074,1.0022,2.9193,47.8134,1.1863,3.2953,42.3591,1.1711,4.1615,33.5416,1.095,6.1212,22.8034,0.9628,2.0767,67.2156,1.1264,2.3044,60.5717,1.1188,2.6115,53.4493,1.1258,3.5997,38.7763,1.0552,2.7745,50.3089,1.1313,3.1046,44.9609,1.1165,3.7624,37.0993,1.0782,5.0628,27.5707,0.9996
fonn1241,fon,fon_Latn,997,,,,Fon,Latn,Alphabet,1 byte,Atlantic-Congo,Atlantic-Congo > Volta-Congo > Kwa Volta-Congo > Gbe > Eastern Gbe > Fongbeic,Atlantic-Congo > Volta-Congo > Kwa Volta-Congo > Gbe > Eastern Gbe,2.0557,77.1244,1.6306,2.4616,64.4072,1.5451,2.9349,54.0191,1.45,4.6327,34.2227,1.2334,2.6068,60.8185,1.509,3.0073,52.7192,1.4576,3.8634,41.0371,1.3397,6.4952,24.4092,1.0306,1.1123,142.5316,2.3885,1.1375,139.3791,2.5745,1.1712,135.3701,2.8514,1.2612,125.7041,3.4209,2.4076,65.8495,1.4808,2.6791,59.1785,1.4696,3.2826,48.2979,1.4037,4.6843,33.8455,1.2271
stan1290,fra,fra_Latn,997,,8938152817.0,8869369439.0,French,Latn,Alphabet,1 byte,Indo-European,Indo-European > Classical Indo-European > Italic > Latino-Faliscan > Latinic > Imperial Latin > Romance > Italo-Western Romance > Western Romance > Shifted Western Romance > Northwestern Shifted Romance > Gallo-Rhaetian > Oil > Central Oil > Macro-French > Global French,Indo-European > Italic > Italo-Western Romance > Western Romance > Shifted Western Romance > Northwestern Shifted Romance > Gallo-Rhaetian > Global French,2.8751,53.9238,1.1401,3.2313,47.9799,1.151,3.5963,43.1103,1.1572,5.1007,30.3952,1.0955,3.1023,49.9749,1.2399,3.4416,45.0481,1.2455,4.0951,37.8596,1.236,5.4362,28.5196,1.2042,2.4252,63.9288,1.0713,2.7169,57.0652,1.0541,3.0916,50.1474,1.0563,4.1008,37.8064,1.0289,2.9825,51.9829,1.169,3.3089,46.8546,1.1635,3.9268,39.4824,1.1475,5.1396,30.1655,1.0937
east2271,fur,fur_Latn,997,,,,Friulian,Latn,Alphabet,1 byte,Indo-European,Indo-European > Classical Indo-European > Italic > Latino-Faliscan > Latinic > Imperial Latin > Romance > Italo-Western Romance > Italo-Dalmatian > Italian Romance > Friulian,Indo-European > Italic > Italo-Western Romance > Italo-Dalmatian > Italian Romance > Friulian,2.2531,63.3029,1.3384,2.6383,54.0602,1.2969,3.058,46.6409,1.2519,4.5647,31.2457,1.1261,3.0682,46.4865,1.1534,3.4567,41.2618,1.1408,4.1315,34.5226,1.1271,5.4091,26.3681,1.1133,1.5163,94.0642,1.5763,1.6609,85.8736,1.5862,1.8768,75.994,1.6007,2.5648,55.6098,1.5133,2.5532,55.8636,1.2563,2.8134,50.6961,1.2589,3.3874,42.1063,1.2237,4.6124,30.9228,1.1212
nige1253,fuv,fuv_Latn,997,,,,Nigerian Fulfulde,Latn,Alphabet,1 byte,Atlantic-Congo,Atlantic-Congo > North-Central Atlantic > Fula-Sereer > Fula > Eastern Fula,Atlantic-Congo > North-Central Atlantic > Fula-Sereer,1.981,61.1775,1.2935,2.3088,52.4925,1.2593,2.6996,44.8927,1.205,4.3994,27.5476,0.9928,2.8518,42.4975,1.0544,3.2381,37.4273,1.0348,4.0035,30.2718,0.9883,5.5725,21.7482,0.9183,1.1884,101.9819,1.709,1.2445,97.3811,1.7987,1.3298,91.1364,1.9197,1.5853,76.4473,2.0804,2.2557,53.7282,1.2082,2.4717,49.0321,1.2176,3.0223,40.0993,1.1654,4.453,27.2156,0.9868
west2721,gaz,gaz_Latn,997,,927830.0,923231.0,West Central Oromo,Latn,Alphabet,1 byte,Afro-Asiatic,Afro-Asiatic > Cushitic > East Cushitic > Lowland East Cushitic > Southern Lowland East Cushitic > Mainstream Lowland East Cushitic > Oromoid > Nuclear Oromo,Afro-Asiatic > Cushitic > Oromoid,2.0037,75.665,1.5998,2.4277,62.4493,1.4981,2.9384,51.5958,1.3849,4.9756,30.4704,1.0982,2.8086,53.9799,1.3393,3.2507,46.6379,1.2894,4.2425,35.7352,1.1666,6.7266,22.5386,0.9516,1.2123,125.0562,2.0957,1.2787,118.5627,2.19,1.3811,109.7693,2.3121,1.6911,89.6479,2.4397,2.3677,64.0311,1.4399,2.6524,57.1585,1.4194,3.3286,45.5466,1.3237,5.049,30.0271,1.0887
scot1245,gla,gla_Latn,997,,2973293.0,2962154.0,Scottish Gaelic,Latn,Alphabet,1 byte,Indo-European,Indo-European > Classical Indo-European > Celtic > Nuclear Celtic > Core Celtic > Insular Celtic > Goidelic > Modern Goidelic > Eastern Goidelic,Indo-European > Celtic > Goidelic > Eastern Goidelic,2.0953,77.3852,1.6361,2.5083,64.6419,1.5507,2.9545,54.8796,1.4731,4.6475,34.8887,1.2574,3.0923,52.4353,1.301,3.5673,45.4534,1.2567,4.4989,36.0411,1.1766,5.8704,27.6209,1.1662,1.2096,134.0491,2.2464,1.2732,127.3501,2.3523,1.3819,117.333,2.4714,1.7338,93.5186,2.545,2.4542,66.0692,1.4858,2.7071,59.8967,1.4874,3.2965,49.1876,1.4295,4.6951,34.5346,1.2521
iris1253,gle,gle_Latn,997,,12046808.0,11970817.0,Irish,Latn,Alphabet,1 byte,Indo-European,Indo-European > Classical Indo-European > Celtic > Nuclear Celtic > Core Celtic > Insular Celtic > Goidelic > Modern Goidelic,Indo-European > Celtic > Goidelic,2.1068,73.6058,1.5562,2.5414,61.0171,1.4638,3.0187,51.3701,1.3789,4.7112,32.9157,1.1863,3.0948,50.1063,1.2432,3.5428,43.7713,1.2102,4.413,35.1394,1.1472,5.9082,26.2467,1.1082,1.2408,124.9799,2.0944,1.3205,117.4323,2.1691,1.4426,107.4915,2.2642,1.8649,83.1505,2.2628,2.4897,62.2849,1.4007,2.7614,56.1575,1.3945,3.3656,46.0752,1.3391,4.7683,32.5216,1.1791
gali1258,glg,glg_Latn,997,,70206749.0,69830421.0,Galician,Latn,Alphabet,1 byte,Indo-European,Indo-European > Classical Indo-European > Italic > Latino-Faliscan > Latinic > Imperial Latin > Romance > Italo-Western Romance > Western Romance > Shifted Western Romance > Southwestern Shifted Romance > West Ibero-Romance > Galician Romance,Indo-European > Italic > Italo-Western Romance > Western Romance > Shifted Western Romance > Southwestern Shifted Romance > West Ibero-Romance > Galician Romance,2.3672,60.2166,1.2731,2.7603,51.6409,1.2388,3.1944,44.6229,1.1978,4.7985,29.7061,1.0706,3.0691,46.4443,1.1523,3.4525,41.2869,1.1415,4.1253,34.5537,1.1281,5.3321,26.7332,1.1287,1.8589,76.683,1.2851,2.0696,68.8756,1.2722,2.3685,60.1836,1.2677,3.2256,44.1916,1.2026,2.6158,54.4935,1.2254,2.9187,48.8375,1.2128,3.5446,40.2146,1.1688,4.8431,29.4323,1.0671
goan1235,gom,gom_Deva,997,dev only,,,Goan Konkani,Deva,Abugida,3 bytes,Indo-European,Indo-European > Classical Indo-European > Indo-Iranian > Indo-Aryan > Middle-Modern Indo-Aryan > Continental Indo-Aryan > Indo-Aryan Southern zone > Marathic > Marathi-Konkani,Indo-European > Indo-Iranian > Indo-Aryan > Middle-Modern Indo-Aryan > Continental Indo-Aryan > Indo-Aryan Southern zone,2.4307,131.8084,2.7868,2.6325,121.7081,2.9197,2.8762,111.3932,2.99,4.1349,77.4855,2.7927,3.7212,86.0993,2.1362,3.957,80.9679,2.2386,4.3836,73.0893,2.3861,5.2192,61.3872,2.5919,3.5236,90.9278,1.5238,3.8036,84.2327,1.5559,4.1517,77.1705,1.6255,4.9467,64.7693,1.7626,2.4926,128.5376,2.8905,2.6786,119.6108,2.9702,3.1135,102.9047,2.9907,4.1124,77.9077,2.8247
para1311,gug,gug_Latn,997,,,,Paraguayan Guaraní,Latn,Alphabet,1 byte,Tupian,Tupian > Eastern Tupian > Maweti-Guarani > Aweti-Guarani > Tupi-Guarani > Southern Tupi-Guarani > Tupi-Guarani Subgroup I > Tupi-Guarani Subgroup I.A > Paraguay-Brazil Guarani,Tupian,2.0783,66.001,1.3954,2.4847,55.2056,1.3243,2.9506,46.4875,1.2478,4.6826,29.2929,1.0557,2.9601,46.339,1.1497,3.4262,40.0351,1.1069,4.3571,31.4814,1.0278,6.4126,21.3902,0.9031,1.3202,103.9007,1.7412,1.409,97.3521,1.7982,1.5449,88.7884,1.8702,1.9576,70.0702,1.9069,2.4187,56.7111,1.2753,2.6864,51.0602,1.268,3.2934,41.6489,1.2104,4.7455,28.9047,1.048
guja1252,guj,guj_Gujr,997,,20627706.0,20505300.0,Gujarati,Gujr,Abugida,3 bytes,Indo-European,Indo-European > Classical Indo-European > Indo-Iranian > Indo-Aryan > Middle-Modern Indo-Aryan > Continental Indo-Aryan > Midlands Indo-Aryan > Apabhramsic > Gujarati-Rajasthani > Gujaratic,Indo-European > Indo-Iranian > Indo-Aryan > Middle-Modern Indo-Aryan > Continental Indo-Aryan > Midlands Indo-Aryan > Apabhramsic,2.0968,150.5486,3.183,2.3478,134.4564,3.2255,2.6182,120.5677,3.2363,3.4635,91.1424,3.2849,2.5936,121.7101,3.0197,2.8365,111.2889,3.0769,3.3542,94.1113,3.0724,4.9256,64.0883,2.706,1.7488,180.5075,3.0249,1.8618,169.5547,3.1319,2.0078,157.2247,3.3117,2.3323,135.345,3.6832,2.2805,138.4233,3.1128,2.4512,128.7793,3.1979,2.8114,112.2818,3.2632,3.4911,90.4213,3.2784
hait1244,hat,hat_Latn,997,,3318663.0,3308474.0,Haitian Creole,Latn,Alphabet,1 byte,Indo-European,Indo-European > Classical Indo-European > Italic > Latino-Faliscan > Latinic > Imperial Latin > Romance > Italo-Western Romance > Western Romance > Shifted Western Romance > Northwestern Shifted Romance > Gallo-Rhaetian > Oil > Central Oil > Macro-French > Circum-Caribbean French,Indo-European > Italic > Italo-Western Romance > Western Romance > Shifted Western Romance > Northwestern Shifted Romance > Gallo-Rhaetian > Circum-Caribbean French,2.1377,55.7533,1.1788,2.5026,47.6239,1.1425,2.9142,40.8977,1.0978,4.305,27.6851,0.9978,2.9992,39.7382,0.9859,3.4234,34.8144,0.9625,4.2218,28.2307,0.9216,5.4585,21.8345,0.9219,1.2541,95.0321,1.5925,1.3266,89.8385,1.6594,1.4335,83.1434,1.7513,1.7722,67.2508,1.8301,2.4469,48.7081,1.0953,2.6838,44.4082,1.1028,3.2154,37.0662,1.0772,4.3508,27.3932,0.9932
haus1257,hau,hau_Latn,997,,4487502.0,4460085.0,Hausa,Latn,Alphabet,1 byte,Afro-Asiatic,Afro-Asiatic > Chadic > West Chadic > West Chadic A > West Chadic A.1,Afro-Asiatic > Chadic,1.9621,70.3932,1.4883,2.282,60.5266,1.452,2.6813,51.5125,1.3827,4.4284,31.1896,1.1241,2.7678,49.9037,1.2382,3.1652,43.6369,1.2065,3.9938,34.5838,1.129,5.9546,23.1956,0.9794,1.1774,117.3059,1.9658,1.2307,112.2267,2.073,1.3061,105.7482,2.2274,1.5296,90.2979,2.4573,2.2317,61.8897,1.3918,2.4501,56.3741,1.3999,3.0033,45.99,1.3366,4.4895,30.7653,1.1155
hebr1245,heb,heb_Hebr,997,,461968429.0,458572341.0,Hebrew,Hebr,Abjad,2 bytes,Afro-Asiatic,Afro-Asiatic > Semitic > West Semitic > Central Semitic > Northwest Semitic > Canaanite > Hebrewic,Afro-Asiatic > Semitic > Central Semitic > Northwest Semitic,2.3367,74.8887,1.5833,2.4181,72.3661,1.736,2.5123,69.654,1.8697,2.9594,59.1304,2.1311,3.1246,56.004,1.3895,3.2685,53.5386,1.4802,3.52,49.7121,1.6229,4.1386,42.2818,1.7852,2.9184,59.9609,1.0048,3.0919,56.5968,1.0454,3.2709,53.4985,1.1269,3.6897,47.4263,1.2906,2.3012,76.0441,1.7101,2.4143,72.4794,1.7998,2.6204,66.7793,1.9408,2.9702,58.9157,2.1361
hind1269,hin,hin_Deva,997,,297818592.0,296664138.0,Hindi,Deva,Abugida,3 bytes,Indo-European,Indo-European > Classical Indo-European > Indo-Iranian > Indo-Aryan > Middle-Modern Indo-Aryan > Continental Indo-Aryan > Midlands Indo-Aryan > Shaurasenic > Indo-Aryan Central zone > Western Hindi > Hindustani,Indo-European > Indo-Iranian > Indo-Aryan > Middle-Modern Indo-Aryan > Continental Indo-Aryan > Midlands Indo-Aryan > Shaurasenic > Indo-Aryan Central zone,2.4274,133.1555,2.8153,2.6133,123.682,2.9671,2.8559,113.1765,3.0379,4.3478,74.342,2.6794,3.8231,84.5456,2.0977,4.0712,79.3932,2.195,4.5276,71.3902,2.3307,5.3841,60.0331,2.5347,3.6826,87.7713,1.4709,3.9772,81.2698,1.5011,4.3534,74.2457,1.5639,5.183,62.3621,1.6971,2.4479,132.0401,2.9693,2.6455,122.1765,3.0339,3.1144,103.7823,3.0162,4.3198,74.8235,2.7129
chha1249,hne,hne_Deva,997,,,,Chhattisgarhi,Deva,Abugida,3 bytes,Indo-European,Indo-European > Classical Indo-European > Indo-Iranian > Indo-Aryan > Middle-Modern Indo-Aryan > Continental Indo-Aryan > Midlands Indo-Aryan > Shaurasenic > Eastern Hindi,Indo-European > Indo-Iranian > Indo-Aryan > Middle-Modern Indo-Aryan > Continental Indo-Aryan > Midlands Indo-Aryan > Shaurasenic > Eastern Hindi,2.4354,127.9127,2.7044,2.6205,118.8776,2.8518,2.8544,109.1344,2.9294,4.1667,74.7633,2.6945,3.7527,83.011,2.0596,3.9846,78.1805,2.1615,4.4021,70.7653,2.3103,5.1814,60.1214,2.5385,3.558,87.5537,1.4672,3.8222,81.5015,1.5054,4.1568,74.9408,1.5785,4.8805,63.8285,1.737,2.47,126.1214,2.8362,2.6514,117.4885,2.9175,3.0836,101.0221,2.936,4.1379,75.2839,2.7296
croa1245,hrv,hrv_Latn,997,,398007249.0,395925092.0,Croatian,Latn,Alphabet,1 byte,Indo-European,Indo-European > Classical Indo-European > Balto-Slavic > Slavic > South Slavic > Western South Slavic > Serbian-Croatian-Bosnian > Shtokavski > New Shtokavian > Eastern Herzegovinian Shtokavian,Indo-European > Balto-Slavic > Slavic > South Slavic > Western South Slavic > Serbian-Croatian-Bosnian,2.4242,52.5988,1.1121,2.7905,45.6951,1.0962,3.1824,40.0682,1.0755,4.5508,28.0201,1.0099,3.1578,40.3801,1.0019,3.5208,36.2166,1.0013,4.1441,30.7693,1.0045,5.3492,23.8375,1.0065,1.9227,66.32,1.1114,2.1534,59.2156,1.0938,2.4689,51.6469,1.0879,3.2134,39.682,1.0799,2.6504,48.1103,1.0819,2.9285,43.5416,1.0812,3.4812,36.6289,1.0645,4.5866,27.8014,1.008
hung1274,hun,hun_Latn,997,,1075637261.0,1069342197.0,Hungarian,Latn,Alphabet,1 byte,Uralic,Uralic > Hungaric,Uralic > Hungaric,2.1009,69.2106,1.4633,2.5428,57.1836,1.3718,3.0559,47.5817,1.2772,4.8373,30.0592,1.0834,3.0989,46.9208,1.1641,3.6031,40.3551,1.1157,4.617,31.4935,1.0282,6.5466,22.2106,0.9378,1.2918,112.5627,1.8863,1.3769,105.6008,1.9506,1.5088,96.3711,2.0299,1.9175,75.8295,2.0636,2.4715,58.8335,1.323,2.76,52.683,1.3083,3.4354,42.325,1.2301,4.8946,29.7071,1.0771
nucl1235,hye,hye_Armn,997,,65590629.0,65263010.0,Armenian,Armn,Alphabet,2 bytes,Indo-European,Indo-European > Classical Indo-European > Armenic > Eastern-Western Armenian,Indo-European > Armenic,2.0765,124.4995,2.6322,3.2796,78.8295,1.8911,5.3371,48.4393,1.3002,14.5679,17.7462,0.6396,3.503,73.8014,1.8311,4.0958,63.1204,1.7451,5.1798,49.9107,1.6294,7.5348,34.3109,1.4487,1.0089,256.2558,4.2943,1.0131,255.1866,4.7136,1.0196,253.5597,5.3409,1.0433,247.7874,6.7432,3.1237,82.7633,1.8612,4.1643,62.0812,1.5416,7.0228,36.8124,1.0699,14.8158,17.4493,0.6327
nucl1417,ibo,ibo_Latn,997,,1053902.0,1050050.0,Igbo,Latn,Alphabet,1 byte,Atlantic-Congo,Atlantic-Congo > Volta-Congo > Benue-Congo > Igboid > Nuclear Igboid > Central-Northern Igbo,Atlantic-Congo > Volta-Congo > Benue-Congo > Igboid,2.0844,72.0702,1.5238,2.4291,61.8415,1.4835,2.817,53.327,1.4314,4.244,35.3962,1.2757,2.7251,55.1244,1.3677,3.0885,48.6379,1.3447,3.8569,38.9478,1.2715,5.7312,26.2106,1.1067,1.3065,114.9809,1.9268,1.3837,108.5647,2.0053,1.491,100.7523,2.1222,1.8028,83.324,2.2676,2.373,63.3039,1.4236,2.6007,57.7603,1.4343,3.0977,48.4945,1.4094,4.2901,35.015,1.2695
ilok1237,ilo,ilo_Latn,997,,,,Ilocano,Latn,Alphabet,1 byte,Austronesian,Austronesian > Malayo-Polynesian > Northern Luzon,Austronesian > Northern Luzon,2.0921,72.8816,1.5409,2.4687,61.7653,1.4817,2.9127,52.349,1.4052,4.6978,32.4574,1.1698,2.8511,53.4814,1.3269,3.2758,46.5466,1.2869,4.1724,36.5446,1.1931,6.1018,24.989,1.0551,1.2728,119.7974,2.0076,1.3537,112.6369,2.0805,1.4768,103.2477,2.1748,1.8355,83.0732,2.2607,2.4023,63.4714,1.4273,2.6694,57.1214,1.4185,3.2488,46.9338,1.364,4.7605,32.0301,1.1613
indo1316,ind,ind_Latn,997,,1734815027.0,1724070898.0,Indonesian,Latn,Alphabet,1 byte,Austronesian,Austronesian > Malayo-Polynesian > Malayo-Chamic > Malayic > Nuclear Malayic > Standard Malay-Indonesian,Austronesian > Malayo-Chamic > Malayic > Standard Malay-Indonesian,2.1046,64.998,1.3742,2.5352,53.9579,1.2944,3.0227,45.2568,1.2148,4.8035,28.4784,1.0264,2.9701,46.0572,1.1427,3.4499,39.652,1.0963,4.4424,30.7934,1.0053,6.4773,21.1194,0.8917,1.2385,110.4554,1.851,1.3099,104.4353,1.929,1.4177,96.4925,2.0325,1.7666,77.4353,2.1073,2.4728,55.32,1.244,2.7532,49.6861,1.2338,3.3996,40.2387,1.1695,4.8669,28.1073,1.0191
icel1247,isl,isl_Latn,997,,77405745.0,76854819.0,Icelandic,Latn,Alphabet,1 byte,Indo-European,Indo-European > Classical Indo-European > Germanic > Northwest Germanic > North Germanic > West Scandinavian > Icelandic-Faroese,Indo-European > Germanic > North Germanic > West Scandinavian > Icelandic-Faroese,2.097,65.662,1.3883,2.5246,54.5416,1.3084,3.0128,45.7031,1.2268,4.6107,29.8646,1.0763,3.1568,43.6189,1.0822,3.6744,37.4744,1.0361,4.6679,29.4985,0.963,6.3448,21.7021,0.9163,1.2259,112.321,1.8823,1.2987,106.0241,1.9584,1.408,97.7974,2.06,1.7589,78.2849,2.1304,2.4704,55.7382,1.2534,2.749,50.0903,1.2439,3.3584,41.001,1.1916,4.66,29.5486,1.0714
ital1282,ita,ita_Latn,997,,4769480161.0,4737665600.0,Italian,Latn,Alphabet,1 byte,Indo-European,Indo-European > Classical Indo-European > Italic > Latino-Faliscan > Latinic > Imperial Latin > Romance > Italo-Western Romance > Italo-Dalmatian > Italian Romance > Central Italian Romance,Indo-European > Italic > Italo-Western Romance > Italo-Dalmatian > Italian Romance > Central Italian Romance,2.6301,56.5125,1.1948,3.0433,48.8395,1.1716,3.517,42.2618,1.1344,5.2041,28.5607,1.0294,3.1446,47.2658,1.1727,3.5196,42.2307,1.1676,4.1604,35.7262,1.1663,5.3538,27.7623,1.1722,2.192,67.8074,1.1363,2.4736,60.0873,1.1099,2.8482,52.1846,1.0992,3.8154,38.9559,1.0601,2.8411,52.3149,1.1765,3.1908,46.5817,1.1567,3.9171,37.9448,1.1028,5.2488,28.318,1.0267
java1254,jav,jav_Latn,997,,4250233.0,4240636.0,Javanese,Latn,Alphabet,1 byte,Austronesian,Austronesian > Malayo-Polynesian > Javanesic > Modern Javanese > Global Javanese,Austronesian > Javanesic,2.1107,62.0401,1.3117,2.5065,52.2437,1.2533,2.9573,44.2798,1.1886,4.5996,28.4694,1.0261,2.8578,45.8215,1.1369,3.2887,39.8175,1.1009,4.1868,31.2768,1.0211,6.3067,20.7633,0.8767,1.2752,102.6911,1.7209,1.3594,96.326,1.7793,1.4858,88.1354,1.8564,1.8452,70.9659,1.9312,2.4484,53.4824,1.2027,2.7141,48.2467,1.1981,3.3015,39.663,1.1527,4.6511,28.1545,1.0208
nucl1643,jpn,jpn_Jpan,997,,9870174960.0,9822995554.0,Japanese,Jpan,Logosyllabary,3 bytes,Japonic,Japonic > Japanesic > Japan-Taiwan Japanese,Japonic,2.3154,69.332,1.4659,2.6214,61.2377,1.4691,2.9722,54.01,1.4497,4.8614,33.0211,1.1901,3.1595,50.8084,1.2606,3.5031,45.8255,1.267,4.1764,38.4373,1.2549,6.1602,26.0592,1.1003,2.5967,61.8195,1.036,2.91,55.1645,1.019,3.3272,48.2477,1.0163,4.4948,35.7141,0.9719,2.408,66.664,1.4991,2.6793,59.9137,1.4878,3.3181,48.3801,1.4061,4.8569,33.0522,1.1984
kaby1243,kab,kab_Latn,997,,,,Kabyle,Latn,Alphabet,1 byte,Afro-Asiatic,Afro-Asiatic > Berber > Kabyle-Atlas Berber,Afro-Asiatic > Berber > Kabyle-Atlas Berber,2.0715,64.2768,1.359,2.4672,53.9699,1.2947,2.9282,45.4724,1.2206,4.5569,29.2197,1.0531,2.8345,46.9759,1.1655,3.26,40.8445,1.1293,4.1095,32.4012,1.0578,5.824,22.8626,0.9653,1.1512,115.664,1.9383,1.1943,111.4925,2.0594,1.258,105.8455,2.2295,1.4461,92.0762,2.5057,2.4088,55.2768,1.2431,2.6753,49.7703,1.2359,3.2638,40.7964,1.1857,4.6079,28.8967,1.0477
kach1280,kac,kac_Latn,997,,,,Jingpho,Latn,Alphabet,1 byte,Sino-Tibetan,Sino-Tibetan > Brahmaputran > Jingpho-Luish > Jingpho,Sino-Tibetan > Brahmaputran > Jingpho-Luish,2.056,77.1745,1.6317,2.3649,67.0933,1.6095,2.738,57.9498,1.5555,4.2139,37.653,1.3571,2.7273,58.1765,1.4434,3.0994,51.1936,1.4154,3.8334,41.3902,1.3513,5.5182,28.7533,1.214,1.1852,133.8716,2.2434,1.2379,128.1715,2.3675,1.3156,120.6088,2.5404,1.5366,103.2618,2.8101,2.3179,68.4524,1.5393,2.5291,62.7362,1.5579,3.0212,52.5186,1.5263,4.267,37.1846,1.3482
kamb1297,kam,kam_Latn,997,,,,Kamba,Latn,Alphabet,1 byte,Atlantic-Congo,Atlantic-Congo > Volta-Congo > Benue-Congo > Bantoid > Southern Bantoid > Narrow Bantu > East Bantu > Northeast Savanna Bantu > Central Kenya Bantu > Kamba-Dhaisu,Atlantic-Congo > Volta-Congo > Benue-Congo > Bantoid > East Bantu > Northeast Savanna Bantu > Central Kenya Bantu > Kamba-Dhaisu,2.0461,62.5125,1.3217,2.4056,53.1695,1.2755,2.8158,45.4243,1.2193,4.4357,28.8355,1.0393,2.7647,46.2648,1.1479,3.1661,40.3982,1.1169,4.0576,31.5226,1.0291,6.3517,20.1374,0.8502,1.3418,95.322,1.5974,1.4356,89.0933,1.6457,1.5721,81.3621,1.7138,1.954,65.4584,1.7814,2.3484,54.4654,1.2248,2.587,49.4423,1.2278,3.1244,40.9378,1.1898,4.4928,28.4694,1.0322
nucl1305,kan,kan_Knda,997,,23282397.0,23203388.0,Kannada,Knda,Abugida,3 bytes,Dravidian,Dravidian > South Dravidian > South Dravidian I > Tamil-Kannada > Badaga-Kannada > Kannadoid > Nuclear Kannaoid,Dravidian > South Dravidian I > Badaga-Kannada,2.2682,158.0702,3.342,2.5024,143.2738,3.4371,2.7661,129.6169,3.4792,3.5461,101.1053,3.6439,2.9754,120.4985,2.9897,3.1839,112.6088,3.1134,3.6013,99.5557,3.2502,4.7537,75.4223,3.1845,2.3655,151.5657,2.5399,2.5688,139.5707,2.578,2.7852,128.7272,2.7115,3.2784,109.3611,2.9761,2.4025,149.2317,3.3559,2.6105,137.342,3.4105,2.9547,121.345,3.5266,3.567,100.5145,3.6444
kash1277,kas,kas_Arab,997,,6537.0,6503.0,Kashmiri (Arabic script),Arab,Abjad,2 bytes,Indo-European,Indo-European > Classical Indo-European > Indo-Iranian > Indo-Aryan > Middle-Modern Indo-Aryan > Eastern Dardic > Kashmiric,Indo-European > Indo-Iranian > Indo-Aryan > Middle-Modern Indo-Aryan > Eastern Dardic > Kashmiric,2.0155,107.9117,2.2815,2.3055,94.338,2.2631,2.6285,82.7452,2.2211,4.1133,52.8766,1.9057,3.0077,72.3139,1.7942,3.2912,66.0843,1.8271,3.8444,56.5747,1.847,5.3097,40.9619,1.7295,1.826,119.1123,1.9961,2.1222,102.4865,1.893,2.5107,86.6269,1.8247,3.4406,63.2146,1.7203,2.2697,95.8255,2.1549,2.4519,88.7061,2.2028,2.8883,75.3019,2.1885,4.1721,52.1304,1.8901
kash1277,kas,kas_Deva,997,,6537.0,6503.0,Kashmiri (Devanagari script),Deva,Abugida,3 bytes,Indo-European,Indo-European > Classical Indo-European > Indo-Iranian > Indo-Aryan > Middle-Modern Indo-Aryan > Eastern Dardic > Kashmiric,Indo-European > Indo-Iranian > Indo-Aryan > Middle-Modern Indo-Aryan > Eastern Dardic > Kashmiric,2.3972,126.3942,2.6723,2.5697,117.9117,2.8286,2.7848,108.8044,2.9205,3.9891,75.9549,2.7375,3.6209,83.68,2.0762,3.8297,79.1163,2.1874,4.2322,71.5928,2.3373,5.0555,59.9338,2.5306,3.4013,89.0812,1.4928,3.6272,83.5346,1.543,3.9212,77.2698,1.6276,4.6272,65.4814,1.782,2.4239,125.004,2.8111,2.5955,116.7362,2.8989,2.996,101.1334,2.9392,3.9628,76.4604,2.7722
nucl1302,kat,kat_Geor,997,,79782785.0,79423527.0,Georgian,Geor,Alphabet,2 bytes,Kartvelian,Kartvelian > Georgian-Zan > Georgic,Kartvelian,4.1788,89.4473,1.8911,4.3109,86.7061,2.08,4.429,84.3942,2.2653,6.0573,61.7071,2.224,4.7034,79.4694,1.9717,5.1065,73.1966,2.0237,5.7608,64.8837,2.1182,7.1228,52.4764,2.2157,6.613,56.5216,0.9472,7.6294,48.992,0.9049,8.7186,42.8716,0.903,10.8233,34.5346,0.9398,3.7151,100.6118,2.2625,4.0459,92.3852,2.2942,4.6689,80.0572,2.3267,6.0127,62.1645,2.2539
kaza1248,kaz,kaz_Cyrl,997,,49599181.0,49321690.0,Kazakh,Cyrl,Alphabet,2 bytes,Turkic,Turkic > Common Turkic > Kipchak-Turkestan > Kipchak > Southeast Kipchak > South Kipchak,Turkic > Common Turkic > Kipchak-Turkestan > Kipchak > Southeast Kipchak > South Kipchak,1.9999,118.8395,2.5126,2.3516,101.0652,2.4245,2.7609,86.0843,2.3107,4.4796,53.0552,1.9122,3.3079,71.8475,1.7826,3.7239,63.8225,1.7645,4.4889,52.9458,1.7285,6.2566,37.987,1.6039,2.0373,116.657,1.9549,2.3923,99.347,1.8351,2.9172,81.4714,1.7161,4.3543,54.5817,1.4854,2.3051,103.1063,2.3186,2.5383,93.6329,2.3251,3.0739,77.318,2.2471,4.546,52.2808,1.8956
kabi1261,kbp,kbp_Latn,997,,,,Kabiyè,Latn,Alphabet,1 byte,Atlantic-Congo,Atlantic-Congo > Volta-Congo > North Volta-Congo > Gur > Central Gur > Southern Central Gur > Grusi > East-West Grusi > Eastern Grusi > Kabiyeic,Atlantic-Congo > Volta-Congo > North Volta-Congo > Gur > Southern Central Gur,1.9777,87.9649,1.8598,2.7328,63.658,1.5271,3.7483,46.4122,1.2458,7.8132,22.2658,0.8025,2.4835,70.0502,1.738,2.9397,59.1785,1.6361,4.1311,42.1113,1.3748,8.8942,19.5597,0.8259,1.0389,167.4463,2.8061,1.0491,165.8295,3.0631,1.0633,163.6138,3.4463,1.1018,157.8917,4.2968,2.6375,65.9599,1.4833,3.1862,54.5998,1.3558,4.5324,38.3831,1.1155,7.9235,21.9559,0.7961
kabu1256,kea,kea_Latn,997,,,,Kabuverdianu,Latn,Alphabet,1 byte,Indo-European,Indo-European > Classical Indo-European > Italic > Latino-Faliscan > Latinic > Imperial Latin > Romance > Italo-Western Romance > Western Romance > Shifted Western Romance > Southwestern Shifted Romance > West Ibero-Romance > Galician Romance > Macro-Portuguese > Upper Guinea Portuguese,Indo-European > Italic > Italo-Western Romance > Western Romance > Shifted Western Romance > Southwestern Shifted Romance > West Ibero-Romance > Galician Romance > Macro-Portuguese > Upper Guinea Portuguese,2.1001,60.9358,1.2883,2.4618,51.984,1.2471,2.8622,44.7111,1.2001,4.4089,29.0261,1.0461,3.0412,42.0802,1.044,3.4658,36.9248,1.0209,4.2777,29.9168,0.9767,5.6629,22.5988,0.9542,1.3233,96.7051,1.6206,1.4167,90.33,1.6685,1.5531,82.3992,1.7356,1.9821,64.5657,1.7571,2.4018,53.2828,1.1982,2.6416,48.4463,1.203,3.1815,40.2247,1.169,4.4528,28.7402,1.042
halh1238,khk,khk_Cyrl,997,,,,Halh Mongolian (Cyrillic script),Cyrl,Alphabet,2 bytes,Mongolic-Khitan,Mongolic-Khitan > Mongolic > Eastern Mongolic > Khalkha-Buriat > Mongolian,Mongolic-Khitan,1.9852,122.1585,2.5827,2.3577,102.8616,2.4676,2.8087,86.343,2.3176,4.9131,49.3601,1.779,3.3275,72.8816,1.8083,3.7826,64.1133,1.7726,4.6589,52.0542,1.6994,6.6652,36.3852,1.5363,2.2163,109.4233,1.8337,2.6301,92.2076,1.7032,3.252,74.5727,1.5708,5.0737,47.7984,1.3008,2.3038,105.2648,2.3672,2.5613,94.683,2.3512,3.1628,76.676,2.2284,5.0023,48.4804,1.7578
cent1989,khm,khm_Khmr,997,,18592345.0,18501397.0,Khmer (Central),Khmr,Abugida,3 bytes,Austroasiatic,Austroasiatic > Khmeric,Austroasiatic > Khmeric,1.8488,231.7753,4.9003,2.1536,198.9679,4.7731,2.4939,171.8164,4.6119,3.6644,116.9338,4.2144,2.2831,187.683,4.6566,2.5969,165.003,4.5619,3.3841,126.6219,4.1338,6.8179,62.8485,2.6536,1.2925,331.5306,5.5558,1.3346,321.0602,5.9304,1.3872,308.8947,6.5064,1.5253,280.9248,7.645,2.1216,201.9679,4.5418,2.3146,185.1234,4.5971,2.7355,156.6429,4.5525,3.7034,115.7031,4.1951
kiku1240,kik,kik_Latn,997,,,,Kikuyu,Latn,Alphabet,1 byte,Atlantic-Congo,Atlantic-Congo > Volta-Congo > Benue-Congo > Bantoid > Southern Bantoid > Narrow Bantu > East Bantu > Northeast Savanna Bantu > Central Kenya Bantu > Gikuyu-Temi,Atlantic-Congo > Volta-Congo > Benue-Congo > Bantoid > East Bantu > Northeast Savanna Bantu > Central Kenya Bantu > Gikuyu-Temi,2.0488,80.0752,1.693,2.4393,67.2568,1.6134,2.8713,57.1384,1.5337,4.4076,37.2227,1.3415,2.9119,56.341,1.3979,3.3887,48.4142,1.3385,4.389,37.3801,1.2203,6.4456,25.4534,1.0747,1.2537,130.8636,2.193,1.3249,123.8275,2.2872,1.4281,114.8826,2.4198,1.7434,94.1023,2.5609,2.3813,68.8947,1.5493,2.6358,62.2427,1.5456,3.186,51.4945,1.4966,4.4607,36.7793,1.3335
kiny1244,kin,kin_Latn,997,,3922986.0,3902109.0,Kinyarwanda,Latn,Alphabet,1 byte,Atlantic-Congo,Atlantic-Congo > Volta-Congo > Benue-Congo > Bantoid > Southern Bantoid > Narrow Bantu > East Bantu > Northeast Savanna Bantu > Great Lakes Bantu > Western Lakes Bantu > Kivu > West Highlands Kivu,Atlantic-Congo > Volta-Congo > Benue-Congo > Bantoid > East Bantu > Northeast Savanna Bantu > Great Lakes Bantu > Western Lakes Bantu,2.0694,69.4092,1.4675,2.4618,58.345,1.3997,2.9149,49.2758,1.3227,4.6871,30.6449,1.1045,2.7255,52.7011,1.3076,3.0879,46.5155,1.286,3.8833,36.988,1.2075,6.3281,22.6981,0.9584,1.4111,101.7894,1.7058,1.5341,93.6259,1.7294,1.7001,84.4885,1.7796,2.1536,66.6951,1.815,2.395,59.9729,1.3487,2.6563,54.0742,1.3428,3.2642,44.003,1.2789,4.7493,30.2437,1.0966
kirg1245,kir,kir_Cyrl,997,,13210321.0,13166423.0,Kyrgyz,Cyrl,Alphabet,2 bytes,Turkic,Turkic > Common Turkic > Kipchak-Turkestan > Kipchak > Southeast Kipchak > East Kipchak,Turkic > Common Turkic > Kipchak-Turkestan > Kipchak > Southeast Kipchak > East Kipchak,1.9951,118.4824,2.505,2.3638,100.004,2.399,2.8158,83.9498,2.2534,4.9273,47.9749,1.7291,3.4137,69.2477,1.7181,3.8757,60.993,1.6863,4.7603,49.659,1.6212,6.6436,35.5817,1.5023,2.2474,105.1815,1.7626,2.691,87.8455,1.6226,3.3576,70.4032,1.4829,5.2024,45.4383,1.2365,2.3094,102.3591,2.3018,2.5665,92.1053,2.2872,3.1777,74.3892,2.162,5.0154,47.1324,1.7089
khak1248,kjh,kjh_Cyrl,997,,,,Khakas,Cyrl,Alphabet,2 bytes,Turkic,Turkic > Common Turkic > South Siberian Turkic > Sayan-Yenisei Turkic > Yenisey Turkic,Turkic > Common Turkic > South Siberian Turkic > Yenisey Turkic,1.9903,126.8686,2.6823,2.3914,105.5898,2.533,2.8645,88.1515,2.3662,4.9297,51.2217,1.8461,3.3795,74.7182,1.8538,3.804,66.3791,1.8352,4.6397,54.4233,1.7767,6.501,38.8415,1.64,2.36,106.995,1.793,2.8247,89.3932,1.6512,3.4929,72.2929,1.5227,5.4401,46.4162,1.2632,2.333,108.2347,2.434,2.6047,96.9438,2.4074,3.2302,78.1705,2.2719,5.0172,50.329,1.8248
kimb1241,kmb,kmb_Latn,997,,,,Kimbundu,Latn,Alphabet,1 byte,Atlantic-Congo,Atlantic-Congo > Volta-Congo > Benue-Congo > Bantoid > Southern Bantoid > Narrow Bantu > Central-Western Bantu > Njila > Northern Njila > Mbundu (H.20),Atlantic-Congo > Volta-Congo > Benue-Congo > Bantoid > Central-Western Bantu > Njila > Northern Njila,2.0603,67.992,1.4375,2.4108,58.1073,1.394,2.812,49.8175,1.3372,4.4136,31.7392,1.1439,2.7775,50.4353,1.2513,3.1204,44.8937,1.2412,3.8925,35.989,1.1749,6.2189,22.5256,0.9511,1.4488,96.6911,1.6203,1.5816,88.5707,1.636,1.7711,79.0943,1.666,2.2584,62.0291,1.688,2.3512,59.5797,1.3398,2.5918,54.0491,1.3422,3.1172,44.9398,1.3061,4.4691,31.345,1.1365
nort2641,kmr,kmr_Latn,997,,12098280.0,12051123.0,Northern Kurdish,Latn,Alphabet,1 byte,Indo-European,Indo-European > Classical Indo-European > Indo-Iranian > Iranian-Nuristani > Iranian > Central Iranian PBS > Central Iranian PB > Northwestern Iranian > Laki-Kurdish > Kurdish,Indo-European > Indo-Iranian > Iranian-Nuristani > Central Iranian PBS,2.0267,68.7462,1.4535,2.4257,57.4363,1.3779,2.8845,48.3009,1.2965,4.6009,30.2818,1.0914,3.0901,45.0873,1.1187,3.5723,39.001,1.0783,4.526,30.7834,1.005,6.1071,22.8134,0.9632,1.2022,115.8927,1.9421,1.2622,110.3801,2.0389,1.3554,102.7904,2.1651,1.6604,83.9127,2.2836,2.3681,58.8335,1.323,2.6287,53.002,1.3162,3.2338,43.0843,1.2522,4.6519,29.9498,1.0859
cent2050,knc,knc_Arab,997,,,,Central Kanuri (Arabic script),Arab,Abjad,2 bytes,Saharan,Saharan > Western Saharan > Kanuri-Kanembu > Kanuric > East Kanuri,Saharan,1.9527,103.3099,2.1842,2.25,89.658,2.1508,2.579,78.2197,2.0996,4.1779,48.2849,1.7402,3.3467,60.2778,1.4955,3.6299,55.5747,1.5365,4.1248,48.9067,1.5966,5.2543,38.3932,1.6211,3.0464,66.2187,1.1097,3.5161,57.3731,1.0597,4.0759,49.4935,1.0425,5.7705,34.9589,0.9514,2.173,92.8345,2.0877,2.379,84.7954,2.1057,2.8602,70.5316,2.0498,4.2466,47.5045,1.7224
cent2050,knc,knc_Latn,997,,,,Central Kanuri (Latin script),Latn,Alphabet,1 byte,Saharan,Saharan > Western Saharan > Kanuri-Kanembu > Kanuric > East Kanuri,Saharan,2.0233,69.0491,1.4599,2.424,57.6339,1.3826,2.8951,48.2558,1.2953,4.7515,29.4022,1.0597,2.7133,51.4885,1.2775,3.1257,44.6961,1.2357,4.0488,34.5055,1.1265,6.4288,21.7312,0.9175,1.2027,116.1585,1.9466,1.2604,110.8435,2.0474,1.3432,104.013,2.1909,1.5653,89.2518,2.4289,2.3663,59.0401,1.3277,2.64,52.9178,1.3141,3.2646,42.7944,1.2437,4.8143,29.0191,1.0522
kore1280,kor,kor_Hang,997,,1405630472.0,1399528315.0,Korean,Hang,Syllabary,3 bytes,Koreanic,Koreanic,Koreanic,2.164,69.9498,1.4789,2.4988,60.5777,1.4532,2.8901,52.3761,1.4059,4.6655,32.4453,1.1694,3.2788,46.1675,1.1455,3.8352,39.4694,1.0912,4.8298,31.341,1.0232,6.7443,22.4443,0.9477,2.2997,65.8225,1.1031,2.7754,54.5416,1.0074,3.5021,43.2227,0.9104,5.2643,28.7543,0.7825,2.3735,63.7753,1.4342,2.6314,57.5246,1.4285,3.2233,46.9619,1.3648,4.7245,32.0401,1.1617
kitu1246,ktu,ktu_Latn,997,,,,Kituba (DRC),Latn,Alphabet,1 byte,Atlantic-Congo,Atlantic-Congo > Volta-Congo > Benue-Congo > Bantoid > Southern Bantoid > Narrow Bantu > Central-Western Bantu > West-Coastal Bantu > Nzadic > Lweric > Dingic > Loange-Atlantic > KLC Extended > Kikongo Language Cluster > Nuclear KLC > Kikongoic > Kambakunyic Kikongo > Kilaadic Kikongo > Central-Southern Kikongo > Southeastern Kikongo > Southern Kikongo > Koongo-Kituba,Atlantic-Congo > Volta-Congo > Benue-Congo > Bantoid > Central-Western Bantu > West-Coastal Bantu,2.0022,71.6289,1.5144,2.3349,61.4223,1.4735,2.7128,52.8676,1.4191,4.2326,33.8837,1.2212,2.7633,51.9007,1.2877,3.1391,45.6881,1.2632,3.9603,36.2136,1.1823,6.3734,22.5025,0.9501,1.346,106.5476,1.7855,1.447,99.1133,1.8307,1.5912,90.1304,1.8985,1.9758,72.5858,1.9753,2.2867,62.7182,1.4104,2.5032,57.2939,1.4228,3.0001,47.8044,1.3893,4.2916,33.4183,1.2117
laoo1244,lao,lao_Laoo,997,,6916724.0,6876348.0,Lao,Laoo,Abugida,3 bytes,Tai-Kadai,Tai-Kadai > Kam-Tai > Daic-Beic > Daic > Central-Southwestern Tai > Wenma-Southwestern Tai > Sapa-Southwestern Tai > Southwestern Tai > Southwestern Thai PH > Lao-Thai,Tai-Kadai > Southwestern Thai PH,1.9898,173.8455,3.6755,2.3468,147.3992,3.536,2.7368,126.3962,3.3927,3.9961,86.5637,3.1198,2.4199,142.9478,3.5467,2.7376,126.3561,3.4934,3.4903,99.1083,3.2356,6.2574,55.2808,2.3341,1.2326,280.6499,4.7031,1.2862,268.9458,4.9677,1.3557,255.1605,5.3746,1.5285,226.3059,6.1586,2.2944,150.7643,3.3904,2.5179,137.3852,3.4116,2.9839,115.9268,3.3692,3.9963,86.5597,3.1384
geno1240,lij,lij_Latn,997,,,,Ligurian (Genoese),Latn,Alphabet,1 byte,Indo-European,Indo-European > Classical Indo-European > Italic > Latino-Faliscan > Latinic > Imperial Latin > Romance > Italo-Western Romance > Western Romance > Shifted Western Romance > Northwestern Shifted Romance > Gallo-Italian > Ligurian,Indo-European > Italic > Italo-Western Romance > Western Romance > Shifted Western Romance > Northwestern Shifted Romance > Gallo-Italian > Ligurian,2.2079,66.348,1.4028,2.5844,56.6841,1.3598,3.0055,48.7412,1.3083,4.5969,31.8676,1.1485,3.0582,47.9017,1.1885,3.4411,42.5717,1.177,4.1378,35.4032,1.1558,5.4069,27.0933,1.1439,1.5519,94.3922,1.5818,1.7131,85.5125,1.5795,1.9481,75.1976,1.5839,2.6385,55.5206,1.5109,2.49,58.8315,1.323,2.7551,53.1715,1.3204,3.3288,44.007,1.279,4.6462,31.5296,1.1432
limb1263,lim,lim_Latn,997,,,,Limburgish,Latn,Alphabet,1 byte,Indo-European,Indo-European > Classical Indo-European > Germanic > Northwest Germanic > West Germanic > High German > Middle German > West Middle German > Middle Franconian > Ripuarian,Indo-European > Germanic > West Germanic > High German > Middle German > West Middle German > Ripuarian,2.0995,63.9438,1.3519,2.4622,54.5236,1.308,2.8715,46.7523,1.2549,4.2095,31.8917,1.1494,3.1836,42.1695,1.0463,3.6376,36.9057,1.0204,4.5052,29.7984,0.9728,5.8558,22.9258,0.968,1.3301,100.9318,1.6914,1.4223,94.3912,1.7435,1.5708,85.4634,1.8002,2.0405,65.7914,1.7904,2.385,56.2879,1.2658,2.647,50.7182,1.2595,3.1533,42.5737,1.2373,4.2328,31.7161,1.1499
ling1263,lin,lin_Latn,997,,501902.0,498891.0,Lingala,Latn,Alphabet,1 byte,Atlantic-Congo,Atlantic-Congo > Volta-Congo > Benue-Congo > Bantoid > Southern Bantoid > Narrow Bantu > Central-Western Bantu > North Zaire River > Rivers Bantu > Ngiri > Ngiri Riverain Ubangi > Ngiri Riverain Ubangi-Ripuaire > Bobangic > Bobangic Riverain > Bobangi-Bangala-Lingala > Lingala-Bangala,Atlantic-Congo > Volta-Congo > Benue-Congo > Bantoid > Central-Western Bantu > North Zaire River,2.0424,66.5717,1.4075,2.3998,56.656,1.3591,2.8012,48.5386,1.3029,4.3998,30.9027,1.1138,2.7655,49.1645,1.2198,3.1393,43.3109,1.1974,3.9822,34.1434,1.1147,6.3873,21.2869,0.8988,1.3544,100.3842,1.6822,1.4622,92.985,1.7175,1.612,84.347,1.7766,1.9987,68.0251,1.8512,2.3486,57.8917,1.3019,2.5818,52.662,1.3077,3.1053,43.7844,1.2725,4.4549,30.5206,1.1066
lith1251,lit,lit_Latn,997,,340817538.0,338435623.0,Lithuanian,Latn,Alphabet,1 byte,Indo-European,Indo-European > Classical Indo-European > Balto-Slavic > Eastern Baltic,Indo-European > Balto-Slavic > Eastern Baltic,2.0693,65.2327,1.3792,2.467,54.7151,1.3126,2.911,46.3701,1.2447,4.5038,29.9709,1.0802,2.9862,45.2026,1.1215,3.4818,38.7683,1.0719,4.4819,30.1174,0.9832,6.6537,20.2869,0.8566,1.3345,101.1505,1.6951,1.4288,94.4714,1.745,1.5724,85.8455,1.8082,2.0041,67.3551,1.833,2.3984,56.2808,1.2656,2.6654,50.6419,1.2576,3.2343,41.7342,1.2129,4.5486,29.676,1.076
ladi1250,lld,lld_Latn,997,,,,Ladin (Val Badia),Latn,Alphabet,1 byte,Indo-European,Indo-European > Classical Indo-European > Italic > Latino-Faliscan > Latinic > Imperial Latin > Romance > Italo-Western Romance > Italo-Dalmatian > Italian Romance,Indo-European > Italic > Italo-Western Romance > Italo-Dalmatian > Italian Romance,2.1901,63.0321,1.3327,2.5744,53.6239,1.2864,2.9896,46.1765,1.2395,4.3958,31.4042,1.1318,3.1359,44.0211,1.0922,3.5465,38.9248,1.0762,4.2695,32.333,1.0556,5.4644,25.2628,1.0667,1.4132,97.682,1.637,1.5339,89.995,1.6623,1.7175,80.3781,1.693,2.3108,59.7402,1.6258,2.5029,55.1555,1.2403,2.7603,50.011,1.2419,3.2911,41.9458,1.2191,4.4365,31.1163,1.1282
gard1241,lld,lld_Latn_gard1241,997,,,,Ladin (Gherdëina),Latn,Alphabet,1 byte,Indo-European,Indo-European > Classical Indo-European > Italic > Latino-Faliscan > Latinic > Imperial Latin > Romance > Italo-Western Romance > Italo-Dalmatian > Italian Romance > Ladin,Indo-European > Italic > Italo-Western Romance > Italo-Dalmatian > Italian Romance > Ladin,2.2095,62.7563,1.3268,2.6051,53.2267,1.2769,3.0311,45.7452,1.2279,4.4132,31.4193,1.1324,3.1471,44.0592,1.0931,3.5376,39.1956,1.0837,4.1786,33.1836,1.0833,5.3054,26.1354,1.1035,1.4193,97.6991,1.6372,1.543,89.8626,1.6599,1.7357,79.8877,1.6827,2.3616,58.7151,1.5979,2.5284,54.8415,1.2333,2.7815,49.8506,1.2379,3.3219,41.7412,1.2131,4.4208,31.3651,1.1372
lomb1257,lmo,lmo_Latn,997,[1],,,Lombard,Latn,Alphabet,1 byte,Indo-European,Indo-European > Classical Indo-European > Italic > Latino-Faliscan > Latinic > Imperial Latin > Romance > Italo-Western Romance > Western Romance > Shifted Western Romance > Northwestern Shifted Romance > Gallo-Italian > Piemontese-Lombard,Indo-European > Italic > Italo-Western Romance > Western Romance > Shifted Western Romance > Northwestern Shifted Romance > Gallo-Italian > Piemontese-Lombard,2.2255,65.5677,1.3863,2.5817,56.5206,1.3559,2.9668,49.1846,1.3202,4.3022,33.9178,1.2224,3.0828,47.334,1.1744,3.4937,41.7673,1.1548,4.1923,34.8074,1.1363,5.4253,26.8967,1.1356,1.5384,94.8536,1.5896,1.6871,86.4915,1.5976,1.9134,76.2628,1.6064,2.6034,56.0512,1.5254,2.4969,58.4423,1.3142,2.7392,53.2718,1.3229,3.2531,44.8556,1.3036,4.3367,33.6479,1.22
east2282,ltg,ltg_Latn,997,,,,Latgalian,Latn,Alphabet,1 byte,Indo-European,Indo-European > Classical Indo-European > Balto-Slavic > Eastern Baltic > Latvian,Indo-European > Balto-Slavic > Eastern Baltic > Latvian,2.0994,62.9509,1.3309,2.5192,52.4604,1.2585,2.9889,44.2166,1.1869,4.6411,28.4754,1.0263,2.9741,44.4363,1.1025,3.4577,38.2207,1.0567,4.473,29.5456,0.9646,6.5019,20.326,0.8582,1.291,102.3661,1.7155,1.3756,96.0692,1.7745,1.502,87.989,1.8534,1.8839,70.1494,1.909,2.4581,53.7633,1.209,2.7315,48.3821,1.2014,3.3231,39.7693,1.1558,4.6937,28.1565,1.0209
luxe1241,ltz,ltz_Latn,997,,7189640.0,7155303.0,Luxembourgish,Latn,Alphabet,1 byte,Indo-European,Indo-European > Classical Indo-European > Germanic > Northwest Germanic > West Germanic > High German > Middle German > West Middle German > Middle Franconian,Indo-European > Germanic > West Germanic > High German > Middle German > West Middle German,2.2216,65.3862,1.3824,2.6218,55.4042,1.3291,3.049,47.6419,1.2788,4.3497,33.3952,1.2036,3.2586,44.5777,1.106,3.7328,38.9147,1.0759,4.6249,31.4082,1.0254,6.1981,23.4363,0.9895,1.5101,96.1896,1.6119,1.6489,88.0963,1.6272,1.861,78.0542,1.6441,2.5218,57.6018,1.5676,2.5368,57.2608,1.2877,2.8118,51.66,1.2828,3.3405,43.4845,1.2638,4.3899,33.0893,1.1997
luba1249,lua,lua_Latn,997,,,,Luba-Kasai,Latn,Alphabet,1 byte,Atlantic-Congo,Atlantic-Congo > Volta-Congo > Benue-Congo > Bantoid > Southern Bantoid > Narrow Bantu > Central-Western Bantu > Luban > Luba-Kaonde > Lubaic > Bangubangu-Kasai,Atlantic-Congo > Volta-Congo > Benue-Congo > Bantoid > Central-Western Bantu > Luban,2.0543,65.8656,1.3926,2.4077,56.1966,1.3481,2.8207,47.9689,1.2876,4.4286,30.5527,1.1011,2.7892,48.5105,1.2036,3.1698,42.6861,1.1802,4.0146,33.7041,1.1003,6.2417,21.678,0.9153,1.3482,100.3621,1.6819,1.4547,93.011,1.718,1.6033,84.3932,1.7776,2.0147,67.1585,1.8276,2.3496,57.5878,1.295,2.5892,52.2578,1.2977,3.1336,43.1795,1.2549,4.4861,30.1615,1.0936
gand1255,lug,lug_Latn,997,,370540.0,368633.0,Ganda,Latn,Alphabet,1 byte,Atlantic-Congo,Atlantic-Congo > Volta-Congo > Benue-Congo > Bantoid > Southern Bantoid > Narrow Bantu > East Bantu > Northeast Savanna Bantu > Great Lakes Bantu > West Nyanza > North Nyanza,Atlantic-Congo > Volta-Congo > Benue-Congo > Bantoid > East Bantu > Northeast Savanna Bantu > Great Lakes Bantu > West Nyanza,2.0894,62.1424,1.3139,2.5034,51.8656,1.2442,2.9639,43.8074,1.1759,4.7862,27.1284,0.9777,2.7648,46.9619,1.1652,3.0976,41.9178,1.1589,3.824,33.9549,1.1085,6.0298,21.5336,0.9092,1.4917,87.0411,1.4586,1.6419,79.0822,1.4607,1.8507,70.1575,1.4778,2.3842,54.4604,1.4821,2.4378,53.2618,1.1977,2.7124,47.8706,1.1887,3.3111,39.2146,1.1397,4.8632,26.6991,0.968
luok1236,luo,luo_Latn,997,,,,Luo,Latn,Alphabet,1 byte,Nilotic,Nilotic > Western Nilotic > Lwoo > Southern Lwoo > Adhola-Alur-Luo > Adhola-Luo,Nilotic > Lwoo,2.0815,63.5737,1.3441,2.4447,54.1304,1.2986,2.886,45.8526,1.2308,4.6506,28.4544,1.0255,2.7949,47.348,1.1747,3.1989,41.3671,1.1437,4.0246,32.8806,1.0734,5.8723,22.5346,0.9515,1.2422,106.5256,1.7852,1.3131,100.7753,1.8614,1.4213,93.1043,1.9611,1.7326,76.3751,2.0784,2.3906,55.3551,1.2448,2.6343,50.2337,1.2474,3.2226,41.0632,1.1934,4.7096,28.0983,1.0188
lush1249,lus,lus_Latn,997,,,,Mizo,Latn,Alphabet,1 byte,Sino-Tibetan,Sino-Tibetan > Kuki-Chin-Naga > Kuki-Chin > Central Kuki-Chin > Core Central Kuki-Chin > Mizoic,Sino-Tibetan > Kuki-Chin-Naga > Kuki-Chin,2.0732,66.2477,1.4006,2.4052,57.1033,1.3699,2.7874,49.2738,1.3226,4.2834,32.0642,1.1556,2.9139,47.1334,1.1694,3.3213,41.3531,1.1433,4.0865,33.6088,1.0972,5.4468,25.2156,1.0647,1.2086,113.6429,1.9044,1.2735,107.8516,1.9921,1.3767,99.7603,2.1013,1.6843,81.5456,2.2192,2.3531,58.3671,1.3126,2.569,53.4624,1.3276,3.072,44.7081,1.2993,4.3395,31.6499,1.1475
stan1325,lvs,lvs_Latn,997,,187747266.0,186329970.0,Standard Latvian,Latn,Alphabet,1 byte,Indo-European,Indo-European > Classical Indo-European > Balto-Slavic > Eastern Baltic > Latvian > Low Latvian,Indo-European > Balto-Slavic > Eastern Baltic > Latvian > Low Latvian,2.1133,66.6249,1.4086,2.5392,55.4504,1.3302,3.0145,46.7071,1.2537,4.6447,30.3139,1.0925,3.0538,46.1063,1.1439,3.5403,39.7703,1.0996,4.5464,30.9699,1.0111,6.5662,21.4433,0.9054,1.3371,105.2989,1.7646,1.4398,97.7944,1.8064,1.5961,88.2136,1.8581,2.087,67.4654,1.836,2.4701,57.001,1.2818,2.7491,51.2177,1.2719,3.3678,41.8084,1.2151,4.6977,29.9719,1.0867
maga1260,mag,mag_Deva,997,,,,Magahi,Deva,Abugida,3 bytes,Indo-European,Indo-European > Classical Indo-European > Indo-Iranian > Indo-Aryan > Middle-Modern Indo-Aryan > Continental Indo-Aryan > Midlands Indo-Aryan > Shaurasenic > Bihari > Magadhan,Indo-European > Indo-Iranian > Indo-Aryan > Middle-Modern Indo-Aryan > Continental Indo-Aryan > Midlands Indo-Aryan > Shaurasenic > Bihari,2.4301,128.0843,2.708,2.614,119.0722,2.8565,2.8463,109.3521,2.9352,4.2508,73.2227,2.639,3.8089,81.7182,2.0275,4.0532,76.7914,2.1231,4.471,69.6169,2.2728,5.2684,59.0792,2.4945,3.6504,85.2658,1.4289,3.9304,79.1906,1.4627,4.2816,72.6961,1.5312,5.0399,61.7583,1.6807,2.4592,126.5687,2.8463,2.6397,117.9117,2.928,3.0977,100.4774,2.9202,4.222,73.7212,2.6729
mait1250,mai,mai_Deva,997,,,,Maithili,Deva,Abugida,3 bytes,Indo-European,Indo-European > Classical Indo-European > Indo-Iranian > Indo-Aryan > Middle-Modern Indo-Aryan > Continental Indo-Aryan > Midlands Indo-Aryan > Shaurasenic > Bihari > Magadhan,Indo-European > Indo-Iranian > Indo-Aryan > Middle-Modern Indo-Aryan > Continental Indo-Aryan > Midlands Indo-Aryan > Shaurasenic > Bihari,2.444,130.5868,2.7609,2.6167,121.9679,2.9259,2.8329,112.658,3.024,4.0736,78.346,2.8237,3.7737,84.5717,2.0983,3.9931,79.9248,2.2097,4.3741,72.9639,2.382,5.0883,62.7232,2.6483,3.5802,89.1444,1.4939,3.8267,83.4022,1.5405,4.1307,77.2628,1.6274,4.7833,66.7222,1.8158,2.4672,129.3581,2.909,2.6439,120.7131,2.9976,3.044,104.8445,3.0471,4.0494,78.8154,2.8576
mala1464,mal,mal_Mlym,997,,42323749.0,42163531.0,Malayalam,Mlym,Abugida,3 bytes,Dravidian,Dravidian > South Dravidian > South Dravidian I > Tamil-Kannada > Tamil-Kota > Tamil-Toda > Tamil-Irula > Tamil-Kodagu > Tamil-Malayalam > Malayalamoid,Dravidian > South Dravidian I > Tamil-Kota > Malayalamoid,2.0347,192.9238,4.0789,2.3266,168.7161,4.0474,2.641,148.6299,3.9896,3.7255,105.3631,3.7974,2.5765,152.3531,3.78,2.8515,137.657,3.8059,3.4507,113.7553,3.7137,5.3053,73.989,3.124,1.6036,244.7854,4.1021,1.7284,227.1063,4.1949,1.8795,208.8485,4.3991,2.258,173.8435,4.7309,2.268,173.0732,3.892,2.4685,159.0201,3.9489,2.8752,136.5256,3.9678,3.7608,104.3761,3.7844
mara1378,mar,mar_Deva,997,,39315064.0,39068391.0,Marathi,Deva,Abugida,3 bytes,Indo-European,Indo-European > Classical Indo-European > Indo-Iranian > Indo-Aryan > Middle-Modern Indo-Aryan > Continental Indo-Aryan > Indo-Aryan Southern zone > Marathic > Marathi-Konkani > Old-Modern Marathi > Modern Marathi,Indo-European > Indo-Iranian > Indo-Aryan > Middle-Modern Indo-Aryan > Continental Indo-Aryan > Indo-Aryan Southern zone > Old-Modern Marathi,2.4061,139.9318,2.9585,2.6191,128.5486,3.0838,2.8833,116.7713,3.1344,4.2036,80.0943,2.8867,3.736,90.1204,2.236,3.9819,84.5547,2.3377,4.4237,76.1093,2.4847,5.338,63.0732,2.6631,3.5724,94.2477,1.5794,3.8633,87.1494,1.6098,4.2361,79.4804,1.6741,5.1205,65.7523,1.7894,2.4744,136.0682,3.0599,2.674,125.9107,3.1267,3.1317,107.5105,3.1246,4.186,80.4323,2.9163
mori1278,mfe,mfe_Latn,997,,234376.0,233209.0,Mauritian Creole,Latn,Alphabet,1 byte,Indo-European,Indo-European > Classical Indo-European > Italic > Latino-Faliscan > Latinic > Imperial Latin > Romance > Italo-Western Romance > Western Romance > Shifted Western Romance > Northwestern Shifted Romance > Gallo-Rhaetian > Oil > Central Oil > Macro-French > Isle-de-France Creole,Indo-European > Italic > Italo-Western Romance > Western Romance > Shifted Western Romance > Northwestern Shifted Romance > Gallo-Rhaetian > Isle-de-France Creole,2.1359,55.3611,1.1705,2.4999,47.3009,1.1347,2.9129,40.5938,1.0896,4.3785,27.006,0.9733,3.0164,39.2016,0.9726,3.4447,34.327,0.9491,4.28,27.6279,0.902,5.5591,21.2708,0.8981,1.2445,95.013,1.5922,1.3107,90.2177,1.6664,1.4123,83.7262,1.7636,1.7521,67.4885,1.8366,2.4414,48.4343,1.0892,2.6863,44.0191,1.0931,3.2093,36.8455,1.0708,4.4282,26.7031,0.9682
gras1239,mhr,mhr_Cyrl,997,,,,Meadow Mari,Cyrl,Alphabet,2 bytes,Uralic,Uralic > Mari > Eastern Mari,Uralic > Mari,2.0196,119.7061,2.5309,2.3845,101.3872,2.4322,2.8191,85.7573,2.3019,4.8288,50.0662,1.8044,3.3245,72.7202,1.8043,3.7615,64.2718,1.777,4.6399,52.1043,1.701,6.6164,36.5396,1.5428,2.3646,102.2397,1.7133,2.8272,85.5115,1.5795,3.5243,68.5978,1.4449,5.6834,42.5376,1.1576,2.3296,103.7773,2.3337,2.5771,93.8104,2.3295,3.1685,76.2999,2.2175,4.9097,49.2407,1.7853
mina1268,min,min_Arab,997,,,,Minangkabau (Jawi script),Arab,Abjad,2 bytes,Austronesian,Austronesian > Malayo-Polynesian > Malayo-Chamic > Malayic > Nuclear Malayic > Northern Sumatra Malay > Kerinci-Minangkabau > Minangkabauic,Austronesian > Malayo-Chamic > Malayic > Northern Sumatra Malay,1.9885,110.011,2.3259,2.3327,93.7753,2.2496,2.7295,80.1444,2.1513,4.5387,48.1976,1.7371,3.0074,72.7382,1.8047,3.2643,67.014,1.8528,3.7775,57.9097,1.8906,5.1562,42.4253,1.7913,2.1062,103.8616,1.7405,2.4808,88.1775,1.6287,2.9206,74.8997,1.5777,4.1692,52.4684,1.4279,2.2897,95.5386,2.1485,2.5143,87.003,2.1605,3.0482,71.7643,2.0857,4.6144,47.4062,1.7188
mina1268,min,min_Latn,997,,,,Minangkabau (Latin script),Latn,Alphabet,1 byte,Austronesian,Austronesian > Malayo-Polynesian > Malayo-Chamic > Malayic > Nuclear Malayic > Northern Sumatra Malay > Kerinci-Minangkabau > Minangkabauic,Austronesian > Malayo-Chamic > Malayic > Northern Sumatra Malay,2.0941,63.8536,1.35,2.4955,53.5838,1.2854,2.9615,45.1525,1.212,4.7818,27.9639,1.0078,2.8629,46.7071,1.1588,3.3007,40.5115,1.12,4.2201,31.6861,1.0344,6.3557,21.0391,0.8883,1.2305,108.668,1.8211,1.3023,102.68,1.8966,1.4062,95.0893,2.0029,1.7228,77.6169,2.1122,2.4397,54.8094,1.2325,2.7026,49.4774,1.2286,3.3198,40.2788,1.1706,4.8442,27.6038,1.0008
mace1250,mkd,mkd_Cyrl,997,,60622784.0,60352079.0,Macedonian,Cyrl,Alphabet,2 bytes,Indo-European,Indo-European > Classical Indo-European > Balto-Slavic > Slavic > South Slavic > Eastern South Slavic > Macedo-Bulgarian,Indo-European > Balto-Slavic > Slavic > South Slavic > Eastern South Slavic,2.223,107.2367,2.2673,2.596,91.8295,2.2029,3.0571,77.9799,2.0932,5.7266,41.6289,1.5003,3.9187,60.8345,1.5094,4.4333,53.7733,1.4867,5.3763,44.341,1.4476,7.2091,33.0682,1.3962,4.2698,55.8325,0.9356,5.2116,45.7422,0.8449,6.4734,36.8265,0.7757,9.2258,25.8395,0.7032,2.4367,97.8355,2.2001,2.7501,86.683,2.1526,3.5286,67.5597,1.9635,5.8251,40.9248,1.4838
malt1254,mlt,mlt_Latn,997,,6964896.0,6886190.0,Maltese,Latn,Alphabet,1 byte,Afro-Asiatic,Afro-Asiatic > Semitic > West Semitic > Central Semitic > Arabian > Arabic > North African Arabic > Western Middle Arabic > Maghrebi > Malta-Tunisian Arabic,Afro-Asiatic > Semitic > Central Semitic > Arabian > North African Arabic > Malta-Tunisian Arabic,2.0725,70.3541,1.4875,2.4467,59.5948,1.4296,2.865,50.8937,1.3661,4.2567,34.2538,1.2345,2.9955,48.676,1.2077,3.4673,42.0522,1.1626,4.3852,33.2497,1.0855,6.1196,23.8265,1.006,1.2697,114.8345,1.9244,1.3412,108.7151,2.0081,1.4477,100.7192,2.1215,1.7667,82.5306,2.246,2.3845,61.1484,1.3751,2.6284,55.4744,1.3776,3.1543,46.2257,1.3435,4.2856,34.0231,1.2336
mani1292,mni,mni_Beng,997,,,,"Meitei (Manipuri, Bengali script)",Beng,Abugida,3 bytes,Sino-Tibetan,Sino-Tibetan > Kuki-Chin-Naga,Sino-Tibetan > Kuki-Chin-Naga,2.0444,170.4604,3.604,2.2407,155.5286,3.731,2.459,141.7192,3.8041,3.2005,108.8857,3.9243,2.6047,133.7934,3.3195,2.8282,123.2197,3.4067,3.3074,105.3651,3.4398,4.7878,72.7864,3.0732,1.7049,204.4002,3.4253,1.8168,191.8134,3.543,1.9478,178.9178,3.7686,2.2328,156.0802,4.2475,2.1804,159.8275,3.5942,2.3298,149.5807,3.7145,2.6269,132.661,3.8555,3.2241,108.0883,3.919
mani1292,mni,mni_Mtei,997,dev only,,,"Meitei (Manipuri, Meitei script)",Mtei,Abugida,3 bytes,Sino-Tibetan,Sino-Tibetan > Kuki-Chin-Naga,Sino-Tibetan > Kuki-Chin-Naga,1.9047,170.5065,3.6049,2.2563,143.9358,3.4529,2.5824,125.7563,3.3756,3.7803,85.9077,3.0962,3.0326,107.0883,2.657,3.2566,99.7212,2.7571,3.7163,87.3872,2.8529,4.6988,69.1153,2.9182,1.1233,289.1023,4.8448,1.2353,262.8957,4.856,1.5396,210.9308,4.4429,2.2544,144.0532,3.9202,2.2258,145.9067,3.2811,2.4199,134.2016,3.3326,2.7959,116.1525,3.3757,3.8327,84.7322,3.0722
moss1236,mos,mos_Latn,997,,,,Mossi,Latn,Alphabet,1 byte,Atlantic-Congo,Atlantic-Congo > Volta-Congo > North Volta-Congo > Gur > Central Gur > Northern Central Gur > Bwamu-Oti-Volta > Oti-Volta > Nuclear Oti-Volta > Gurma-Yom-Oti-Volta Occidental > Oti-Volta Occidental > Nuclear Oti-Volta Occidental > Northwest Oti-Volta > Mossi-Farefare > Mossic,Atlantic-Congo > Volta-Congo > North Volta-Congo > Gur > Northern Central Gur,2.0413,64.319,1.3599,2.4006,54.6941,1.3121,2.8229,46.5105,1.2484,4.423,29.6851,1.0699,2.7769,47.2808,1.1731,3.1597,41.5527,1.1488,3.9249,33.4524,1.0921,5.6771,23.1274,0.9765,1.19,110.335,1.849,1.238,106.0572,1.959,1.3091,100.2919,2.1125,1.5174,86.5256,2.3547,2.3419,56.0642,1.2608,2.5831,50.8285,1.2622,3.1433,41.7703,1.214,4.469,29.3791,1.0652
maor1246,mri,mri_Latn,997,,2267801.0,2252745.0,Maori,Latn,Alphabet,1 byte,Austronesian,Austronesian > Malayo-Polynesian > Eastern Malayo-Polynesian > Oceanic > Central Pacific linkage > Tokalau Fijian > Polynesian > Nuclear Polynesian > Northern Outlier Polynesian-East Polynesian > Solomons Northern Outlier Polynesian-East Polynesian > Central Northern Outlier Polynesian-East Polynesian > East Polynesian > East Polynesian Proximal > Southern East Polynesian Proximal > Maoric,Austronesian > Eastern Malayo-Polynesian > Polynesian > Northern Outlier Polynesian-East Polynesian,2.0664,70.4644,1.4898,2.4248,60.0491,1.4405,2.8513,51.0672,1.3708,4.5253,32.1765,1.1597,2.8451,51.1785,1.2698,3.2301,45.0792,1.2463,3.91,37.2407,1.2158,5.2222,27.8826,1.1773,1.202,121.1414,2.0301,1.2631,115.2818,2.1294,1.3527,107.6459,2.2674,1.6368,88.9579,2.4209,2.3714,61.4012,1.3808,2.6166,55.6489,1.3819,3.1761,45.8455,1.3324,4.581,31.7854,1.1525
nucl1310,mya,mya_Mymr,997,,23624930.0,23532659.0,Burmese,Mymr,Abugida,3 bytes,Sino-Tibetan,Sino-Tibetan > Burmo-Qiangic > Lolo-Burmese > Burmish > Southern Burmish > Mranmaic > Nuclear Mranmaic,Sino-Tibetan > Burmo-Qiangic,1.8267,243.667,5.1518,1.9549,227.6881,5.4621,2.1135,210.6028,5.653,2.7734,160.4905,5.7842,2.5257,176.2307,4.3724,2.7556,161.5296,4.4659,3.2307,137.7763,4.498,4.8088,92.5617,3.9082,1.7664,251.9819,4.2227,1.8759,237.2818,4.3829,2.0086,221.6038,4.6678,2.3386,190.329,5.1796,1.9007,234.1856,5.2663,2.0064,221.8465,5.509,2.2384,198.8556,5.7793,2.7807,160.0692,5.8037
erzy1239,myv,myv_Cyrl,997,,,,Erzya,Cyrl,Alphabet,2 bytes,Uralic,Uralic > Mordvin,Uralic > Mordvin,2.0226,123.2357,2.6055,2.4062,103.5908,2.4851,2.8722,86.7834,2.3295,5.2328,47.6339,1.7168,3.3465,74.4835,1.848,3.7844,65.8656,1.821,4.6626,53.4594,1.7453,6.6431,37.5216,1.5843,2.5931,96.1244,1.6109,3.179,78.4082,1.4483,4.0721,61.2116,1.2893,6.8346,36.4704,0.9925,2.3453,106.2808,2.39,2.6126,95.4062,2.3692,3.2614,76.4273,2.2212,5.327,46.7924,1.6966
dutc1256,nld,nld_Latn,997,,3610577463.0,3581120841.0,Dutch,Latn,Alphabet,1 byte,Indo-European,Indo-European > Classical Indo-European > Germanic > Northwest Germanic > West Germanic > Macro-Dutch > Middle-Modern Dutch > Modern Dutch > Global Dutch,Indo-European > Germanic > West Germanic > Macro-Dutch,2.1146,66.0632,1.3967,2.4903,56.0963,1.3457,2.9104,48.0,1.2884,4.2913,32.5537,1.1733,3.1879,43.8205,1.0872,3.6558,38.2126,1.0565,4.525,30.8726,1.0079,5.9651,23.4193,0.9888,1.3286,105.1424,1.762,1.4267,97.9168,1.8086,1.5824,88.2818,1.8595,2.069,67.5206,1.8375,2.427,57.5597,1.2944,2.6865,51.999,1.2913,3.2109,43.5065,1.2644,4.3336,32.2357,1.1688
norw1262,nno,nno_Latn,997,,32531797.0,32290890.0,Norwegian Nynorsk,Latn,Alphabet,1 byte,Indo-European,Indo-European > Classical Indo-European > Germanic > Northwest Germanic > North Germanic > West Scandinavian > Norwegian,Indo-European > Germanic > North Germanic > West Scandinavian > Norwegian,2.1558,60.7452,1.2843,2.5668,51.0171,1.2239,3.0256,43.2818,1.1618,4.4461,29.4534,1.0615,3.1356,41.7633,1.0362,3.6362,36.014,0.9957,4.5873,28.5466,0.932,6.0316,21.7111,0.9167,1.2551,104.333,1.7484,1.3271,98.673,1.8226,1.434,91.317,1.9235,1.7837,73.4152,1.9979,2.4977,52.4293,1.179,2.7772,47.1535,1.1709,3.339,39.2187,1.1398,4.4869,29.1856,1.0582
norw1259,nob,nob_Latn,997,,649813400.0,644493173.0,"Norwegian Bokmål, moderate variety",Latn,Alphabet,1 byte,Indo-European,Indo-European > Classical Indo-European > Germanic > Northwest Germanic > North Germanic > West Scandinavian > Norwegian,Indo-European > Germanic > North Germanic > West Scandinavian > Norwegian,2.1684,58.8606,1.2445,2.5864,49.348,1.1838,3.0518,41.8235,1.1226,4.468,28.5667,1.0296,3.1705,40.2578,0.9988,3.6632,34.8425,0.9633,4.6103,27.6851,0.9038,6.0424,21.1234,0.8919,1.2698,100.5155,1.6844,1.3452,94.8806,1.7526,1.4625,87.2708,1.8382,1.8392,69.3972,1.8886,2.5162,50.7262,1.1407,2.7993,45.5958,1.1323,3.3724,37.8475,1.1,4.5096,28.3029,1.0262
norw1259 (with variant=radical),nob,nob_Latn_radical,997,,649813400.0,644493173.0,"Norwegian Bokmål, radical variety",Latn,Alphabet,1 byte,Indo-European,Indo-European > Classical Indo-European > Germanic > Northwest Germanic > North Germanic > West Scandinavian > Norwegian,Indo-European > Germanic > North Germanic > West Scandinavian > Norwegian,2.1671,58.8375,1.244,2.5837,49.3511,1.1839,3.0435,41.8947,1.1245,4.4607,28.5848,1.0302,3.164,40.2999,0.9999,3.6543,34.8927,0.9647,4.5947,27.7513,0.906,6.03,21.1454,0.8928,1.2665,100.681,1.6872,1.3404,95.1264,1.7571,1.4554,87.6078,1.8453,1.8238,69.9127,1.9026,2.5117,50.7653,1.1416,2.7919,45.67,1.1341,3.3659,37.8826,1.101,4.5024,28.32,1.0268
nepa1254,npi,npi_Deva,997,,,,Nepali,Deva,Abugida,3 bytes,Indo-European,Indo-European > Classical Indo-European > Indo-Iranian > Indo-Aryan > Middle-Modern Indo-Aryan > Continental Indo-Aryan > Midlands Indo-Aryan > Indo-Aryan Northern zone > Eastern Pahari,Indo-European > Indo-Iranian > Indo-Aryan > Middle-Modern Indo-Aryan > Continental Indo-Aryan > Midlands Indo-Aryan > Indo-Aryan Northern zone,2.3872,135.7462,2.87,2.5987,124.6981,2.9914,2.8725,112.8124,3.0281,4.2313,76.5848,2.7602,3.7707,85.9388,2.1322,4.0355,80.3009,2.2201,4.5027,71.9689,2.3496,5.3812,60.2197,2.5426,3.5756,90.6289,1.5188,3.8956,83.1836,1.5365,4.2964,75.4243,1.5887,5.1568,62.8395,1.7101,2.444,132.5938,2.9818,2.6527,122.1595,3.0335,3.1235,103.7462,3.0152,4.2074,77.0201,2.7925
nkoa1234,nqo,nqo_Nkoo,997,,,,Nko,Nkoo,Alphabet,2 bytes,Artificial Language,Artificial Language,Artificial Language,2.1696,133.3801,2.82,2.5608,113.004,2.7109,2.9494,98.1143,2.6336,4.1599,69.5637,2.5071,2.5514,113.4213,2.8141,2.9833,96.999,2.6818,4.0612,71.2548,2.3262,7.3756,39.2347,1.6566,1.0552,274.2518,4.5959,1.0732,269.6359,4.9805,1.0988,263.3671,5.5474,1.1631,248.7984,6.7707,2.5245,114.6269,2.5777,2.7524,105.1354,2.6108,3.2101,90.1464,2.6199,4.2003,68.8947,2.4979
pedi1238,nso,nso_Latn,997,,206600.0,205851.0,Northern Sotho,Latn,Alphabet,1 byte,Atlantic-Congo,Atlantic-Congo > Volta-Congo > Benue-Congo > Bantoid > Southern Bantoid > Narrow Bantu > East Bantu > Southern Bantu > Nuclear Southern Bantu > Dimsuffix Southern Bantu > Sotho-Tswana (S.30) > Northern Sotho > Sepedic,Atlantic-Congo > Volta-Congo > Benue-Congo > Bantoid > East Bantu > Southern Bantu > Nuclear Southern Bantu > Sotho-Tswana (S.30) > Northern Sotho,1.98,75.0812,1.5874,2.3159,64.1916,1.5399,2.7395,54.2658,1.4566,4.5165,32.9147,1.1863,2.9281,50.7703,1.2597,3.3563,44.2929,1.2246,4.181,35.5567,1.1608,5.6635,26.2487,1.1083,1.2015,123.7332,2.0735,1.2579,118.1785,2.1829,1.3463,110.4213,2.3259,1.6229,91.6038,2.4929,2.2694,65.5055,1.4731,2.5036,59.3791,1.4745,3.0705,48.4162,1.4071,4.5723,32.5135,1.1788
nuer1246,nus,nus_Latn,997,,,,Nuer,Latn,Alphabet,1 byte,Nilotic,Nilotic > Western Nilotic > Dinka-Nuer > Nuer-Reel,Nilotic > Dinka-Nuer > Nuer-Reel,2.0096,82.6851,1.7482,2.5387,65.4534,1.5702,3.2,51.9268,1.3938,5.7822,28.7372,1.0357,2.5933,64.0752,1.5898,3.0022,55.347,1.5302,3.9201,42.3882,1.3838,7.0011,23.7342,1.0021,1.07,155.2979,2.6025,1.0884,152.675,2.8201,1.1166,148.8104,3.1345,1.1947,139.0883,3.7851,2.47,67.2718,1.5128,2.8346,58.6209,1.4557,3.6992,44.9188,1.3055,5.8574,28.3681,1.0285
nyan1308,nya,nya_Latn,997,,928706.0,925245.0,Nyanja,Latn,Alphabet,1 byte,Atlantic-Congo,Atlantic-Congo > Volta-Congo > Benue-Congo > Bantoid > Southern Bantoid > Narrow Bantu > East Bantu > Tumbuka-Sena-Nyanja > Sena-Nyanja > Nyanjaic,Atlantic-Congo > Volta-Congo > Benue-Congo > Bantoid > East Bantu > Tumbuka-Sena-Nyanja > Sena-Nyanja,2.5205,56.4193,1.1928,2.838,50.1063,1.202,3.2049,44.3701,1.191,5.034,28.2487,1.0181,3.0527,46.5827,1.1558,3.3283,42.7252,1.1812,3.8596,36.8445,1.2029,5.1567,27.5767,1.1644,2.4473,58.1053,0.9737,2.728,52.1274,0.9629,3.075,46.2447,0.9741,3.9029,36.4353,0.9915,2.6243,54.1876,1.2186,2.9143,48.7944,1.2117,3.5558,39.992,1.1623,5.0966,27.9017,1.0116
occi1239,oci,oci_Latn,997,,6366886.0,6339942.0,Occitan,Latn,Alphabet,1 byte,Indo-European,Indo-European > Classical Indo-European > Italic > Latino-Faliscan > Latinic > Imperial Latin > Romance > Italo-Western Romance > Western Romance > Shifted Western Romance > Southwestern Shifted Romance > Occitanic,Indo-European > Italic > Italo-Western Romance > Western Romance > Shifted Western Romance > Southwestern Shifted Romance > Occitanic,2.3044,63.9258,1.3516,2.7182,54.1956,1.3001,3.1533,46.7161,1.254,4.7602,30.9468,1.1154,3.0579,48.1735,1.1952,3.4812,42.317,1.17,4.2283,34.8395,1.1374,5.6528,26.0602,1.1003,1.7322,85.0421,1.4251,1.9309,76.2929,1.4092,2.2173,66.4373,1.3994,3.0946,47.6028,1.2954,2.5967,56.7312,1.2758,2.8814,51.1244,1.2695,3.4931,42.1725,1.2257,4.8135,30.6038,1.1096
aran1260,oci,oci_Latn_aran1260,997,,6366886.0,6339942.0,Aranese,Latn,Alphabet,1 byte,Indo-European,Indo-European > Classical Indo-European > Italic > Latino-Faliscan > Latinic > Imperial Latin > Romance > Italo-Western Romance > Western Romance > Shifted Western Romance > Southwestern Shifted Romance > Occitanic > Occitan > Gascon,Indo-European > Italic > Italo-Western Romance > Western Romance > Shifted Western Romance > Southwestern Shifted Romance > Occitanic > Occitan,2.2431,66.1184,1.3979,2.6431,56.1103,1.3461,3.0735,48.2538,1.2952,4.5988,32.2487,1.1623,3.127,47.4273,1.1767,3.5635,41.6189,1.1507,4.2861,34.6018,1.1296,5.5816,26.5707,1.1219,1.6289,91.0481,1.5258,1.8088,81.992,1.5145,2.0771,71.4022,1.504,2.9038,51.0732,1.3899,2.5513,58.1294,1.3072,2.8292,52.4203,1.3017,3.4023,43.5898,1.2668,4.6486,31.9037,1.1567
oriy1255,ory,ory_Orya,997,,8341478.0,8321756.0,Odia,Orya,Abugida,3 bytes,Indo-European,Indo-European > Classical Indo-European > Indo-Iranian > Indo-Aryan > Middle-Modern Indo-Aryan > Continental Indo-Aryan > Indo-Aryan Eastern zone > Oriya-Gauda-Kamrupa > Macro-Oriya,Indo-European > Indo-Iranian > Indo-Aryan > Middle-Modern Indo-Aryan > Continental Indo-Aryan > Indo-Aryan Eastern zone > Macro-Oriya,2.1506,161.2788,3.4099,2.366,146.5988,3.5168,2.5893,133.9559,3.5957,3.2331,107.2798,3.8665,2.4148,143.6359,3.5637,2.6079,132.999,3.6771,3.0747,112.8054,3.6827,4.7729,72.67,3.0683,1.7884,193.9378,3.25,1.8647,186.002,3.4357,1.9544,177.4734,3.7382,2.1572,160.7834,4.3755,2.3041,150.5366,3.3852,2.4497,141.5868,3.516,2.7245,127.3079,3.6999,3.2236,107.5958,3.9011
pang1290,pag,pag_Latn,997,,,,Pangasinan,Latn,Alphabet,1 byte,Austronesian,Austronesian > Malayo-Polynesian > Northern Luzon > Meso-Cordilleran > South-Central Cordilleran > Southern Cordilleran > West Southern Cordilleran,Austronesian > Northern Luzon > Meso-Cordilleran,2.1036,60.1745,1.2722,2.4743,51.1595,1.2273,2.8962,43.7071,1.1732,4.4263,28.5988,1.0307,2.9454,42.9769,1.0663,3.379,37.4624,1.0357,4.2688,29.654,0.9681,6.0363,20.9709,0.8854,1.2548,100.8837,1.6906,1.3281,95.3159,1.7606,1.4379,88.0351,1.8543,1.7759,71.2798,1.9398,2.423,52.2427,1.1748,2.6677,47.4514,1.1783,3.222,39.2879,1.1418,4.4781,28.2678,1.0249
panj1256,pan,pan_Guru,997,,11640973.0,11593313.0,Eastern Panjabi,Guru,Abugida,3 bytes,Indo-European,Indo-European > Classical Indo-European > Indo-Iranian > Indo-Aryan > Middle-Modern Indo-Aryan > Continental Indo-Aryan > Indo-Aryan Northwestern zone > Sindhi-Lahnda > Greater Panjabic > Eastern Panjabic,Indo-European > Indo-Iranian > Indo-Aryan > Middle-Modern Indo-Aryan > Continental Indo-Aryan > Indo-Aryan Northwestern zone > Greater Panjabic,2.0604,158.7212,3.3558,2.3383,139.8586,3.3551,2.6436,123.7061,3.3205,3.5519,92.0732,3.3184,2.6458,123.6028,3.0667,2.8734,113.8154,3.1467,3.3664,97.1454,3.1715,4.779,68.4313,2.8893,1.8245,179.2497,3.0039,1.9405,168.5336,3.113,2.08,157.2277,3.3118,2.4098,135.7101,3.6932,2.2726,143.9017,3.236,2.4636,132.7452,3.2964,2.8306,115.5356,3.3578,3.541,92.3571,3.3486
papi1253,pap,pap_Latn,997,,,,Papiamento,Latn,Alphabet,1 byte,Indo-European,Indo-European > Classical Indo-European > Italic > Latino-Faliscan > Latinic > Imperial Latin > Romance > Italo-Western Romance > Western Romance > Shifted Western Romance > Southwestern Shifted Romance > West Ibero-Romance > Galician Romance > Macro-Portuguese > Upper Guinea Portuguese,Indo-European > Italic > Italo-Western Romance > Western Romance > Shifted Western Romance > Southwestern Shifted Romance > West Ibero-Romance > Galician Romance > Macro-Portuguese > Upper Guinea Portuguese,2.113,64.318,1.3598,2.4537,55.3872,1.3287,2.8537,47.6229,1.2783,4.4028,30.8676,1.1125,2.9931,45.4052,1.1265,3.3977,39.999,1.1059,4.1488,32.7573,1.0694,5.5744,24.3801,1.0294,1.3427,101.2146,1.6962,1.4353,94.6861,1.749,1.5687,86.6339,1.8248,1.9813,68.5948,1.8667,2.3846,56.992,1.2816,2.6179,51.9127,1.2891,3.1514,43.1254,1.2533,4.457,30.4925,1.1056
sout2649,pbt,pbt_Arab,997,,6367306.0,6336284.0,Southern Pashto,Arab,Abjad,2 bytes,Indo-European,Indo-European > Classical Indo-European > Indo-Iranian > Iranian-Nuristani > Iranian > Pashto > Nuclear Pashto,Indo-European > Indo-Iranian > Iranian-Nuristani > Pashto,1.96,109.1525,2.3078,2.2776,93.9328,2.2534,2.6405,81.0231,2.1748,4.3034,49.7141,1.7917,3.0272,70.672,1.7534,3.2981,64.8676,1.7934,3.8263,55.9137,1.8254,5.2792,40.5256,1.7111,1.8778,113.9318,1.9093,2.1981,97.33,1.7978,2.6051,82.1234,1.7298,3.5347,60.5266,1.6472,2.2345,95.7452,2.1531,2.4418,87.6169,2.1757,2.9228,73.1986,2.1274,4.3668,48.993,1.7764
west2369,pes,pes_Arab,997,,1271707294.0,1264171685.0,Western Persian,Arab,Abjad,2 bytes,Indo-European,Indo-European > Classical Indo-European > Indo-Iranian > Iranian-Nuristani > Iranian > Southwestern Iranian > Middle-Modern Persian > Modern Southwestern Iranian > Farsic-Caucasian Tat > Farsic,Indo-European > Indo-Iranian > Iranian-Nuristani > Southwestern Iranian,2.0073,107.2568,2.2677,2.3218,92.7282,2.2245,2.6772,80.4183,2.1586,4.2604,50.5336,1.8213,3.0134,71.4443,1.7726,3.2919,65.4002,1.8082,3.822,56.329,1.839,5.1864,41.5105,1.7527,2.0738,103.8175,1.7398,2.4363,88.3671,1.6322,2.8795,74.7673,1.5749,4.0261,53.4734,1.4552,2.2782,94.5015,2.1251,2.4845,86.655,2.1519,2.9496,72.99,2.1213,4.3215,49.8185,1.8063
plat1254,plt,plt_Latn,997,,6431320.0,6401178.0,Plateau Malagasy,Latn,Alphabet,1 byte,Austronesian,Austronesian > Malayo-Polynesian > Basap-Greater Barito > Greater Barito linkage > Southeast Barito > Malagasic > North-Central Malagasic > Central-Eastern Malagasic,Austronesian > Basap-Greater Barito,2.0814,76.2608,1.6124,2.4671,64.337,1.5434,2.9195,54.3681,1.4594,4.704,33.7432,1.2161,2.8766,55.1795,1.3691,3.3428,47.4835,1.3128,4.3377,36.5928,1.1946,6.4865,24.4704,1.0332,1.2496,127.0231,2.1287,1.3221,120.0552,2.2176,1.4347,110.6329,2.3303,1.769,89.7282,2.4418,2.4038,66.0311,1.4849,2.6618,59.6319,1.4808,3.2693,48.5517,1.4111,4.7698,33.2778,1.2066
poli1260,pol,pol_Latn,997,,3430605391.0,3408199823.0,Polish,Latn,Alphabet,1 byte,Indo-European,Indo-European > Classical Indo-European > Balto-Slavic > Slavic > West Slavic > Lechitic > Polish-Silesian,Indo-European > Balto-Slavic > Slavic > West Slavic > Lechitic,2.0859,68.1986,1.4419,2.4853,57.2387,1.3731,2.9147,48.8074,1.3101,4.4246,32.1515,1.1588,2.9959,47.4835,1.1781,3.472,40.9729,1.1328,4.4533,31.9438,1.0429,6.5009,21.8826,0.9239,1.2728,111.7673,1.873,1.3513,105.2758,1.9446,1.4669,96.9769,2.0427,1.816,78.336,2.1318,2.4222,58.7292,1.3207,2.6746,53.1886,1.3208,3.2104,44.3109,1.2878,4.4609,31.8897,1.1562
braz1246,por,por_Latn,997,,4099018104.0,4074503096.0,Portuguese (Brazilian),Latn,Alphabet,1 byte,Indo-European,Indo-European > Classical Indo-European > Italic > Latino-Faliscan > Latinic > Imperial Latin > Romance > Italo-Western Romance > Western Romance > Shifted Western Romance > Southwestern Shifted Romance > West Ibero-Romance > Galician Romance > Macro-Portuguese > Brazil-Portugal Portuguese > Portuguese,Indo-European > Italic > Italo-Western Romance > Western Romance > Shifted Western Romance > Southwestern Shifted Romance > West Ibero-Romance > Galician Romance > Macro-Portuguese > Brazil-Portugal Portuguese,2.2671,61.8947,1.3086,2.6772,52.4142,1.2574,3.1223,44.9408,1.2063,4.655,30.1444,1.0864,3.1032,45.2177,1.1219,3.5129,39.9448,1.1044,4.1906,33.4845,1.0932,5.4491,25.7513,1.0873,1.6486,85.1143,1.4263,1.8256,76.8626,1.4197,2.0722,67.7151,1.4263,2.8247,49.677,1.3519,2.5645,54.7172,1.2305,2.8563,49.1264,1.2199,3.4602,40.5527,1.1786,4.7028,29.8375,1.0818
dari1249,prs,prs_Arab,997,,,,Dari,Arab,Abjad,2 bytes,Indo-European,Indo-European > Classical Indo-European > Indo-Iranian > Iranian-Nuristani > Iranian > Southwestern Iranian > Middle-Modern Persian > Modern Southwestern Iranian > Farsic-Caucasian Tat > Farsic > Eastern Farsic,Indo-European > Indo-Iranian > Iranian-Nuristani > Southwestern Iranian > Eastern Farsic,1.99,103.3069,2.1842,2.3002,89.3741,2.144,2.6493,77.5978,2.0829,4.2472,48.4032,1.7445,3.057,67.2487,1.6685,3.3328,61.6841,1.7054,3.8335,53.6269,1.7507,5.1497,39.9208,1.6856,2.1112,97.3771,1.6318,2.487,82.663,1.5269,2.9405,69.9127,1.4726,4.0718,50.4885,1.374,2.2586,91.0211,2.0469,2.4587,83.6128,2.0763,2.9218,70.3611,2.0449,4.3149,47.6439,1.7274
ayac1239,quy,quy_Latn,997,,,,Ayacucho Quechua,Latn,Alphabet,1 byte,Quechuan,Quechuan > Southern Quechua > Ayacuchan Quechua,Quechuan,2.039,66.3079,1.4019,2.3967,56.4102,1.3532,2.802,48.2508,1.2952,4.4554,30.345,1.0937,2.7523,49.1224,1.2188,3.1436,43.007,1.189,4.0423,33.4463,1.0919,6.4451,20.9769,0.8857,1.343,100.671,1.687,1.4414,93.7994,1.7326,1.5842,85.342,1.7976,1.9899,67.9418,1.8489,2.3363,57.8676,1.3013,2.5709,52.5878,1.3059,3.1209,43.321,1.259,4.511,29.9709,1.0867
roma1327,ron,ron_Latn,997,,1125558850.0,1119333515.0,Romanian,Latn,Alphabet,1 byte,Indo-European,Indo-European > Classical Indo-European > Italic > Latino-Faliscan > Latinic > Imperial Latin > Romance > Eastern Romance > Northern Romanian > Eastern Romanian,Indo-European > Italic > Eastern Romance,2.7562,54.1856,1.1456,3.1148,47.9458,1.1502,3.487,42.8285,1.1496,4.9419,30.2197,1.0891,3.0727,48.6028,1.2059,3.4307,43.5316,1.2035,4.1124,36.3159,1.1856,5.3774,27.7723,1.1726,2.2794,65.5186,1.098,2.5301,59.0281,1.0903,2.8723,51.995,1.0952,3.7903,39.4012,1.0723,2.8722,51.997,1.1693,3.1977,46.7031,1.1598,3.8135,39.1615,1.1381,4.9751,30.0181,1.0884
rund1242,run,run_Latn,997,,172804.0,171267.0,Rundi,Latn,Alphabet,1 byte,Atlantic-Congo,Atlantic-Congo > Volta-Congo > Benue-Congo > Bantoid > Southern Bantoid > Narrow Bantu > East Bantu > Northeast Savanna Bantu > Great Lakes Bantu > Western Lakes Bantu > Kivu > West Highlands Kivu > Rundic,Atlantic-Congo > Volta-Congo > Benue-Congo > Bantoid > East Bantu > Northeast Savanna Bantu > Great Lakes Bantu > Western Lakes Bantu > Rundic,2.0552,68.4945,1.4482,2.457,57.2939,1.3744,2.9126,48.33,1.2973,4.6678,30.1575,1.0869,2.7237,51.682,1.2823,3.0815,45.681,1.263,3.8767,36.3109,1.1854,6.261,22.4835,0.9493,1.3782,102.1424,1.7117,1.4955,94.1284,1.7387,1.657,84.9539,1.7894,2.0808,67.6499,1.841,2.3943,58.7934,1.3221,2.661,52.8997,1.3136,3.2599,43.1815,1.255,4.7358,29.7242,1.0777
russ1263,rus,rus_Cyrl,997,,13473783858.0,13397737772.0,Russian,Cyrl,Alphabet,2 bytes,Indo-European,Indo-European > Classical Indo-European > Balto-Slavic > Slavic > East Slavic,Indo-European > Balto-Slavic > Slavic > East Slavic,2.0927,120.9248,2.5567,2.4722,102.3601,2.4556,2.9461,85.8947,2.3056,5.3266,47.5085,1.7123,3.6018,70.2578,1.7432,4.0789,62.0411,1.7153,5.0095,50.5155,1.6492,6.9259,36.5376,1.5427,3.138,80.6439,1.3514,3.871,65.3731,1.2075,4.94,51.2257,1.079,7.7274,32.7482,0.8912,2.3839,106.1505,2.3871,2.671,94.7442,2.3527,3.3539,75.4524,2.1929,5.4262,46.6359,1.6909
sang1328,sag,sag_Latn,997,,363372.0,363127.0,Sango,Latn,Alphabet,1 byte,Atlantic-Congo,Atlantic-Congo > Volta-Congo > North Volta-Congo > Cameroun-Ubangian > Ubangi > Ngbandi-Mongoba-Kazibati > Ngbandic > Nuclear Ngbandic > Sangoic,Atlantic-Congo > Volta-Congo > North Volta-Congo > Cameroun-Ubangian,2.0631,68.3962,1.4461,2.4019,58.7492,1.4094,2.809,50.2347,1.3484,4.4724,31.5517,1.1372,2.8252,49.9478,1.2392,3.1815,44.3541,1.2263,3.8545,36.6098,1.1952,5.303,26.6098,1.1235,1.2143,116.2126,1.9475,1.274,110.7663,2.046,1.3675,103.1876,2.1735,1.6543,85.2999,2.3213,2.348,60.0983,1.3515,2.5779,54.7382,1.3593,3.1335,45.0331,1.3088,4.5263,31.1755,1.1303
sans1269,san,san_Deva,997,,5674920.0,5648368.0,Sanskrit,Deva,Abugida,3 bytes,Indo-European,Indo-European > Classical Indo-European > Indo-Iranian > Indo-Aryan,Indo-European > Indo-Iranian > Indo-Aryan,2.4064,138.9378,2.9375,2.6253,127.3521,3.0551,2.9078,114.9799,3.0863,4.19,79.7944,2.8759,3.7182,89.9198,2.231,3.9602,84.4253,2.3342,4.4044,75.9107,2.4782,5.3077,62.992,2.6597,3.5736,93.5597,1.5679,3.8716,86.3571,1.5951,4.2564,78.5507,1.6546,5.1597,64.7984,1.7634,2.4721,135.2447,3.0414,2.688,124.3811,3.0887,3.1576,105.8847,3.0773,4.1681,80.2136,2.9083
sant1410,sat,sat_Olck,997,,,,Santali,Olck,Abugida,3 bytes,Austroasiatic,Austroasiatic > Mundaic > North Munda > Kherwarian > Santalic,Austroasiatic > Mundaic,1.9733,179.007,3.7847,2.1724,162.5958,3.9006,2.3969,147.3671,3.9557,3.1342,112.7011,4.0619,2.4881,141.9679,3.5223,2.7664,127.6851,3.5302,3.4452,102.5266,3.3472,5.3687,65.7944,2.778,1.6544,213.5135,3.5781,1.7522,201.5938,3.7237,1.8588,190.0321,4.0027,2.1244,166.2698,4.5248,2.1378,165.2317,3.7157,2.2721,155.4654,3.8606,2.5522,138.4022,4.0224,3.1594,111.8014,4.0536
sici1248,scn,scn_Latn,997,,,,Sicilian,Latn,Alphabet,1 byte,Indo-European,Indo-European > Classical Indo-European > Italic > Latino-Faliscan > Latinic > Imperial Latin > Romance > Italo-Western Romance > Italo-Dalmatian > Italian Romance > Southern Italian Romance,Indo-European > Italic > Italo-Western Romance > Italo-Dalmatian > Italian Romance > Southern Italian Romance,2.1759,64.3721,1.361,2.5634,54.6419,1.3108,3.0169,46.4283,1.2462,4.7348,29.5827,1.0662,3.022,46.3501,1.15,3.4291,40.8465,1.1293,4.1557,33.7051,1.1004,5.6604,24.7452,1.0448,1.5024,93.2307,1.5624,1.6501,84.8826,1.5679,1.8678,74.992,1.5796,2.553,54.8646,1.4931,2.4797,56.4865,1.2703,2.7464,51.001,1.2665,3.3646,41.6299,1.2099,4.7862,29.2648,1.0611
shan1277,shn,shn_Mymr,997,,,,Shan,Mymr,Abugida,3 bytes,Tai-Kadai,Tai-Kadai > Kam-Tai > Daic-Beic > Daic > Central-Southwestern Tai > Wenma-Southwestern Tai > Sapa-Southwestern Tai > Southwestern Tai > Southwestern Tai P > Shanic > Southern Shanic,Tai-Kadai > Southwestern Tai P,1.9872,250.5988,5.2983,2.2249,223.8325,5.3696,2.4867,200.2658,5.3756,3.3603,148.2016,5.3413,2.5856,192.6068,4.7787,2.8551,174.4263,4.8225,3.4367,144.9057,4.7307,5.2552,94.7633,4.0011,1.6221,307.005,5.1448,1.7368,286.7362,5.2964,1.8763,265.4183,5.5906,2.2341,222.9087,6.0662,2.176,228.8616,5.1466,2.3351,213.2638,5.2959,2.663,187.005,5.4349,3.368,147.8606,5.361
sinh1246,sin,sin_Sinh,997,,15218821.0,15163617.0,Sinhala,Sinh,Abugida,3 bytes,Indo-European,Indo-European > Classical Indo-European > Indo-Iranian > Indo-Aryan > Middle-Modern Indo-Aryan > Dhivehi-Sinhala > Sinhalaic,Indo-European > Indo-Iranian > Indo-Aryan > Middle-Modern Indo-Aryan > Dhivehi-Sinhala,1.8768,179.3922,3.7928,2.0527,164.0221,3.9348,2.2476,149.7994,4.0209,2.9457,114.2979,4.1194,2.5646,131.2828,3.2572,2.8273,119.0853,3.2924,3.3776,99.682,3.2543,4.8998,68.7131,2.9012,1.5496,217.2748,3.6411,1.6431,204.9077,3.7849,1.7586,191.4473,4.0326,2.0261,166.1705,4.5221,2.0107,167.4504,3.7656,2.1298,158.0822,3.9256,2.3763,141.683,4.1177,2.9446,114.338,4.1456
slov1269,slk,slk_Latn,997,,696039997.0,691361945.0,Slovak,Latn,Alphabet,1 byte,Indo-European,Indo-European > Classical Indo-European > Balto-Slavic > Slavic > West Slavic > Czech-Slovak,Indo-European > Balto-Slavic > Slavic > West Slavic > Czech-Slovak,2.1252,64.99,1.3741,2.5161,54.8917,1.3168,2.9443,46.9087,1.2591,4.447,31.0582,1.1194,3.1005,44.5466,1.1052,3.579,38.5908,1.0669,4.504,30.665,1.0011,6.3827,21.6389,0.9136,1.3348,103.4754,1.734,1.4343,96.2929,1.7786,1.583,87.2477,1.8377,2.0314,67.99,1.8503,2.4529,56.3069,1.2662,2.7019,51.1184,1.2694,3.2585,42.3862,1.2319,4.4854,30.7924,1.1164
slov1268,slv,slv_Latn,997,,295443845.0,293532981.0,Slovenian,Latn,Alphabet,1 byte,Indo-European,Indo-European > Classical Indo-European > Balto-Slavic > Slavic > South Slavic > Western South Slavic,Indo-European > Balto-Slavic > Slavic > South Slavic > Western South Slavic,2.2149,58.0903,1.2282,2.6033,49.4233,1.1856,3.0197,42.6078,1.1437,4.4475,28.9298,1.0427,3.1004,41.4995,1.0296,3.4819,36.9519,1.0216,4.1603,30.9268,1.0097,5.5402,23.2237,0.9806,1.5764,81.6169,1.3677,1.7439,73.7813,1.3628,1.9899,64.66,1.362,2.6444,48.656,1.3241,2.5156,51.1474,1.1502,2.7781,46.3139,1.1501,3.3174,38.7844,1.1272,4.4901,28.655,1.039
samo1305,smo,smo_Latn,997,,982573.0,978614.0,Samoan,Latn,Alphabet,1 byte,Austronesian,Austronesian > Malayo-Polynesian > Eastern Malayo-Polynesian > Oceanic > Central Pacific linkage > Tokalau Fijian > Polynesian > Nuclear Polynesian > Ellicean > Pukapukic > Samoan-Tokelauan,Austronesian > Eastern Malayo-Polynesian > Polynesian > Ellicean,2.0031,76.7472,1.6226,2.3235,66.1645,1.5872,2.7232,56.4544,1.5154,4.546,33.8175,1.2188,2.7735,55.4303,1.3753,3.1144,49.3621,1.3647,3.7959,40.5005,1.3222,5.2858,29.0843,1.228,1.2493,123.0602,2.0622,1.3257,115.9679,2.1421,1.4499,106.0311,2.2334,1.8446,83.342,2.268,2.2433,68.5316,1.5411,2.4916,61.7011,1.5322,3.0393,50.5817,1.47,4.6085,33.3591,1.2095
shon1251,sna,sna_Latn,997,,1015714.0,1010485.0,Shona,Latn,Alphabet,1 byte,Atlantic-Congo,Atlantic-Congo > Volta-Congo > Benue-Congo > Bantoid > Southern Bantoid > Narrow Bantu > East Bantu > Southern Bantu > Shona (S.10) > Core Shona > Plateau Shona > Central Shona,Atlantic-Congo > Volta-Congo > Benue-Congo > Bantoid > East Bantu > Southern Bantu > Shona (S.10),2.0666,68.2397,1.4428,2.4657,57.1956,1.3721,2.9206,48.2859,1.2961,4.7562,29.651,1.0687,2.7806,50.7172,1.2583,3.1021,45.4614,1.2569,3.7899,37.2106,1.2148,5.7849,24.3781,1.0293,1.5768,89.4383,1.4988,1.749,80.6329,1.4894,1.9927,70.7713,1.4907,2.6244,53.7362,1.4624,2.3915,58.9689,1.3261,2.6604,53.008,1.3163,3.2748,43.0632,1.2515,4.8224,29.2437,1.0603
sind1272,snd,snd_Arab,997,,2500046.0,2476633.0,Sindhi (Arabic script),Arab,Abjad,2 bytes,Indo-European,Indo-European > Classical Indo-European > Indo-Iranian > Indo-Aryan > Middle-Modern Indo-Aryan > Continental Indo-Aryan > Indo-Aryan Northwestern zone > Sindhi-Lahnda > Sindhic > Sindhi-Kachchi,Indo-European > Indo-Iranian > Indo-Aryan > Middle-Modern Indo-Aryan > Continental Indo-Aryan > Indo-Aryan Northwestern zone > Sindhic,1.972,102.1906,2.1606,2.3248,86.6861,2.0795,2.7153,74.2177,1.9922,4.3833,45.9759,1.657,3.0529,66.01,1.6378,3.2989,61.0893,1.689,3.7707,53.4453,1.7448,5.0925,39.5727,1.6709,2.125,94.8365,1.5893,2.4791,81.2889,1.5015,2.8718,70.1745,1.4781,3.8793,51.9488,1.4137,2.2774,88.4895,1.9899,2.4993,80.6309,2.0023,3.0124,66.8977,1.9442,4.4555,45.2307,1.6399
sind1272,snd,snd_Deva,997,dev only,2500046.0,2476633.0,Sindhi (Devanagari script),Deva,Abugida,3 bytes,Indo-European,Indo-European > Classical Indo-European > Indo-Iranian > Indo-Aryan > Middle-Modern Indo-Aryan > Continental Indo-Aryan > Indo-Aryan Northwestern zone > Sindhi-Lahnda > Sindhic > Sindhi-Kachchi,Indo-European > Indo-Iranian > Indo-Aryan > Middle-Modern Indo-Aryan > Continental Indo-Aryan > Indo-Aryan Northwestern zone > Sindhic,2.4241,138.4363,2.9269,2.6106,128.5456,3.0837,2.8471,117.8676,3.1638,4.1421,81.0171,2.9199,3.7686,89.0461,2.2093,4.0155,83.5707,2.3105,4.454,75.342,2.4597,5.2913,63.4203,2.6778,3.5605,94.2487,1.5794,3.8292,87.6359,1.6187,4.1775,80.33,1.692,4.9401,67.9298,1.8486,2.4642,136.1825,3.0625,2.6474,126.7553,3.1477,3.0797,108.9629,3.1668,4.1197,81.4564,2.9534
soma1255,som,som_Latn,997,,8811562.0,8782377.0,Somali,Latn,Alphabet,1 byte,Afro-Asiatic,Afro-Asiatic > Cushitic > East Cushitic > Lowland East Cushitic > Southern Lowland East Cushitic > Mainstream Lowland East Cushitic > Omo-Tana > Eastern Omo-Tana,Afro-Asiatic > Cushitic > Omo-Tana,2.0167,70.8345,1.4976,2.4139,59.1785,1.4197,2.8695,49.7813,1.3362,4.6966,30.4152,1.0962,2.751,51.9258,1.2883,3.1808,44.9097,1.2416,4.1378,34.5226,1.1271,6.6412,21.5095,0.9082,1.1785,121.2096,2.0312,1.2366,115.5196,2.1338,1.3232,107.9559,2.2739,1.5702,90.9719,2.4757,2.3564,60.6219,1.3633,2.6139,54.6499,1.3571,3.2238,44.3109,1.2878,4.7588,30.0181,1.0884
sout2807,sot,sot_Latn,997,,952169.0,947711.0,Southern Sotho,Latn,Alphabet,1 byte,Atlantic-Congo,Atlantic-Congo > Volta-Congo > Benue-Congo > Bantoid > Southern Bantoid > Narrow Bantu > East Bantu > Southern Bantu > Nuclear Southern Bantu > Dimsuffix Southern Bantu > Sotho-Tswana (S.30) > Western Sotho-Tswana > Central Sotho-Tswana > Sesotho-Lozi,Atlantic-Congo > Volta-Congo > Benue-Congo > Bantoid > East Bantu > Southern Bantu > Nuclear Southern Bantu > Sotho-Tswana (S.30) > Western Sotho-Tswana > Sesotho-Lozi,1.984,76.6841,1.6213,2.3286,65.336,1.5674,2.7805,54.7182,1.4688,4.7272,32.1846,1.16,2.923,52.0512,1.2914,3.3455,45.4774,1.2573,4.1685,36.4985,1.1916,5.6682,26.8415,1.1333,1.1924,127.5938,2.1382,1.2579,120.9488,2.2341,1.3574,112.0822,2.3608,1.6627,91.5045,2.4902,2.2815,66.6851,1.4996,2.5253,60.2467,1.4961,3.1444,48.3862,1.4062,4.7979,31.7101,1.1497
amer1254,spa,spa_Latn,997,,8721329091.0,8661896197.0,Spanish (Latin American),Latn,Alphabet,1 byte,Indo-European,Indo-European > Classical Indo-European > Italic > Latino-Faliscan > Latinic > Imperial Latin > Romance > Italo-Western Romance > Western Romance > Shifted Western Romance > Southwestern Shifted Romance > West Ibero-Romance > Castilic > Spanish,Indo-European > Italic > Italo-Western Romance > Western Romance > Shifted Western Romance > Southwestern Shifted Romance > West Ibero-Romance > Castilic,2.7154,56.1735,1.1877,3.1057,49.1143,1.1782,3.512,43.4333,1.1658,5.0499,30.2056,1.0886,3.1643,48.2056,1.196,3.5346,43.1545,1.1931,4.1975,36.34,1.1864,5.2779,28.9007,1.2203,2.3555,64.7583,1.0852,2.6263,58.0802,1.0728,2.9912,50.994,1.0741,3.9725,38.3982,1.045,2.8691,53.1655,1.1956,3.2015,47.6449,1.1831,3.8827,39.2859,1.1418,5.0818,30.016,1.0883
sard1257,srd,srd_Latn,997,[1],,,Sardinian,Latn,Alphabet,1 byte,Indo-European,Indo-European > Classical Indo-European > Italic > Latino-Faliscan > Latinic > Imperial Latin > Romance,Indo-European > Italic,2.1642,69.6259,1.4721,2.5753,58.5125,1.4037,3.0304,49.7252,1.3347,4.683,32.1775,1.1597,3.0464,49.4634,1.2272,3.4409,43.7924,1.2108,4.1641,36.1866,1.1814,5.5737,27.0351,1.1415,1.5021,100.32,1.6812,1.655,91.0512,1.6818,1.8764,80.3049,1.6915,2.5482,59.1344,1.6093,2.5025,60.2146,1.3541,2.7738,54.325,1.349,3.372,44.6871,1.2987,4.7333,31.8355,1.1543
serb1264,srp,srp_Cyrl,997,,428606923.0,426190099.0,Serbian,Cyrl,Alphabet,2 bytes,Indo-European,Indo-European > Classical Indo-European > Balto-Slavic > Slavic > South Slavic > Western South Slavic > Serbian-Croatian-Bosnian > Shtokavski > New Shtokavian > Eastern Herzegovinian Shtokavian,Indo-European > Balto-Slavic > Slavic > South Slavic > Western South Slavic > Serbian-Croatian-Bosnian,2.4173,93.9559,1.9865,2.7774,81.7733,1.9617,3.3008,68.8064,1.8469,6.6667,34.0672,1.2278,4.0638,55.8877,1.3866,4.5781,49.6088,1.3716,5.4709,41.5135,1.3553,7.2415,31.3631,1.3242,5.0879,44.6389,0.7481,6.1118,37.1605,0.6864,7.4845,30.345,0.6392,10.527,21.5747,0.5871,2.552,88.996,2.0013,2.9155,77.8997,1.9344,3.9036,58.1805,1.6909,6.7807,33.4945,1.2144
swat1243,ssw,ssw_Latn,997,,76074.0,74395.0,Swati,Latn,Alphabet,1 byte,Atlantic-Congo,Atlantic-Congo > Volta-Congo > Benue-Congo > Bantoid > Southern Bantoid > Narrow Bantu > East Bantu > Southern Bantu > Nuclear Southern Bantu > Dimsuffix Southern Bantu > Nguni-Tsonga-Copi > Nguni (S.40) > Nuclear Nguni > Southern Ndebele-Lowland > Swatic,Atlantic-Congo > Volta-Congo > Benue-Congo > Bantoid > East Bantu > Southern Bantu > Nuclear Southern Bantu > Nguni-Tsonga-Copi > Nguni (S.40) > Swatic,2.0674,68.333,1.4447,2.4767,57.0411,1.3684,2.9414,48.0291,1.2892,4.8198,29.3109,1.0564,2.8929,48.8345,1.2116,3.2682,43.2257,1.1951,4.0265,35.0853,1.1454,5.9984,23.5517,0.9944,1.5241,92.6941,1.5534,1.6946,83.3641,1.5398,1.9538,72.3079,1.5231,2.6424,53.4644,1.455,2.4024,58.8044,1.3224,2.6801,52.7111,1.3089,3.2995,42.8164,1.2444,4.885,28.9198,1.0486
sund1252,sun,sun_Latn,997,,2136693.0,2127295.0,Sundanese,Latn,Alphabet,1 byte,Austronesian,Austronesian > Malayo-Polynesian,Austronesian,2.0971,63.2828,1.338,2.5136,52.7974,1.2666,2.9937,44.33,1.1899,4.7191,28.1224,1.0136,2.9551,44.9097,1.1142,3.4138,38.8746,1.0748,4.3835,30.2748,0.9884,6.4124,20.6961,0.8738,1.2454,106.5617,1.7858,1.3197,100.5637,1.8575,1.4311,92.7312,1.9532,1.7801,74.5507,2.0288,2.4525,54.1133,1.2169,2.7323,48.5707,1.2061,3.3544,39.5637,1.1498,4.7799,27.7643,1.0067
swed1254,swe,swe_Latn,997,,1409838855.0,1398770001.0,Swedish,Latn,Alphabet,1 byte,Indo-European,Indo-European > Classical Indo-European > Germanic > Northwest Germanic > North Germanic > North Scandinavian > East-Central Swedic > East Swedic,Indo-European > Germanic > North Germanic > North Scandinavian,2.1646,60.99,1.2895,2.5511,51.7513,1.2415,2.9845,44.2347,1.1874,4.3352,30.4534,1.0976,3.2032,41.2146,1.0226,3.7267,35.4253,0.9794,4.7303,27.9097,0.9112,6.2505,21.1214,0.8918,1.3294,99.3099,1.6642,1.4166,93.1926,1.7214,1.5475,85.3129,1.797,1.968,67.0843,1.8256,2.485,53.1274,1.1947,2.7496,48.014,1.1923,3.2985,40.0241,1.1632,4.3726,30.1926,1.0947
swah1253,swh,swh_Latn,997,,16167752.0,16103776.0,Swahili,Latn,Alphabet,1 byte,Atlantic-Congo,Atlantic-Congo > Volta-Congo > Benue-Congo > Bantoid > Southern Bantoid > Narrow Bantu > East Bantu > Northeast Savanna Bantu > Northeast Coastal Bantu > Coastal NEC Bantu > Sabaki-Swahili > Swahili (G.40) > Mombasa-Lamu-Inland Swahili,Atlantic-Congo > Volta-Congo > Benue-Congo > Bantoid > East Bantu > Northeast Savanna Bantu > Northeast Coastal Bantu,2.0269,65.2437,1.3794,2.3582,56.0762,1.3452,2.7531,48.0331,1.2893,4.3487,30.4092,1.096,2.744,48.1936,1.1957,3.0926,42.7613,1.1822,3.8761,34.1174,1.1138,6.2679,21.0983,0.8908,1.4363,92.0682,1.5429,1.5621,84.656,1.5637,1.7342,76.2568,1.6062,2.1831,60.5757,1.6485,2.2996,57.5065,1.2932,2.524,52.3932,1.3011,3.053,43.3149,1.2589,4.4097,29.989,1.0873
sile1253,szl,szl_Latn,997,,,,Silesian,Latn,Alphabet,1 byte,Indo-European,Indo-European > Classical Indo-European > Balto-Slavic > Slavic > West Slavic > Lechitic > Polish-Silesian,Indo-European > Balto-Slavic > Slavic > West Slavic > Lechitic,2.0983,66.1143,1.3978,2.5061,55.3561,1.328,2.9486,47.0481,1.2629,4.4604,31.1023,1.121,2.9933,46.346,1.1499,3.4851,39.8064,1.1006,4.4787,30.9749,1.0112,6.4686,21.4463,0.9055,1.236,112.2427,1.881,1.3036,106.4193,1.9657,1.408,98.5266,2.0753,1.7223,80.5466,2.192,2.4426,56.7954,1.2772,2.7051,51.2849,1.2735,3.2588,42.5707,1.2372,4.4981,30.8415,1.1182
tami1289,tam,tam_Taml,997,,85165919.0,84823478.0,Tamil,Taml,Abugida,3 bytes,Dravidian,Dravidian > South Dravidian > South Dravidian I > Tamil-Kannada > Tamil-Kota > Tamil-Toda > Tamil-Irula > Tamil-Kodagu > Tamil-Malayalam > Tamiloid > Tamil-Paliyan,Dravidian > South Dravidian I > Tamil-Kota > Tamiloid,3.58,111.7332,2.3623,3.8245,104.5888,2.509,4.1835,95.6128,2.5665,8.1943,48.8144,1.7593,4.8287,82.8375,2.0553,5.5701,71.8124,1.9854,6.3576,62.9168,2.054,7.7091,51.8867,2.1908,8.0571,49.6459,0.832,8.9681,44.6028,0.8239,10.1536,39.3952,0.8298,13.2106,30.2788,0.824,3.1857,125.5627,2.8236,3.6327,110.1123,2.7344,4.8295,82.8245,2.4071,8.1287,49.2086,1.7842
tama1365,taq,taq_Latn,997,,,,Tamasheq (Latin script),Latn,Alphabet,1 byte,Afro-Asiatic,Afro-Asiatic > Berber > Tuareg > Southern Tuareg,Afro-Asiatic > Berber > Tuareg,2.0828,61.347,1.297,2.4469,52.2197,1.2527,2.844,44.9288,1.206,4.1782,30.5817,1.1022,2.8823,44.331,1.0999,3.3172,38.5196,1.065,4.1588,30.7242,1.003,5.7693,22.1474,0.9351,1.215,105.1665,1.7624,1.2697,100.6359,1.8589,1.3481,94.7823,1.9965,1.5854,80.5968,2.1933,2.3874,53.5206,1.2036,2.6237,48.7001,1.2093,3.1234,40.9087,1.1889,4.2172,30.2989,1.0986
tama1365,taq,taq_Tfng,997,,,,Tamasheq (Tifinagh script),Tfng,Alphabet,2 bytes,Afro-Asiatic,Afro-Asiatic > Berber > Tuareg > Southern Tuareg,Afro-Asiatic > Berber > Tuareg,1.7121,169.0752,3.5747,1.8377,157.5236,3.7789,2.0367,142.1294,3.8151,3.2529,88.991,3.2073,2.3597,122.676,3.0437,2.7684,104.5637,2.8909,3.5788,80.8877,2.6407,5.8976,49.0843,2.0725,1.2338,234.6229,3.9318,1.2695,228.0241,4.2119,1.3146,220.2016,4.6382,1.4222,203.5416,5.5391,1.8118,159.7713,3.5929,1.9123,151.3781,3.7591,2.2184,130.4915,3.7925,3.2639,88.6901,3.2157
tata1255,tat,tat_Cyrl,997,,13992169.0,13955010.0,Tatar,Cyrl,Alphabet,2 bytes,Turkic,Turkic > Common Turkic > Kipchak-Turkestan > Kipchak > Northwest Kipchak > North Kipchak > Bashkiric,Turkic > Common Turkic > Kipchak-Turkestan > Kipchak > Northwest Kipchak > North Kipchak,2.0067,116.5356,2.4639,2.3718,98.5978,2.3653,2.8153,83.0632,2.2296,4.8019,48.7001,1.7552,3.3995,68.7894,1.7067,3.8511,60.7232,1.6789,4.671,50.0642,1.6344,6.4832,36.0702,1.523,2.1753,107.5015,1.8015,2.5795,90.656,1.6745,3.1672,73.8355,1.5552,4.7764,48.9599,1.3324,2.3202,100.7894,2.2665,2.5727,90.8987,2.2572,3.1738,73.682,2.1414,4.8814,47.9067,1.737
telu1262,tel,tel_Telu,997,,34841942.0,34709401.0,Telugu,Telu,Abugida,3 bytes,Dravidian,Dravidian > South Dravidian > South Dravidian II > Teluguic,Dravidian > South Dravidian II,1.9728,172.2578,3.642,2.2125,153.5958,3.6847,2.4786,137.1093,3.6803,3.4152,99.5065,3.5863,2.5739,132.0301,3.2758,2.8412,119.6078,3.3069,3.4648,98.0832,3.2021,5.2904,64.2357,2.7122,1.6799,202.2979,3.3901,1.7931,189.5256,3.5008,1.9324,175.8596,3.7042,2.2676,149.8646,4.0784,2.1577,157.5015,3.5419,2.3183,146.5858,3.6401,2.6635,127.5908,3.7082,3.4177,99.4333,3.6052
taji1245,tgk,tgk_Cyrl,997,,10533180.0,10506081.0,Tajik,Cyrl,Alphabet,2 bytes,Indo-European,Indo-European > Classical Indo-European > Indo-Iranian > Iranian-Nuristani > Iranian > Southwestern Iranian > Middle-Modern Persian > Modern Southwestern Iranian > Farsic-Caucasian Tat > Farsic > Eastern Farsic > Tajikic,Indo-European > Indo-Iranian > Iranian-Nuristani > Southwestern Iranian > Eastern Farsic > Tajikic,2.0041,126.9408,2.6839,2.4004,105.9809,2.5424,2.8668,88.7402,2.382,5.2834,48.1505,1.7354,3.5577,71.5065,1.7741,4.0732,62.4564,1.7268,5.1455,49.4413,1.6141,7.2832,34.9298,1.4748,2.8684,88.6911,1.4863,3.5266,72.1384,1.3325,4.6023,55.2768,1.1643,7.4213,34.2798,0.9329,2.3293,109.2197,2.4561,2.6075,97.5647,2.4228,3.2661,77.8917,2.2638,5.3872,47.2227,1.7122
thai1261,tha,tha_Thai,997,,745804664.0,741927782.0,Thai,Thai,Abugida,3 bytes,Tai-Kadai,Tai-Kadai > Kam-Tai > Daic-Beic > Daic > Central-Southwestern Tai > Wenma-Southwestern Tai > Sapa-Southwestern Tai > Southwestern Tai > Southwestern Thai PH > Lao-Thai,Tai-Kadai > Southwestern Thai PH,3.3855,102.657,2.1704,3.6353,95.6038,2.2935,4.0531,85.7482,2.3017,6.9392,50.0843,1.8051,4.9882,69.674,1.7287,5.3193,65.336,1.8064,5.9107,58.7994,1.9196,7.0919,49.006,2.0692,6.3868,54.4162,0.9119,7.1408,48.67,0.899,8.2203,42.2788,0.8905,10.0792,34.4814,0.9384,2.9347,118.4273,2.6632,3.4718,100.1043,2.4858,4.7105,73.7803,2.1443,6.9165,50.2487,1.8219
tigr1271,tir,tir_Ethi,997,,1422770.0,1408041.0,Tigrinya,Ethi,Abugida,3 bytes,Afro-Asiatic,Afro-Asiatic > Semitic > West Semitic > Ethiosemitic,Afro-Asiatic > Semitic > Ethiosemitic,1.9696,112.2076,2.3724,2.213,99.8636,2.3957,2.5362,87.1384,2.339,4.0031,55.2076,1.9897,2.7546,80.2307,1.9906,3.0462,72.5507,2.0059,3.78,58.4664,1.9087,6.4847,34.0802,1.4389,2.5951,85.1605,1.4271,3.017,73.2508,1.353,3.7387,59.1113,1.2451,7.2119,30.6439,0.8339,2.0837,106.0612,2.3851,2.303,95.9609,2.3829,2.8098,78.653,2.2859,4.0456,54.6269,1.9806
tokp1240,tpi,tpi_Latn,997,,,,Tok Pisin,Latn,Alphabet,1 byte,Indo-European,Indo-European > Classical Indo-European > Germanic > Northwest Germanic > West Germanic > North Sea Germanic > Anglo-Frisian > Anglic > Later Anglic > Middle-Modern English > Macro-English > Pacific Creole English > Early Melanesian Pidgin,Indo-European > Germanic > West Germanic > North Sea Germanic > Pacific Creole English,2.0711,77.6319,1.6413,2.3899,67.2758,1.6139,2.7606,58.2417,1.5633,4.2011,38.2718,1.3794,2.927,54.9308,1.3629,3.3304,48.2778,1.3348,4.0925,39.2869,1.2826,5.5573,28.9318,1.2216,1.2502,128.6038,2.1551,1.3204,121.7723,2.2493,1.4309,112.3651,2.3668,1.7727,90.6981,2.4682,2.3387,68.7482,1.546,2.5531,62.9769,1.5639,3.0405,52.8806,1.5369,4.2512,37.8205,1.3713
tswa1253,tsn,tsn_Latn,997,,386856.0,383554.0,Tswana,Latn,Alphabet,1 byte,Atlantic-Congo,Atlantic-Congo > Volta-Congo > Benue-Congo > Bantoid > Southern Bantoid > Narrow Bantu > East Bantu > Southern Bantu > Nuclear Southern Bantu > Dimsuffix Southern Bantu > Sotho-Tswana (S.30) > Western Sotho-Tswana > Central Sotho-Tswana,Atlantic-Congo > Volta-Congo > Benue-Congo > Bantoid > East Bantu > Southern Bantu > Nuclear Southern Bantu > Sotho-Tswana (S.30) > Western Sotho-Tswana,1.979,80.0752,1.693,2.3329,67.9288,1.6296,2.7772,57.0602,1.5316,4.721,33.5667,1.2098,2.9396,53.9077,1.3375,3.3722,46.992,1.2992,4.1859,37.8576,1.2359,5.5506,28.5496,1.2054,1.1958,132.5165,2.2207,1.2562,126.1515,2.3302,1.3521,117.2016,2.4687,1.6502,96.0311,2.6134,2.2859,69.323,1.5589,2.5305,62.6239,1.5551,3.1412,50.4483,1.4662,4.7817,33.1404,1.2016
tson1249,tso,tso_Latn,997,,127912.0,127165.0,Tsonga,Latn,Alphabet,1 byte,Atlantic-Congo,Atlantic-Congo > Volta-Congo > Benue-Congo > Bantoid > Southern Bantoid > Narrow Bantu > East Bantu > Southern Bantu > Nuclear Southern Bantu > Dimsuffix Southern Bantu > Nguni-Tsonga-Copi > Tsonga-Copi > Tswa-Ronga (S.50) > Tsongan,Atlantic-Congo > Volta-Congo > Benue-Congo > Bantoid > East Bantu > Southern Bantu > Nuclear Southern Bantu > Nguni-Tsonga-Copi > Tsonga-Copi,1.9744,76.7974,1.6237,2.289,66.2417,1.5891,2.6793,56.5908,1.519,4.3255,35.0542,1.2634,2.851,53.1836,1.3195,3.2554,46.5767,1.2877,4.09,37.0722,1.2103,6.075,24.9589,1.0538,1.3025,116.4102,1.9508,1.3993,108.3581,2.0015,1.5391,98.5186,2.0752,1.9155,79.1565,2.1541,2.2347,67.8516,1.5258,2.4554,61.7533,1.5335,2.9776,50.9218,1.4799,4.3884,34.5517,1.2527
turk1304,tuk,tuk_Latn,997,,3821690.0,3808159.0,Turkmen,Latn,Alphabet,1 byte,Turkic,Turkic > Common Turkic > Oghuz > Nuclear Oghuz > East Oghuz,Turkic > Common Turkic > Oghuz > East Oghuz,2.0552,71.4453,1.5105,2.4652,59.5647,1.4289,2.9483,49.8044,1.3369,4.7144,31.1464,1.1225,3.0137,48.7232,1.2089,3.5283,41.6169,1.1506,4.5982,31.9338,1.0425,6.8349,21.4835,0.9071,1.2326,119.1254,1.9963,1.3,112.9549,2.0864,1.4,104.8847,2.2092,1.7053,86.1043,2.3432,2.4099,60.9308,1.3702,2.682,54.7492,1.3596,3.3197,44.2317,1.2855,4.7689,30.7904,1.1164
tumb1250,tum,tum_Latn,997,,,,Tumbuka,Latn,Alphabet,1 byte,Atlantic-Congo,Atlantic-Congo > Volta-Congo > Benue-Congo > Bantoid > Southern Bantoid > Narrow Bantu > East Bantu > Tumbuka-Sena-Nyanja > Tumbukic,Atlantic-Congo > Volta-Congo > Benue-Congo > Bantoid > East Bantu > Tumbuka-Sena-Nyanja > Tumbukic,2.1217,78.2618,1.6547,2.4484,67.8195,1.6269,2.8289,58.6981,1.5756,4.3926,37.8014,1.3624,2.8231,58.8185,1.4593,3.1429,52.8325,1.4607,3.8204,43.4634,1.4189,5.7455,28.9007,1.2203,1.6834,98.6369,1.653,1.8572,89.4062,1.6514,2.0884,79.5095,1.6748,2.6622,62.3731,1.6974,2.362,70.2999,1.5809,2.5978,63.9178,1.5872,3.1345,52.9749,1.5396,4.4527,37.2919,1.3521
nucl1301,tur,tur_Latn,997,,1975738495.0,1964050769.0,Turkish,Latn,Alphabet,1 byte,Turkic,Turkic > Common Turkic > Oghuz > Nuclear Oghuz > West Oghuz,Turkic > Common Turkic > Oghuz > West Oghuz,2.0784,67.5527,1.4282,2.4992,56.1775,1.3477,2.9733,47.2207,1.2675,4.5925,30.5717,1.1018,3.035,46.2608,1.1478,3.5655,39.3771,1.0887,4.6791,30.006,0.9796,6.9955,20.0702,0.8474,1.251,112.2297,1.8807,1.3207,106.3069,1.9636,1.4247,98.5456,2.0757,1.7412,80.6359,2.1944,2.4428,57.4744,1.2925,2.7178,51.66,1.2828,3.3185,42.3089,1.2296,4.6449,30.2267,1.0959
akua1239,twi,twi_Latn_akua1239,997,,,,Akuapem Twi,Latn,Alphabet,1 byte,Atlantic-Congo,Atlantic-Congo > Volta-Congo > Kwa Volta-Congo > Nyo > Potou-Tano > Tano > Central Tano > Akanic > Akan > Twi,Atlantic-Congo > Volta-Congo > Kwa Volta-Congo > Nyo,2.0298,65.4564,1.3839,2.4372,54.5165,1.3078,2.9138,45.5988,1.224,4.7985,27.6891,0.9979,2.6564,50.0171,1.241,3.0648,43.3521,1.1986,3.9289,33.8175,1.104,6.22,21.3611,0.9019,1.1213,118.4945,1.9857,1.1497,115.5667,2.1347,1.1908,111.5777,2.3502,1.3047,101.8385,2.7714,2.3803,55.8185,1.2552,2.6559,50.0261,1.2423,3.2794,40.5155,1.1775,4.8639,27.317,0.9904
asan1239,twi,twi_Latn_asan1239,997,,,,Asante Twi,Latn,Alphabet,1 byte,Atlantic-Congo,Atlantic-Congo > Volta-Congo > Kwa Volta-Congo > Nyo > Potou-Tano > Tano > Central Tano > Akanic > Akan > Twi,Atlantic-Congo > Volta-Congo > Kwa Volta-Congo > Nyo,2.0203,68.1785,1.4415,2.4253,56.7924,1.3624,2.9079,47.3661,1.2714,4.738,29.0712,1.0478,2.6991,51.0321,1.2662,3.1107,44.2788,1.2242,3.9645,34.7432,1.1343,6.0928,22.6068,0.9545,1.1349,121.3701,2.0339,1.1656,118.1725,2.1828,1.2081,114.009,2.4014,1.3266,103.8285,2.8256,2.3686,58.1525,1.3077,2.6456,52.0622,1.2928,3.2701,42.1204,1.2241,4.796,28.7192,1.0413
tuvi1240,tyv,tyv_Cyrl,997,,,,Tuvan,Cyrl,Alphabet,2 bytes,Turkic,Turkic > Common Turkic > South Siberian Turkic > Sayan-Yenisei Turkic > Sayan,Turkic > Common Turkic > South Siberian Turkic > Sayan,1.9963,132.8857,2.8095,2.3829,111.325,2.6706,2.8534,92.9679,2.4955,5.1495,51.5145,1.8566,3.3606,78.9378,1.9585,3.8199,69.4463,1.92,4.7335,56.0421,1.8296,6.7438,39.336,1.6609,2.3518,112.7984,1.8903,2.8435,93.2929,1.7232,3.5905,73.8816,1.5562,5.8167,45.6058,1.2411,2.3245,114.1234,2.5664,2.5921,102.34,2.5414,3.238,81.9258,2.381,5.2467,50.5607,1.8332
uigh1240,uig,uig_Arab,997,,2481026.0,2473081.0,Uyghur,Arab,Abjad,2 bytes,Turkic,Turkic > Common Turkic > Kipchak-Turkestan > Turkestan > Modern Turkestan > Uyghuric,Turkic > Common Turkic > Kipchak-Turkestan > Turkestan > Uyghuric,1.9976,124.5848,2.634,2.307,107.8756,2.5879,2.668,93.2788,2.5038,4.1588,59.8415,2.1567,2.9342,84.8175,2.1044,3.192,77.9659,2.1556,3.7427,66.4955,2.1709,5.2736,47.1916,1.9925,1.8009,138.1946,2.3159,2.085,119.3601,2.2047,2.4329,102.2919,2.1546,3.2712,76.0792,2.0704,2.2735,109.4674,2.4617,2.4754,100.5366,2.4966,2.9376,84.7192,2.4622,4.2204,58.9679,2.138
ukra1253,ukr,ukr_Cyrl,997,,911455063.0,899679131.0,Ukrainian,Cyrl,Alphabet,2 bytes,Indo-European,Indo-European > Classical Indo-European > Balto-Slavic > Slavic > East Slavic > Ukrainian-Rusyn,Indo-European > Balto-Slavic > Slavic > East Slavic > Ukrainian-Rusyn,2.0333,116.1575,2.4559,2.3947,98.6309,2.3661,2.8192,83.7783,2.2488,4.8943,48.2578,1.7393,3.4967,67.5446,1.6758,3.9559,59.7051,1.6507,4.8206,48.995,1.5995,6.636,35.5918,1.5028,2.7904,84.6439,1.4185,3.4078,69.3079,1.2802,4.2969,54.9669,1.1578,6.6294,35.6269,0.9695,2.3254,101.5687,2.2841,2.5822,91.4684,2.2714,3.1779,74.322,2.16,4.9827,47.4012,1.7186
umbu1257,umb,umb_Latn,997,,,,Umbundu,Latn,Alphabet,1 byte,Atlantic-Congo,Atlantic-Congo > Volta-Congo > Benue-Congo > Bantoid > Southern Bantoid > Narrow Bantu > Central-Western Bantu > Njila > Southern Njila > Kunene,Atlantic-Congo > Volta-Congo > Benue-Congo > Bantoid > Central-Western Bantu > Njila > Southern Njila > Kunene,2.0741,62.993,1.3318,2.4317,53.7302,1.289,2.8442,45.9368,1.233,4.5047,29.004,1.0453,2.781,46.9809,1.1656,3.1299,41.7432,1.1541,3.908,33.4323,1.0915,6.0938,21.4403,0.9053,1.4255,91.655,1.536,1.548,84.4012,1.559,1.7257,75.7091,1.5947,2.2204,58.8435,1.6013,2.3733,55.0522,1.238,2.6137,49.988,1.2413,3.1625,41.3139,1.2007,4.5668,28.6098,1.0373
urdu1245,urd,urd_Arab,997,,52677605.0,52410770.0,Urdu,Arab,Abjad,2 bytes,Indo-European,Indo-European > Classical Indo-European > Indo-Iranian > Indo-Aryan > Middle-Modern Indo-Aryan > Continental Indo-Aryan > Midlands Indo-Aryan > Shaurasenic > Indo-Aryan Central zone > Western Hindi > Hindustani,Indo-European > Indo-Iranian > Indo-Aryan > Middle-Modern Indo-Aryan > Continental Indo-Aryan > Midlands Indo-Aryan > Shaurasenic > Indo-Aryan Central zone,1.9792,112.4905,2.3783,2.2772,97.7663,2.3454,2.6206,84.9569,2.2804,4.119,54.0512,1.9481,3.1163,71.4423,1.7725,3.4361,64.7934,1.7914,4.0003,55.655,1.817,5.4364,40.9529,1.7291,1.8133,122.7823,2.0576,2.1394,104.0672,1.9222,2.609,85.333,1.7974,3.6553,60.9087,1.6576,2.2394,99.4203,2.2358,2.4339,91.4724,2.2715,2.8784,77.349,2.248,4.1754,53.322,1.9333
nort2690,uzn,uzn_Latn,997,,36822402.0,36635418.0,Northern Uzbek,Latn,Alphabet,1 byte,Turkic,Turkic > Common Turkic > Kipchak-Turkestan > Turkestan > Modern Turkestan > Uzbek,Turkic > Common Turkic > Kipchak-Turkestan > Turkestan > Uzbek,2.064,69.0,1.4588,2.4728,57.5918,1.3816,2.9529,48.2297,1.2946,4.7621,29.9057,1.0778,2.89,49.2788,1.2227,3.3538,42.4644,1.174,4.3496,32.7422,1.0689,6.7229,21.1836,0.8944,1.2256,116.2036,1.9473,1.2927,110.1675,2.0349,1.3919,102.319,2.1552,1.6908,84.2287,2.2922,2.4153,58.9629,1.326,2.6834,53.0732,1.3179,3.3135,42.9799,1.2491,4.8159,29.5717,1.0722
sout2699,uzs,uzs_Arab,997,dev only,36822402.0,36635418.0,Southern Uzbek,Arab,Abjad,2 bytes,Turkic,Turkic > Common Turkic > Kipchak-Turkestan > Turkestan > Modern Turkestan > Uzbek,Turkic > Common Turkic > Kipchak-Turkestan > Turkestan > Uzbek,2.0329,117.9248,2.4932,2.3381,102.5326,2.4597,2.6763,89.5737,2.4044,4.2485,56.4273,2.0337,2.9684,80.7603,2.0037,3.2773,73.1494,2.0224,3.8723,61.9087,2.0211,5.3915,44.4644,1.8774,1.7917,133.7974,2.2422,2.0974,114.3009,2.1113,2.5273,94.8566,1.998,3.5928,66.7252,1.8158,2.2989,104.2798,2.345,2.4907,96.2497,2.3901,2.9398,81.5466,2.37,4.3163,55.5406,2.0137
vene1259,vec,vec_Latn,997,,,,Venetian,Latn,Alphabet,1 byte,Indo-European,Indo-European > Classical Indo-European > Italic > Latino-Faliscan > Latinic > Imperial Latin > Romance > Italo-Western Romance > Italo-Dalmatian > Dalmatian Romance > Venetian,Indo-European > Italic > Italo-Western Romance > Italo-Dalmatian > Dalmatian Romance,2.2302,59.4383,1.2567,2.6114,50.7613,1.2177,3.0363,43.657,1.1718,4.441,29.8485,1.0758,3.0604,43.3139,1.0747,3.4292,38.656,1.0687,4.1027,32.3099,1.0548,5.342,24.8144,1.0477,1.518,87.324,1.4634,1.6584,79.9328,1.4765,1.8579,71.349,1.5029,2.4801,53.4483,1.4545,2.5164,52.678,1.1846,2.7858,47.5838,1.1816,3.3441,39.6389,1.152,4.4733,29.6329,1.0744
viet1252,vie,vie_Latn,997,,1815676717.0,1803286122.0,Vietnamese,Latn,Alphabet,1 byte,Austroasiatic,Austroasiatic > Vietic > Viet-Muong,Austroasiatic > Vietic,3.0058,58.335,1.2334,3.35,52.341,1.2556,3.683,47.6088,1.2779,4.8805,35.9278,1.2949,3.3438,52.4383,1.301,3.7332,46.9689,1.2986,4.466,39.2618,1.2818,5.6817,30.8616,1.3031,2.9036,60.3882,1.012,3.2882,53.326,0.985,3.8458,45.5938,0.9604,5.1052,34.346,0.9347,3.064,57.2267,1.2869,3.4029,51.5276,1.2796,3.9843,44.009,1.279,4.9033,35.7603,1.2966
cent2033,vmw,vmw_Latn,997,,,,Emakhuwa (Central),Latn,Alphabet,1 byte,Atlantic-Congo,Atlantic-Congo > Volta-Congo > Benue-Congo > Bantoid > Southern Bantoid > Narrow Bantu > East Bantu > North Mozambique Bantu > Makua-Lomwe > Makhuwa,Atlantic-Congo > Volta-Congo > Benue-Congo > Bantoid > East Bantu > North Mozambique Bantu,2.0656,71.8195,1.5185,2.4911,59.5527,1.4286,2.9725,49.9067,1.3396,4.8742,30.4353,1.0969,2.7506,53.9328,1.3381,3.1163,47.6048,1.3162,3.9202,37.8425,1.2354,6.3,23.5476,0.9942,1.4347,103.4032,1.7328,1.5603,95.0742,1.7561,1.7372,85.3952,1.7987,2.2286,66.5667,1.8115,2.428,61.1003,1.374,2.7054,54.8335,1.3617,3.3411,44.4012,1.2904,4.9483,29.9799,1.087
wara1300,war,war_Latn,997,,5160491.0,5140938.0,Waray,Latn,Alphabet,1 byte,Austronesian,Austronesian > Malayo-Polynesian > Greater Central Philippine > Central Philippine > Bisayan > Central Bisayan > Warayan > Samar-Waray,Austronesian > Greater Central Philippine > Bisayan > Central Bisayan,2.0902,75.0602,1.587,2.4266,64.654,1.551,2.8244,55.5476,1.491,4.4177,35.5135,1.2799,2.8073,55.8867,1.3866,3.1763,49.3942,1.3656,3.907,40.1565,1.311,5.5421,28.3089,1.1953,1.2724,123.3019,2.0663,1.353,115.9579,2.1419,1.4695,106.7673,2.2489,1.8129,86.5386,2.355,2.3774,65.991,1.484,2.6043,60.2427,1.496,3.1303,50.1204,1.4566,4.4735,35.0712,1.2716
nucl1347,wol,wol_Latn,997,,301486.0,299205.0,Wolof,Latn,Alphabet,1 byte,Atlantic-Congo,Atlantic-Congo > North-Central Atlantic > Wolof-BKK > Wolofic,Atlantic-Congo > North-Central Atlantic > Wolof-BKK,2.0494,60.9759,1.2892,2.4145,51.7553,1.2416,2.8256,44.2257,1.1871,4.3072,29.013,1.0457,3.0249,41.3119,1.025,3.4416,36.3099,1.0039,4.25,29.4032,0.9599,5.587,22.3671,0.9444,1.1859,105.3791,1.7659,1.2411,100.6891,1.8598,1.3257,94.2648,1.9856,1.6116,77.5386,2.1101,2.3657,52.8245,1.1879,2.5991,48.0792,1.1939,3.1279,39.9519,1.1611,4.3569,28.682,1.0399
suhu1238,wuu,wuu_Hans,997,dev only,,,Wu Chinese,Hans,Logographic,3 bytes,Sino-Tibetan,Sino-Tibetan > Sinitic > Classical-Middle-Modern Sinitic > Middle-Modern Sinitic > Wu-Hui Chinese > Wuic > Wu Chinese > Taihu,Sino-Tibetan > Sinitic > Wu-Hui Chinese,1.9854,59.332,1.2544,2.2374,52.6499,1.263,2.5047,47.0321,1.2624,3.5796,32.9087,1.1861,3.196,36.8586,0.9145,3.7267,31.6098,0.8739,4.5874,25.679,0.8383,6.0334,19.5246,0.8244,1.3194,89.2818,1.4962,1.3892,84.7954,1.5663,1.5046,78.2939,1.6491,1.9364,60.8335,1.6555,2.1748,54.1665,1.2181,2.3438,50.2598,1.2481,2.7168,43.3601,1.2602,3.6206,32.5356,1.1797
xhos1239,xho,xho_Latn,997,,2214453.0,2207154.0,Xhosa,Latn,Alphabet,1 byte,Atlantic-Congo,Atlantic-Congo > Volta-Congo > Benue-Congo > Bantoid > Southern Bantoid > Narrow Bantu > East Bantu > Southern Bantu > Nuclear Southern Bantu > Dimsuffix Southern Bantu > Nguni-Tsonga-Copi > Nguni (S.40) > Nuclear Nguni > Southern Ndebele-Lowland,Atlantic-Congo > Volta-Congo > Benue-Congo > Bantoid > East Bantu > Southern Bantu > Nuclear Southern Bantu > Nguni-Tsonga-Copi > Nguni (S.40),2.0893,64.2828,1.3591,2.49,53.9378,1.2939,2.9577,45.4092,1.2189,4.7412,28.327,1.0209,2.8133,47.7392,1.1845,3.1346,42.8455,1.1846,3.8167,35.1886,1.1488,5.6999,23.5627,0.9949,1.5867,84.6439,1.4185,1.7731,75.7442,1.3991,2.0261,66.2879,1.3963,2.6565,50.5567,1.3758,2.4225,55.4403,1.2467,2.6932,49.8686,1.2384,3.3085,40.5938,1.1798,4.7956,28.006,1.0154
east2295,ydd,ydd_Hebr,997,,,,Eastern Yiddish,Hebr,Abjad,2 bytes,Indo-European,Indo-European > Classical Indo-European > Germanic > Northwest Germanic > West Germanic > High German > Middle German > East Middle German > Schlesisch-Wilmesau,Indo-European > Germanic > West Germanic > High German > Middle German > East Middle German,2.1579,113.4072,2.3977,2.2681,107.8977,2.5884,2.3821,102.7302,2.7575,2.7613,88.6229,3.1941,2.8525,85.7904,2.1285,3.0171,81.1093,2.2425,3.3316,73.4534,2.398,4.1504,58.9619,2.4895,2.3962,102.1284,1.7115,2.593,94.3781,1.7433,2.8083,87.1424,1.8355,3.258,75.1133,2.0441,2.2148,110.4905,2.4847,2.3081,106.0281,2.6329,2.4728,98.9659,2.8762,2.7732,88.2437,3.1995
yoru1245,yor,yor_Latn,997,,1746642.0,1741768.0,Yoruba,Latn,Alphabet,1 byte,Atlantic-Congo,Atlantic-Congo > Volta-Congo > Benue-Congo > Defoid > Yoruboid > Edekiri > Ede > Eastern Ede > Southeastern Ede > Nuclear Yoruba > Lucumi-Yoruba,Atlantic-Congo > Volta-Congo > Benue-Congo > Defoid,2.0712,78.1294,1.6519,2.4148,67.011,1.6076,2.8114,57.5577,1.545,4.1584,38.9137,1.4025,2.8042,57.7071,1.4318,3.1528,51.325,1.419,3.8438,42.0983,1.3744,5.4008,29.9619,1.2651,1.345,120.3129,2.0162,1.4341,112.8375,2.0842,1.5649,103.4042,2.1781,1.9457,83.1665,2.2633,2.3633,68.4714,1.5398,2.5929,62.4082,1.5498,3.0847,52.4594,1.5246,4.2011,38.5186,1.3966
xian1255,yue,yue_Hant,997,,,,Yue Chinese (Hong Kong Cantonese),Hant,Logographic,3 bytes,Sino-Tibetan,Sino-Tibetan > Sinitic > Classical-Middle-Modern Sinitic > Middle-Modern Sinitic > Yue-Pinghua > Yue Chinese > Yuehai > Cantonese,Sino-Tibetan > Sinitic > Yue-Pinghua,1.9043,58.34,1.2335,2.1359,52.014,1.2478,2.3745,46.7884,1.2559,3.3417,33.2457,1.1982,3.1907,34.8195,0.8639,3.7214,29.8536,0.8254,4.5334,24.5065,0.8001,5.8993,18.8325,0.7952,1.3522,82.1605,1.3768,1.4231,78.0682,1.442,1.5337,72.4393,1.5258,1.9614,56.6409,1.5414,2.0835,53.323,1.1991,2.231,49.7984,1.2366,2.5641,43.328,1.2592,3.3821,32.8485,1.191
stan1324,zgh,zgh_Tfng,997,,,,Standard Moroccan Tamazight,Tfng,Alphabet,2 bytes,Afro-Asiatic,Afro-Asiatic > Berber > Kabyle-Atlas Berber > Atlas Berber > Central Moroccan Berber,Afro-Asiatic > Berber > Kabyle-Atlas Berber > Atlas Berber,1.6382,175.2207,3.7046,1.827,157.1174,3.7692,2.1403,134.1143,3.5999,3.9234,73.1635,2.6369,2.4577,116.7974,2.8978,2.8869,99.4323,2.7491,3.6722,78.1675,2.5519,6.5618,43.7452,1.847,1.1397,251.8566,4.2206,1.1686,245.6269,4.537,1.2055,238.1063,5.0154,1.301,220.6419,6.0045,1.7943,159.9739,3.5975,1.9493,147.2588,3.6568,2.4189,118.669,3.4489,3.9324,72.995,2.6466
stan1306,zsm,zsm_Latn,997,,180337405.0,179648747.0,Standard Malay,Latn,Alphabet,1 byte,Austronesian,Austronesian > Malayo-Polynesian > Malayo-Chamic > Malayic > Nuclear Malayic > Standard Malay-Indonesian,Austronesian > Malayo-Chamic > Malayic > Standard Malay-Indonesian,2.0982,67.4122,1.4253,2.5293,55.9228,1.3416,3.0156,46.9047,1.259,4.8046,29.4393,1.061,2.9396,48.1174,1.1938,3.4116,41.4604,1.1463,4.4144,32.0421,1.0461,6.5485,21.5998,0.912,1.2329,114.7252,1.9226,1.3048,108.4002,2.0023,1.4163,99.8666,2.1035,1.7632,80.2187,2.183,2.4697,57.2728,1.2879,2.7553,51.335,1.2748,3.3881,41.7472,1.2133,4.8673,29.0602,1.0536
zulu1248,zul,zul_Latn,997,,2742378.0,2735836.0,Zulu,Latn,Alphabet,1 byte,Atlantic-Congo,Atlantic-Congo > Volta-Congo > Benue-Congo > Bantoid > Southern Bantoid > Narrow Bantu > East Bantu > Southern Bantu > Nuclear Southern Bantu > Dimsuffix Southern Bantu > Nguni-Tsonga-Copi > Nguni (S.40) > Nuclear Nguni > Southern Ndebele-Lowland,Atlantic-Congo > Volta-Congo > Benue-Congo > Bantoid > East Bantu > Southern Bantu > Nuclear Southern Bantu > Nguni-Tsonga-Copi > Nguni (S.40),2.0902,67.3581,1.4241,2.4923,56.4895,1.3551,2.9534,47.67,1.2796,4.7904,29.3902,1.0593,2.8417,49.5446,1.2292,3.1673,44.4514,1.229,3.8355,36.7071,1.1984,5.647,24.9318,1.0527,1.6414,85.7743,1.4374,1.8435,76.3701,1.4106,2.1159,66.5396,1.4016,2.8231,49.8706,1.3572,2.4265,58.0221,1.3048,2.6934,52.2718,1.298,3.3062,42.5838,1.2376,4.8537,29.007,1.0517
